n,x
0.0,0.5
1.0,0.975
2.0,0.09506250000000008
3.0,0.33549992226562525
4.0,0.8694649252590003
5.0,0.44263310911310905
6.0,0.962165255336889
7.0,0.1419727793616139
8.0,0.4750843861996143
9.0,0.9725789275369049
10.0,0.1040097132674683
11.0,0.36344760197260056
12.0,0.90227842611257
13.0,0.34387106474913476
14.0,0.8799326467519814
15.0,0.4120396173349332
16.0,0.9448255872175185
17.0,0.20330776813070028
18.0,0.6316975062388134
19.0,0.907357490716863
20.0,0.3278335115517574
21.0,0.8593989309960643
22.0,0.4712463927556561
23.0,0.9717755972747083
24.0,0.10696836468275975
25.0,0.3725519211954379
26.0,0.9116522501152019
27.0,0.3141154574028559
28.0,0.8402430536114569
29.0,0.5235151914296899
30.0,0.9728434395108977
31.0,0.10303441867486574
32.0,0.360431476248473
33.0,0.8990304459934958
34.0,0.35402134236390415
35.0,0.8918919029075777
36.0,0.376040872098363
37.0,0.9150731249784758
38.0,0.3030857735903501
39.0,0.8237766710062077
40.0,0.566157802517338
41.0,0.9579302661476999
42.0,0.15716949824899712
43.0,0.516622263569707
44.0,0.9739224313798948
45.0,0.09905036323637888
46.0,0.3480336162385691
47.0,0.8849342510052466
48.0,0.3971199273718163
49.0,0.9337211935584767
50.0,0.24135511240702046
51.0,0.7141010062758585
52.0,0.7962269605354927
53.0,0.6327733926224242
54.0,0.9062477822249732
55.0,0.33135468380543404
56.0,0.8640791535699761
57.0,0.458040842749502
58.0,0.9681337735790292
59.0,0.1203180031351671
60.0,0.4127821669012588
61.0,0.9453328933992844
62.0,0.20154659482082424
63.0,0.6276097032541235
64.0,0.9114914781780388
65.0,0.3146315772087253
66.0,0.8409903365443133
67.0,0.5215298024952442
68.0,0.9731922236576114
69.0,0.10174756593286385
70.0,0.3564404951624454
71.0,0.8946236074261049
72.0,0.367661613001829
73.0,0.906697550174217
74.0,0.3299287004609318
75.0,0.8621954369850608
76.0,0.4633764151660832
77.0,0.9697689808322603
78.0,0.114336708126496
79.0,0.3949289186750406
80.0,0.9319442646898946
81.0,0.24735419358587463
82.0,0.7260633763552895
83.0,0.7756918644963023
84.0,0.6785765838171546
85.0,0.8506305744775596
86.0,0.4955269809419923
87.0,0.974921969191976
88.0,0.09535158039738144
89.0,0.33641266040110224
90.0,0.8706328110595242
91.0,0.4392621455278487
92.0,0.960612560833067
93.0,0.14756066833093617
94.0,0.49056741822138816
95.0,0.9746530029638603
96.0,0.09634765443181968
97.0,0.33955265727749473
98.0,0.874600935831819
99.0,0.4277291416083092
100.0,0.9546299998065798
101.0,0.16891509677589003
102.0,0.5474928687426188
103.0,0.9662032669325259
104.0,0.12735260421561603
105.0,0.43342228181895515
106.0,0.9577128890230409
107.0,0.15794575376650777
108.0,0.5186956812711861
109.0,0.9736368388570442
110.0,0.10010576502227468
111.0,0.35132994324316125
112.0,0.8887991354732815
113.0,0.3854574057953927
114.0,0.9238319770402267
115.0,0.27442917542887374
116.0,0.7765594320989785
117.0,0.676708034016653
118.0,0.8532196557844807
119.0,0.4884199115932226
120.0,0.9744770160547157
121.0,0.09699908881967091
122.0,0.3416020357925156
123.0,0.8771493312462054
124.0,0.42025768956810605
125.0,0.9502005393152354
126.0,0.1845459501610576
127.0,0.5869060955168192
128.0,0.9455445891918839
129.0,0.20081107426315814
130.0,0.6258953481940946
131.0,0.9131864090820419
132.0,0.3091802662645615
133.0,0.8329925339468318
134.0,0.5425522921091054
135.0,0.9679382795014193
136.0,0.12103168965128117
137.0,0.41489377703060476
138.0,0.946752030166346
139.0,0.19660923181476822
140.0,0.6160207629419023
141.0,0.9225028120088777
142.0,0.2788163579939046
143.0,0.7842034063847857
144.0,0.6599908528172089
145.0,0.8751714153578065
146.0,0.42606099548383886
147.0,0.9536787920835206
148.0,0.17228465909318705
149.0,0.5561503558038924
150.0,0.9627038364180756
151.0,0.14003012307957963
152.0,0.4696445820685999
153.0,0.971406339548619
154.0,0.10832664583015134
155.0,0.37670873617002715
156.0,0.9157171306265112
157.0,0.30099914248427495
158.0,0.8205547689612238
159.0,0.574254096375244
160.0,0.9534966837688342
161.0,0.17292895546161285
162.0,0.5577956741158165
163.0,0.9619726742086435
164.0,0.1426668683096066
165.0,0.4770208286857102
166.0,0.9729406349742631
167.0,0.10267590758154928
168.0,0.35932090577703224
169.0,0.897816630549561
170.0,0.3577935209869571
171.0,0.8961315375741805
172.0,0.36301123926255086
173.0,0.9018129097833097
174.0,0.34533090357273216
175.0,0.881702135380453
176.0,0.40678357139940924
177.0,0.9411117200119088
178.0,0.216139756825728
179.0,0.6607511131456684
180.0,0.8742204105274712
181.0,0.4288404289441385
182.0,0.9552516302438685
183.0,0.16670921732517013
184.0,0.5417772913175973
185.0,0.9681931659276418
186.0,0.12010112157674145
187.0,0.41213968447372584
188.0,0.9448942033269317
189.0,0.20306967659976938
190.0,0.6311462938771943
191.0,0.9079225334488786
192.0,0.3260369061481291
193.0,0.8569736837121922
194.0,0.4780221776340963
195.0,0.9731162037638059
196.0,0.10202812517088701
197.0,0.3573117086955032
198.0,0.895596200945952
199.0,0.3646642186088067
200.0,0.9035684824734169
201.0,0.33981667182100317
202.0,0.8749310753566493
203.0,0.42676408605443567
204.0,0.9540823535433757
205.0,0.17085594318198424
206.0,0.5524903404593774
207.0,0.9642545802179886
208.0,0.13442397051181482
209.0,0.45378124998824887
210.0,0.9666689258746698
211.0,0.1256584431296296
212.0,0.4284867553194822
213.0,0.9550548377575312
214.0,0.16740786907052113
215.0,0.5435916503307746
216.0,0.9675890952836138
217.0,0.12230570809022095
218.0,0.41865338524920537
219.0,0.9491926402474846
220.0,0.18808129059522605
221.0,0.5955562030207147
222.0,0.9393891470506295
223.0,0.22205499207106918
224.0,0.6737116330128077
225.0,0.857314647368492
226.0,0.47707234682612765
227.0,0.9729498586077606
228.0,0.10264188184730702
229.0,0.35921545115878684
230.0,0.8977008721495466
231.0,0.3581526635368108
232.0,0.8965293992393653
233.0,0.3617812986015855
234.0,0.90049280327657
235.0,0.34946150664233094
236.0,0.8866188318686516
237.0,0.3920509274936252
238.0,0.9295532912055523
239.0,0.25538748305646414
240.0,0.7416423945627386
241.0,0.7472749172849443
242.0,0.7365349495987233
243.0,0.7567997487114847
244.0,0.7178101673407014
245.0,0.7899790509117611
246.0,0.6470573851260256
247.0,0.8906590893715935
248.0,0.3798033559762934
249.0,0.9186557903852095
250.0,0.29143658379004855
251.0,0.8053550755334549
252.0,0.6113572835992365
253.0,0.926638266018657
254.0,0.26512118087751546
255.0,0.759844567277746
256.0,0.7116751233393397
257.0,0.8002552044211738
258.0,0.6234025676501965
259.0,0.9156100445596208
260.0,0.301346334358485
261.0,0.8210932123960377
262.0,0.5729066809174528
263.0,0.9542700019226428
264.0,0.1701911848774883
265.0,0.5507819673231911
266.0,0.9649426479996667
267.0,0.1319305028771264
268.0,0.4466468966220883
269.0,0.963898440803789
270.0,0.13571312281727274
271.0,0.4574507773385807
272.0,0.9679392982385449
273.0,0.12102797133967087
274.0,0.4148827858229912
275.0,0.9467447334179063
276.0,0.19663465833711888
277.0,0.6160809309632772
278.0,0.9224483481201257
279.0,0.27899583336525074
280.0,0.7845129174873119
281.0,0.6593043591531464
282.0,0.8760262725037408
283.0,0.4235565453090757
284.0,0.9522099531161747
285.0,0.1774740173804015
286.0,0.5693102630875235
287.0,0.9562647409798791
288.0,0.16310769594039884
289.0,0.5323639443151116
290.0,0.9709150429226366
291.0,0.11013218716176804
292.0,0.38221204519966
293.0,0.9208913910454168
294.0,0.2841167040810306
295.0,0.7932381699183346
296.0,0.639644365241489
297.0,0.8989478598995762
298.0,0.3542783598180378
299.0,0.892184293972447
300.0,0.3751467702891997
301.0,0.9142055170200502
302.0,0.3058917797135965
303.0,0.8280557953872557
304.0,0.5552796409400566
305.0,0.9630822290603999
306.0,0.13866391160096028
307.0,0.46580130175987733
308.0,0.970438751250856
309.0,0.11188078715398744
310.0,0.38751755881718725
311.0,0.9256560316596647
312.0,0.2683860765758114
313.0,0.7657844628566111
314.0,0.6994986152856886
315.0,0.819781179746462
316.0,0.5761859886118477
317.0,0.9523632110430181
318.0,0.17693334864991436
319.0,0.5679489612632246
320.0,0.9569934607866704
321.0,0.16051220951306572
322.0,0.5255173564301676
323.0,0.9724605716311815
324.0,0.10444593219035517
325.0,0.3647942198130473
326.0,0.903705648315746
327.0,0.3393848231200567
328.0,0.8743907833277156
329.0,0.42834301130111213
330.0,0.954974576285369
331.0,0.167692726242401
332.0,0.5443303156503894
333.0,0.9673358101459136
334.0,0.12322923816552402
335.0,0.4213707928040074
336.0,0.9508880463253457
337.0,0.18212988175556022
338.0,0.5809384929163369
339.0,0.949450945421285
340.0,0.18717600587366087
341.0,0.5933504799254921
342.0,0.9410141828009531
343.0,0.21647531321678948
344.0,0.6614936327394813
345.0,0.8732872456799616
346.0,0.4315608656294051
347.0,0.9567327310577542
348.0,0.161441328284048
349.0,0.527974300643128
350.0,0.9719480101637586
351.0,0.10633379523962819
352.0,0.3706049849953036
353.0,0.9097020273585441
354.0,0.32036257023536524
355.0,0.8491485359274681
356.0,0.49957166945285153
357.0,0.9749992844784752
358.0,0.09506515100525281
359.0,0.335508295471445
360.0,0.8694756686510332
361.0,0.4426021480720005
362.0,0.9621513977168007
363.0,0.14202273379478927
364.0,0.4752238798329504
365.0,0.9726059610909248
366.0,0.10391006161116081
367.0,0.36313976675778975
368.0,0.9019501785718624
369.0,0.3449006103895868
370.0,0.8811822994356612
371.0,0.4083302129280736
372.0,0.9422269355389319
373.0,0.21229781618699697
374.0,0.6521870683739932
375.0,0.884672475256945
376.0,0.3979056384408105
377.0,0.9343492912175038
378.0,0.23922870355352321
379.0,0.7097934907035325
380.0,0.8033480959078646
381.0,0.6161217375653846
382.0,0.9224113940527041
383.0,0.2791175952803594
384.0,0.7847227568125485
385.0,0.6588385118369431
386.0,0.8766042759139585
387.0,0.4218599555169597
388.0,0.951187120447935
389.0,0.18107771113341245
390.0,0.5783254372899779
391.0,0.9510739909060016
392.0,0.18147579343971615
393.0,0.5793150863570523
394.0,0.9504655565970761
395.0,0.18361505104677708
396.0,0.5846121998958794
397.0,0.9470790249522408
398.0,0.19546934724623913
399.0,0.6133182179801365
400.0,0.9249200277478444
401.0,0.27082758307320737
402.0,0.770172012947736
403.0,0.6903276253370967
404.0,0.8337240406308127
405.0,0.5406502323496702
406.0,0.9685554785786796
407.0,0.11877747762622752
408.0,0.40821061489641636
409.0,0.9421413642509934
410.0,0.21259295467125455
411.0,0.6528490421520617
412.0,0.8838849642214692
413.0,0.400266103554257
414.0,0.9362072846090244
415.0,0.23292049893068434
416.0,0.6968073064234052
417.0,0.8239408481396193
418.0,0.565743074935678
419.0,0.9581436075822071
420.0,0.15640729584308655
421.0,0.5145818092355451
422.0,0.9741707462737308
423.0,0.09813220317503153
424.0,0.3451588681126789
425.0,0.8814944731158275
426.0,0.4074016712301009
427.0,0.9415596430851845
428.0,0.21459781823408955
429.0,0.657327819108707
430.0,0.878467033604542
431.0,0.41637454745085595
432.0,0.9477264563752081
433.0,0.19320997902062548
434.0,0.6079315438071523
435.0,0.9295680492204785
436.0,0.2553380352467589
437.0,0.7415480397120269
438.0,0.7474527235939806
439.0,0.736191883385092
440.0,0.7574322374697121
441.0,0.7165417081342172
442.0,0.7921277856894303
443.0,0.642179291629942
444.0,0.8961616912232707
445.0,0.36291806618775985
446.0,0.9017133193469568
447.0,0.34564299533107473
448.0,0.8820782689275859
449.0,0.4056631660118674
450.0,0.9402921908370724
451.0,0.218956868082775
452.0,0.6669575562084133
453.0,0.8662881802571666
454.0,0.4517485791151844
455.0,0.9659200214921259
456.0,0.12838228093383022
457.0,0.4364110564166235
458.0,0.9592301403904057
459.0,0.1525199448123324
460.0,0.5041046838624242
461.0,0.9749342911245192
462.0,0.09530593454479659
463.0,0.3362685822028242
464.0,0.8704488890218939
465.0,0.4397937204275338
466.0,0.960863295210164
467.0,0.146659590199314
468.0,0.4880871637273448
469.0,0.9744465288945697
470.0,0.09711191575758742
471.0,0.3419566471443668
472.0,0.8775869646107842
473.0,0.41896952820845607
474.0,0.9493928443008353
475.0,0.18737967881570042
476.0,0.593847285652239
477.0,0.9406514792052576
478.0,0.21772246810945187
479.0,0.6642456404601442
480.0,0.8697911414003644
481.0,0.44169259579308123
482.0,0.9617409617971387
483.0,0.14350160837474768
484.0,0.4793446973975721
485.0,0.9733360980501682
486.0,0.10121645930230211
487.0,0.3547895819075693
488.0,0.8927643444619439
489.0,0.37337106190558006
490.0,0.9124639369446101
491.0,0.3115066528085954
492.0,0.8364340064518643
493.0,0.533567421280713
494.0,0.9706055900913961
495.0,0.11126847644144247
496.0,0.3856624301081863
497.0,0.9240149884338149
498.0,0.27382402937554007
499.0,0.7754932782171254
500.0,0.6790034692630079
501.0,0.8500352561680488
502.0,0.49715374581353705
503.0,0.9749684054647135
504.0,0.0951795538601992
505.0,0.3358695849099733
506.0,0.8699387066852646
507.0,0.44126687785453156
508.0,0.9615466394158774
509.0,0.1442013286112493
510.0,0.4812884912081991
511.0,0.9736345298110638
512.0,0.10011429546554482
513.0,0.3513565509050314
514.0,0.8888299876604908
515.0,0.38536383871417595
516.0,0.9237483470500369
517.0,0.27470561965220963
518.0,0.7770455245164501
519.0,0.6756585316470796
520.0,0.8546619130124086
521.0,0.4844382170876771
522.0,0.9740555405590999
523.0,0.09855824341435628
524.0,0.3464936126707878
525.0,0.8830995772916221
526.0,0.40261538412802367
527.0,0.9380133227067237
528.0,0.22676288361252067
529.0,0.6838317650901948
530.0,0.8432029403609113
531.0,0.5156257927377367
532.0,0.9740477549451375
533.0,0.09858703152275193
534.0,0.346583752079307
535.0,0.8832074740083522
536.0,0.40229292427013846
537.0,0.9377679766740444
538.0,0.22760087453498182
539.0,0.6856149941389837
540.0,0.8406335884080616
541.0,0.5224781579481644
542.0,0.9730294564195037
543.0,0.10234822010192862
544.0,0.35830494158119364
545.0,0.8966977906367951
546.0,0.3612603653251533
547.0,0.8999301237041313
548.0,0.35121799500059314
549.0,0.8886692684545902
550.0,0.38585117905999755
551.0,0.9241831820442283
552.0,0.2732676494762489
553.0,0.7745105207813018
554.0,0.6811114985234761
555.0,0.8470746379000657
556.0,0.5052028633334994
557.0,0.9748944278312184
558.0,0.0954536014179529
559.0,0.3367346244377523
560.0,0.871043226855821
561.0,0.43807500283723694
562.0,0.960044649432928
563.0,0.14959979005972407
564.0,0.49615680220786107
565.0,0.9749423963398489
566.0,0.09527590861995128
567.0,0.3361737984407165
568.0,0.8703278051623623
569.0,0.44014353522214694
570.0,0.9610270941347606
571.0,0.14607067204726842
572.0,0.48646272017821834
573.0,0.9742852940146045
574.0,0.09770849353777261
575.0,0.3438300209305715
576.0,0.8798826567860716
577.0,0.4121877515853074
578.0,0.9449271352105897
579.0,0.2029553929778608
580.0,0.6308815556123453
581.0,0.908193071761921
582.0,0.32517582304571213
583.0,0.8558023778937979
584.0,0.4812782047519643
585.0,0.9736330280924933
586.0,0.10011984332974826
587.0,0.3513738551753622
588.0,0.8888500493908065
589.0,0.38530299244619276
590.0,0.9236939261869873
591.0,0.2748854819577974
592.0,0.7773614696898445
593.0,0.6749753990128089
594.0,0.8555960779872024
595.0,0.48185057434846595
596.0,0.9737153335592257
597.0,0.09981575272839904
598.0,0.35042501611908233
599.0,0.8877465643683906
600.0,0.3886451470999871
601.0,0.9266403772689042
602.0,0.2651141550870035
603.0,0.7598316954520802
604.0,0.7117012111501401
605.0,0.8002121290704989
606.0,0.6235034424799366
607.0,0.9155129088128595
608.0,0.3016611881785175
609.0,0.821580691328446
610.0,0.571684849962403
611.0,0.9549590009148843
612.0,0.16774799919746824
613.0,0.5444735710545864
614.0,0.9672861957628454
615.0,0.12341008387300229
616.0,0.4219021367786972
617.0,0.9512128226650399
618.0,0.1809872557843242
619.0,0.5781003892091369
620.0,0.9512112839009873
621.0,0.18099267139364827
622.0,0.5781138647522126
623.0,0.9512030741205448
624.0,0.1810215650262635
625.0,0.5781857562846524
626.0,0.9511592513053679
627.0,0.18117578685016145
628.0,0.5785693723266065
629.0,0.950924729555592
630.0,0.18200086427334308
631.0,0.580618543740687
632.0,0.9496525365800106
633.0,0.18646912575393274
634.0,0.5916237244885373
635.0,0.9422598631323096
636.0,0.21218423250254412
637.0,0.6519321275214166
638.0,0.8849748516445824
639.0,0.3969980180448038
640.0,0.9336233076818754
641.0,0.2416862254366155
642.0,0.7147685760961862
643.0,0.7951103890143051
644.0,0.6353484473537195
645.0,0.9035551114158559
646.0,0.339858760995531
647.0,0.8749836559234427
648.0,0.4266103053821275
649.0,0.9539944156231922
650.0,0.17116737527352924
651.0,0.5532895091704502
652.0,0.9639248900282528
653.0,0.13561741600786695
654.0,0.4571787966845428
655.0,0.9678487437318034
656.0,0.12135845665543603
657.0,0.4158592684492221
658.0,0.9473893154469896
659.0,0.19438692165310884
660.0,0.6107425207390141
661.0,0.9271707669914392
662.0,0.26334802972898774
663.0,0.756583795370707
664.0,0.7182425482173364
665.0,0.789243741575654
666.0,0.6487184260413335
667.0,0.8887430360475749
668.0,0.3856275225056042
669.0,0.9239838519279963
670.0,0.2739270038867659
671.0,0.775674901670704
672.0,0.678613059496506
673.0,0.8505797624114607
674.0,0.49566593773134265
675.0,0.9749267420265806
676.0,0.09533389986126932
677.0,0.3363568548541921
678.0,0.8705615920824734
679.0,0.43946801524588003
680.0,0.9607099274047352
681.0,0.1472108148838223
682.0,0.48960518437374684
683.0,0.9745785964515753
684.0,0.09662310758120608
685.0,0.34041962238397133
686.0,0.8756830020117102
687.0,0.4245628997979304
688.0,0.9528060512611013
689.0,0.17537005177118273
690.0,0.5640000471805261
691.0,0.9590255764474727
692.0,0.15325252865155517
693.0,0.5060881453424918
694.0,0.974855444496526
695.0,0.09559799664482638
696.0,0.33719017676105634
697.0,0.8716225496819252
698.0,0.4363970542148296
699.0,0.9592231946210498
700.0,0.15254482433594604
701.0,0.5041721135266195
702.0,0.9749321145280119
703.0,0.09531399770081052
704.0,0.33629403421809156
705.0,0.8704813913929093
706.0,0.4396998006631385
707.0,0.9608191552437456
708.0,0.14681825402571863
709.0,0.4885243518111769
710.0,0.9744864070447208
711.0,0.09696433316618702
712.0,0.34149277991331245
713.0,0.8770142986035224
714.0,0.4206548527291267
715.0,0.9504469556577974
716.0,0.18368040654062714
717.0,0.5847734676954186
718.0,0.9469724907820859
719.0,0.19584081068782674
720.0,0.61420003147215
721.0,0.9241375759658639
722.0,0.2734185349498241
723.0,0.774777274813292
724.0,0.6805400520601044
725.0,0.8478806294483258
726.0,0.503018363853083
727.0,0.9749644689706366
728.0,0.0951941375402206
729.0,0.33591563350095727
730.0,0.8699976506153705
731.0,0.44109678030251426
732.0,0.9614686017661518
733.0,0.14448224537757196
734.0,0.48206779197808547
735.0,0.9737459000702892
736.0,0.09970280644970722
737.0,0.3500724116594618
738.0,0.8873347011921214
739.0,0.389890134084399
740.0,0.9277156879693886
741.0,0.26153123203300305
742.0,0.75321732214678
743.0,0.7249358522827739
744.0,0.7776750631955062
745.0,0.6742965811895494
746.0,0.8565207369639758
747.0,0.479282560047188
748.0,0.9733260719590264
749.0,0.1012534754549703
750.0,0.35490471573671406
751.0,0.8928946980897694
752.0,0.3729716492305009
753.0,0.9120688125930464
754.0,0.3127772453838115
755.0,0.8382957966003131
756.0,0.5286682206099825
757.0,0.9717947191955237
758.0,0.10689799746294593
759.0,0.37233618084529596
760.0,0.9114376021874566
761.0,0.31480448807432115
762.0,0.8412402272140844
763.0,0.5208649185904322
764.0,0.973302155171637
765.0,0.1013417726485463
766.0,0.3551793092834869
767.0,0.8932051734075289
768.0,0.3720197972616649
769.0,0.9111221640575131
770.0,0.31581640826060237
771.0,0.8426979776825021
772.0,0.5169765747600608
773.0,0.9738760040467227
774.0,0.09922197787597076
775.0,0.3485702102311694
776.0,0.8855691732052143
777.0,0.395212009428005
778.0,0.9321759604243457
779.0,0.2465733630020481
780.0,0.7245222646736424
781.0,0.7784000353966936
782.0,0.6727243391353671
783.0,0.8586485804139777
784.0,0.4733476634914503
785.0,0.9722296465386766
786.0,0.10529672762683057
787.0,0.3674163744338553
788.0,0.9064441707037718
789.0,0.3307322307936005
790.0,0.8632588470007674
791.0,0.460367739295125
792.0,0.9688742072545412
793.0,0.11761221330855959
794.0,0.4047403642979638
795.0,0.9396098470430698
796.0,0.22129841129279815
797.0,0.6720691553631186
798.0,0.8595296025132295
799.0,0.4708800131750488
800.0,0.9716929028325272
801.0,0.10727264112795387
802.0,0.37348436421420966
803.0,0.9125757962166974
804.0,0.31114672826701695
805.0,0.8359043228474174
806.0,0.53495631498043
807.0,0.9702344185676569
808.0,0.1126304072179168
809.0,0.3897847144925878
810.0,0.9276251042780264
811.0,0.2618334037457076
812.0,0.753779022471715
813.0,0.7238252102378729
814.0,0.7796188735216907
815.0,0.6700718137247968
816.0,0.8621947548877961
817.0,0.46337834217390034
818.0,0.9697695312944653
819.0,0.1143346911227757
820.0,0.39492285116167714
821.0,0.931939291888835
822.0,0.24737094767803017
823.0,0.7260963914993234
824.0,0.7756336448288402
825.0,0.6787017659696382
826.0,0.8504561474733974
827.0,0.49600390592260696
828.0,0.974937721805286
829.0,0.09529322558497842
830.0,0.33622846429609643
831.0,0.8703976479634216
832.0,0.4399417712943444
833.0,0.9609327357424827
834.0,0.1464099511717073
835.0,0.4873989017414617
836.0,0.9743807280584468
837.0,0.09735540690227806
838.0,0.3427215934317627
839.0,0.8785276610266894
840.0,0.4161955583668884
841.0,0.9476095806939933
842.0,0.1936180867566954
843.0,0.6089074806257514
844.0,0.9287427265886312
845.0,0.25810073014965024
846.0,0.7467904986588838
847.0,0.737468354109628
848.0,0.7550742451062109
849.0,0.7212548049856369
850.0,0.7840806139559944
851.0,0.6602629986201026
852.0,0.8748315079658426
853.0,0.42705522848060457
854.0,0.9542483352011344
855.0,0.17026795487129162
856.0,0.5509794358194338
857.0,0.9648642787817756
858.0,0.13221468901952846
859.0,0.44746246360529157
860.0,0.9642352483513413
861.0,0.13449397333385688
862.0,0.45398084343584183
863.0,0.9667407251935816
864.0,0.12539707223850136
865.0,0.4277233213988023
866.0,0.9546267187484787
867.0,0.16892673173996736
868.0,0.5475229150701197
869.0,0.9661921329186289
870.0,0.1273930912986397
871.0,0.433539957193263
872.0,0.957773944569494
873.0,0.15772776112581458
874.0,0.518113886534605
875.0,0.9737203597469848
876.0,0.09979718096863054
877.0,0.3503670441934453
878.0,0.8876789162927153
879.0,0.38884972566221265
880.0,0.926817904407075
881.0,0.2645232582624566
882.0,0.7587477459926141
883.0,0.7138934553805925
884.0,0.7965734000068669
885.0,0.6319724517926308
886.0,0.9070747606745827
887.0,0.3287315429647517
888.0,0.8606017509365846
889.0,0.46786887116373055
890.0,0.9709736031828575
891.0,0.10991707390932941
892.0,0.38155771201290767
893.0,0.9202885552238924
894.0,0.28609436835647123
895.0,0.7965530849296137
896.0,0.6320194444930443
897.0,0.9070263784754172
898.0,0.328885156178227
899.0,0.8608068698730159
900.0,0.4672917703445026
901.0,0.9708276696799327
902.0,0.11045309130868021
903.0,0.38318750312324257
904.0,0.9217838782363283
905.0,0.28118360423369637
906.0,0.7882656012809931
907.0,0.6509214781606193
908.0,0.8861685589762734
909.0,0.3934079918269348
910.0,0.9306887607951694
911.0,0.2515780461664133
912.0,0.7343174781286629
913.0,0.7608717458293519
914.0,0.7095891356889894
915.0,0.8036823373844554
916.0,0.6153304480467839
917.0,0.9231256622379794
918.0,0.27676222842711823
919.0,0.780643099638378
920.0,0.6678338574389174
921.0,0.8651440055589752
922.0,0.4550124352969537
923.0,0.967106864186148
924.0,0.12406359197771562
925.0,0.4238200867808798
926.0,0.9523668212055165
927.0,0.17692061038242335
928.0,0.567916861216903
929.0,0.9570104698535314
930.0,0.16045157873259225
931.0,0.5253567914977629
932.0,0.9724924291872621
933.0,0.10432852700680847
934.0,0.36443193329165263
935.0,0.9033230672269482
936.0,0.3405889634263218
937.0,0.8758936735321712
938.0,0.4239453901741091
939.0,0.9524412156645029
940.0,0.1766580908353044
941.0,0.567255038133146
942.0,0.9573593633982653
943.0,0.15920740957654056
944.0,0.5220556002186261
945.0,0.973102846946085
946.0,0.10207741522488632
947.0,0.3574647044509806
948.0,0.8957663891387393
949.0,0.36413896438952753
950.0,0.9030129381111146
951.0,0.34156422968868294
952.0,0.8771026160748524
953.0,0.42039510610305963
954.0,0.9502859373838618
955.0,0.18424604091791388
956.0,0.5861678055635544
957.0,0.9460429262090099
958.0,0.1990782611177247
959.0,0.6218398175654641
960.0,0.9171047295368963
961.0,0.29649221393201525
962.0,0.8134798659378587
963.0,0.5917484572411703
964.0,0.9421706603160741
965.0,0.21249191790702335
966.0,0.6526225006517509
967.0,0.8841548519497446
968.0,0.39945769392153213
969.0,0.9355758542848522
970.0,0.23506733313968256
971.0,0.7012616599180923
972.0,0.8170256025633552
973.0,0.5830295925454321
974.0,0.9481137383707842
975.0,0.19185690218510554
976.0,0.6046865419492575
977.0,0.9322588389453547
978.0,0.24629395499909434
979.0,0.7239696466469938
980.0,0.7793666297852008
981.0,0.6706217160335883
982.0,0.8614640970692388
983.0,0.4654404554666878
984.0,0.970341987738435
985.0,0.11223581682400546
986.0,0.38859185915882966
987.0,0.9265940820018244
988.0,0.2652682078839809
989.0,0.7601138445030077
990.0,0.711129072801674
991.0,0.8011556070098312
992.0,0.6212906714295063
993.0,0.9176254347943001
994.0,0.2947970852301999
995.0,0.8107778787029147
996.0,0.5983267294247739
997.0,0.9372942316944465
998.0,0.22921764421437868
999.0,0.6890399716012378
1000.0,0.8356291676343125
1001.0,0.5356769411490844
1002.0,0.9700359078939547
1003.0,0.1133583566321925
1004.0,0.3919821344939805
1005.0,0.9294953488529417
1006.0,0.2555816067233906
1007.0,0.7420126312095147
1008.0,0.746576556706685
1009.0,0.7378800065624324
1010.0,0.7543110996636427
1011.0,0.7227708718926882
1012.0,0.7814552406810689
1013.0,0.6660534952233302
1014.0,0.8674623232240503
1015.0,0.4483886199420561
1016.0,0.9646114352492062
1017.0,0.13313123551912334
1018.0,0.4500885076282727
1019.0,0.9652844874239853
1020.0,0.13069034847413707
1021.0,0.44308048703039815
1022.0,0.9623646592688829
1023.0,0.14125379525076218
1024.0,0.47307452625426993
1025.0,0.9721725735679151
1026.0,0.10550693700398207
1027.0,0.36806337066727735
1028.0,0.907111630777247
1029.0,0.328614468334973
1030.0,0.8604452981899945
1031.0,0.4683088293496312
1032.0,0.971083111840956
1033.0,0.10951473677914134
1034.0,0.3803329109086132
1035.0,0.919151172374737
1036.0,0.28981794931784577
1037.0,0.802711671727073
1038.0,0.617626010820783
1039.0,0.9210400741557173
1040.0,0.2836284982242975
1041.0,0.7924151555553759
1042.0,0.6415241695259488
1043.0,0.8968865468159629
1044.0,0.36067616893035187
1045.0,0.8992965933746969
1046.0,0.3531926990255116
1047.0,0.8909457038842852
1048.0,0.3789296807962411
1049.0,0.9178337134508098
1050.0,0.2941184528252357
1051.0,0.8096898752784087
1052.0,0.6009595064851702
1053.0,0.9352479943960563
1054.0,0.23618081515942105
1055.0,0.7035578070692045
1056.0,0.8134004548065884
1057.0,0.5919426042153918
1058.0,0.9420315743673581
1059.0,0.21297154032302767
1060.0,0.6536971870083121
1061.0,0.8828709813523545
1062.0,0.4032982653893114
1063.0,0.9385302206408075
1064.0,0.22499585778042633
1065.0,0.6800536148720984
1066.0,0.8485647135088114
1067.0,0.501160297936429
1068.0,0.974994749463925
1069.0,0.09508195312864237
1070.0,0.3355613637397516
1071.0,0.8695437461289919
1072.0,0.44240593681810964
1073.0,0.9620634031561814
1074.0,0.14233990470853972
1075.0,0.47610909932080386
1076.0,0.9727739769724733
1077.0,0.1032905901207622
1078.0,0.36122441204174094
1079.0,0.8998912111286741
1080.0,0.35133937512196456
1081.0,0.888810072582401
1082.0,0.3854242370880256
1083.0,0.9238023387572422
1084.0,0.27452715288917784
1085.0,0.7767317813413852
1086.0,0.6763361326629327
1087.0,0.8537317164381744
1088.0,0.4870081038642417
1089.0,0.9743417214757109
1090.0,0.09749973194309068
1091.0,0.3431747834350529
1092.0,0.879082820652494
1093.0,0.4145552388359814
1094.0,0.9465268518795328
1095.0,0.1973937051471598
1096.0,0.6178747782302001
1097.0,0.9208115929630064
1098.0,0.28437865258895434
1099.0,0.7936789947085161
1100.0,0.6386353274612819
1101.0,0.9000429593208422
1102.0,0.35086595972150963
1103.0,0.8882602483178332
1104.0,0.38709052034708047
1105.0,0.9252806526775772
1106.0,0.2696318291867224
1107.0,0.7680289729169638
1108.0,0.6948258317406022
1109.0,0.8269672916176719
1110.0,0.5580603218275968
1111.0,0.961853096214176
1112.0,0.14309769831777833
1113.0,0.4782209135103364
1114.0,0.9731501184275355
1115.0,0.10190296518483556
1116.0,0.3569231283983576
1117.0,0.8951631343694798
1118.0,0.36599977921762494
1119.0,0.9049713692380715
1120.0,0.33539294138002196
1121.0,0.8693276133846686
1122.0,0.4430287445671806
1123.0,0.9623416766121929
1124.0,0.14133667886296297
1125.0,0.4733064260767075
1126.0,0.9722210671336867
1127.0,0.10532832864497634
1128.0,0.36751366013634557
1129.0,0.9065447420231758
1130.0,0.33041335365990676
1131.0,0.8628374405941686
1132.0,0.46156106764198546
1133.0,0.9692375490687862
1134.0,0.11628287792128189
1135.0,0.40076856387214194
1136.0,0.9365971761276111
1137.0,0.23159333260984347
1138.0,0.6940356575119885
1139.0,0.8281656380941721
1140.0,0.554998524499555
1141.0,0.9632031329812001
1142.0,0.1382271446259626
1143.0,0.4645695643466117
1144.0,0.9701042684947032
1145.0,0.11310770929793396
1146.0,0.3912259860417013
1147.0,0.9288560341608593
1148.0,0.25772175765889765
1149.0,0.7460748878236136
1150.0,0.7388438833721243
1151.0,0.75251903756532
1152.0,0.7263131291016296
1153.0,0.7752512336252936
1154.0,0.6795233577122407
1155.0,0.8493083197393192
1156.0,0.49913642126748486
1157.0,0.9749970915039136
1158.0,0.09507327594500879
1159.0,0.3355339577697627
1160.0,0.869508591717175
1161.0,0.4425072625240413
1162.0,0.9621088820363298
1163.0,0.14217598645822027
1164.0,0.4756517037981237
1165.0,0.9726879258410562
1166.0,0.10360788657991248
1167.0,0.3622058404315902
1168.0,0.9009498013964589
1169.0,0.34803310136454674
1170.0,0.8849336407045753
1171.0,0.3971217597902918
1172.0,0.9337226639962788
1173.0,0.24135013787028708
1174.0,0.7140909703990939
1175.0,0.7962437199349398
1176.0,0.6327346677565249
1177.0,0.9062878811047034
1178.0,0.33122761490305663
1179.0,0.8639119399118872
1180.0,0.4585155899593113
1181.0,0.9682882705219464
1182.0,0.11975377319710082
1183.0,0.4111099473084168
1184.0,0.9441843782767017
1185.0,0.20553092857026606
1186.0,0.63682306728811
1187.0,0.9019898482057058
1188.0,0.34477623156425896
1189.0,0.881031768679169
1190.0,0.4087776859031746
1191.0,0.9425461087021985
1192.0,0.21119647252291357
1193.0,0.6497108378154879
1194.0,0.8875879936582803
1195.0,0.3891246339706005
1196.0,0.927055947510602
1197.0,0.2637305490137054
1198.0,0.7572893114694762
1199.0,0.7168286197938951
1200.0,0.7916428635892704
1201.0,0.6432833164580558
1202.0,0.8949325757766444
1203.0,0.36671021630265754
1204.0,0.9057119508914712
1205.0,0.3330514703249623
1206.0,0.8662999349134378
1207.0,0.45171499496140377
1208.0,0.9659073773248485
1209.0,0.12842823144169668
1210.0,0.43654424116077317
1211.0,0.9592961300135376
1212.0,0.15228355332289134
1213.0,0.5034637635699573
1214.0,0.9749532091335326
1215.0,0.09523585162165964
1216.0,0.3360473383314718
1217.0,0.8701661464540401
1218.0,0.4406103936755279
1219.0,0.9612442111764344
1220.0,0.14528973285929214
1221.0,0.48430444290137387
1222.0,0.9740392330007187
1223.0,0.09861854174675225
1224.0,0.3466824073849357
1225.0,0.8833254915994126
1226.0,0.4019401132112676
1227.0,0.9374986085516257
1228.0,0.2285203733100264
1229.0,0.687565367939863
1230.0,0.8377950077233769
1231.0,0.5299886777529386
1232.0,0.9714926489058585
1233.0,0.10800925990817366
1234.0,0.37573871276082277
1235.0,0.9147806167252845
1236.0,0.3040324559570712
1237.0,0.8252272145589528
1238.0,0.5624863097498771
1239.0,0.9597722982659853
1240.0,0.15057679161413395
1241.0,0.49882334362117775
1242.0,0.9749946003710881
1243.0,0.09508250551141025
1244.0,0.33556310836262326
1245.0,0.8695459838076867
1246.0,0.442399486821275
1247.0,0.9620605054380353
1248.0,0.1423503483259545
1249.0,0.4761382339639923
1250.0,0.972779402874407
1251.0,0.10327058124910468
1252.0,0.3611624963605493
1253.0,0.8998241755743455
1254.0,0.3515484516425504
1255.0,0.8890523373820755
1256.0,0.3846892872324206
1257.0,0.9231434141320279
1258.0,0.27670363919909524
1259.0,0.7805410674869814
1260.0,0.6680571668677333
1261.0,0.8648514757911242
1262.0,0.45584526239085094
1263.0,0.9673964006720022
1264.0,0.12300835809154312
1265.0,0.4207214775315467
1266.0,0.950488171913354
1267.0,0.18353558716804122
1268.0,0.5844160741026019
1269.0,0.9472083130891058
1270.0,0.19501842634558564
1271.0,0.6122463349519804
1272.0,0.9258629651304064
1273.0,0.26769886622831907
1274.0,0.7645411146687273
1275.0,0.7020701947343263
1276.0,0.8157537819601227
1277.0,0.5861682417937292
1278.0,0.946042633014092
1279.0,0.19907928118203866
1280.0,0.6218422118457176
1281.0,0.9171024541089188
1282.0,0.2964996168276375
1283.0,0.8134916167899364
1284.0,0.5917197241894835
1285.0,0.9421912195589597
1286.0,0.21242100884534368
1287.0,0.6524634630012334
1288.0,0.884344080553719
1289.0,0.39889054819893366
1290.0,0.9351298271503026
1291.0,0.23658193074417644
1292.0,0.7043825910791831
1293.0,0.8120882502086617
1294.0,0.5951436039186134
1295.0,0.9396960090701743
1296.0,0.22100293647026883
1297.0,0.6714264903129699
1298.0,0.8603905378340112
1299.0,0.4684627749348773
1300.0,0.9711210733972481
1301.0,0.1093752433839967
1302.0,0.3799079681228839
1303.0,0.9187538251305405
1304.0,0.2911164123603088
1305.0,0.8048338225776087
1306.0,0.6125977283896196
1307.0,0.9255548310898402
1308.0,0.2687220343707807
1309.0,0.7663909601961976
1310.0,0.6982398396704167
1311.0,0.8217337672730453
1312.0,0.5713007936855464
1313.0,0.9551731675972635
1314.0,0.1669878112479467
1315.0,0.5425012403560106
1316.0,0.9679552138159824
1317.0,0.12096987966350904
1318.0,0.41471105472305025
1319.0,0.9466306036728273
1320.0,0.19703230506509903
1321.0,0.6170212457207478
1322.0,0.9215935093948611
1323.0,0.28180976006088826
1324.0,0.78933277486172
1325.0,0.6485175270241872
1326.0,0.8889759222498174
1327.0,0.38492115444862574
1328.0,0.9233517512955955
1329.0,0.27601584923231365
1330.0,0.7793412907990255
1331.0,0.6706769286934636
1332.0,0.8613906054458886
1333.0,0.4656476381522708
1334.0,0.9703976694183826
1335.0,0.11203152716244087
1336.0,0.3879738099279593
1337.0,0.9260555176779778
1338.0,0.2670591138389864
1339.0,0.7633803198626345
1340.0,0.7044601477253196
1341.0,0.8119645871693478
1342.0,0.5954445757738076
1343.0,0.9394722985258959
1344.0,0.22176998543062687
1345.0,0.673093430071633
1346.0,0.858150791417543
1347.0,0.4747392413672516
1348.0,0.9725113868858624
1349.0,0.10425865812647571
1350.0,0.3642162822953552
1351.0,0.9030948498245908
1352.0,0.34130671397507345
1353.0,0.8767841197853824
1354.0,0.42133153560246295
1355.0,0.9508639635664005
1356.0,0.18221457679306252
1357.0,0.5811484567090318
1358.0,0.9493182190975953
1359.0,0.1876412381491649
1360.0,0.5944848151905517
1361.0,0.9401832168237885
1362.0,0.21933106894398033
1363.0,0.667777309445498
1364.0,0.8652180202973955
1365.0,0.45480161083519977
1366.0,0.9670327119059383
1367.0,0.12433373943816083
1368.0,0.42461195663438894
1369.0,0.9528349073782686
1370.0,0.17526813197288812
1371.0,0.5637419341617272
1372.0,0.9591541667343559
1373.0,0.15279205956486913
1374.0,0.504841919785299
1375.0,0.9749085676698916
1376.0,0.09540122417955459
1377.0,0.3365693393579281
1378.0,0.8708326347321741
1379.0,0.43868431236861644
1380.0,0.9603375071561333
1381.0,0.14854858007057997
1382.0,0.49327940777541845
1383.0,0.9748238511965884
1384.0,0.09571501030587617
1385.0,0.33755922372128655
1386.0,0.872090677387679
1387.0,0.43503925842459495
1388.0,0.9585423980104963
1389.0,0.15498158998445588
1390.0,0.510752957326349
1391.0,0.974549058244077
1392.0,0.09673244614667248
1393.0,0.340763592035699
1394.0,0.876110688876644
1395.0,0.42330892387967156
1396.0,0.9520620674896733
1397.0,0.1779955598341522
1398.0,0.5706212480025679
1399.0,0.9555492933891832
1400.0,0.16565188104120213
1401.0,0.5390242078599828
1402.0,0.9690607336835133
1403.0,0.11692990965350838
1404.0,0.4027034929395299
1405.0,0.9380802198839443
1406.0,0.22653431169109656
1407.0,0.683344417539177
1408.0,0.8439008157731578
1409.0,0.5137556927511706
1410.0,0.974262045576048
1411.0,0.09779449729148798
1412.0,0.3440998610048732
1413.0,0.8802110719790706
1414.0,0.41121420890365146
1415.0,0.9442566248676426
1416.0,0.2052805999187216
1417.0,0.6362478533413524
1418.0,0.902602437593506
1419.0,0.3428539812506917
1420.0,0.878690002285844
1421.0,0.41571614045811495
1422.0,0.9472953009808228
1423.0,0.19471496350985298
1424.0,0.6115240813313174
1425.0,0.9264932792045023
1426.0,0.2656035828942227
1427.0,0.7607274466271005
1428.0,0.7098826744437187
1429.0,0.8032021255765728
1430.0,0.616467037078808
1431.0,0.9220981741689258
1432.0,0.28014921231671075
1433.0,0.7864959615046453
1434.0,0.6548882497619624
1435.0,0.8814375573341362
1436.0,0.4075710204343735
1437.0,0.9416818465721823
1438.0,0.21417687099348998
1439.0,0.6563900418072189
1440.0,0.8796144038117916
1441.0,0.4129823272326104
1442.0,0.9454689060419752
1443.0,0.2010740696240869
1444.0,0.6265088237806894
1445.0,0.9125825182719433
1446.0,0.31112509590388826
1447.0,0.83587245535047
1448.0,0.5350398055737017
1449.0,0.9702116268988931
1450.0,0.11271400112347511
1451.0,0.39003726478942824
1452.0,0.9278419677735377
1453.0,0.2611098773855019
1454.0,0.7524328863371973
1455.0,0.7264827877923393
1456.0,0.7749516326518597
1457.0,0.6801662388380995
1458.0,0.8484064928934383
1459.0,0.5015903712678087
1460.0,0.974990135804999
1461.0,0.0950990464629994
1462.0,0.3356153495168279
1463.0,0.8696129780735488
1464.0,0.4422063611144492
1465.0,0.9619735916870296
1466.0,0.1426635622767642
1467.0,0.4770116140735452
1468.0,0.9729389830387358
1469.0,0.10268200145691675
1470.0,0.3593397913315021
1471.0,0.8978373522196049
1472.0,0.3577292205976867
1473.0,0.8960601987802073
1474.0,0.36323164387451257
1475.0,0.9020482253746541
1476.0,0.34459317544505613
1477.0,0.8808100036388207
1478.0,0.4094365904015454
1479.0,0.9430132484834199
1480.0,0.2095831205058537
1481.0,0.6460663408090418
1482.0,0.8917920339223617
1483.0,0.37634610840441796
1484.0,0.9153678888637454
1485.0,0.3021311159134134
1486.0,0.8223068283702829
1487.0,0.5698614027049671
1488.0,0.9559655992071682
1489.0,0.1641719521246275
1490.0,0.5351561368148444
1491.0,0.9701797795725983
1492.0,0.11283080203614533
1493.0,0.39039004737729943
1494.0,0.9281440673155924
1495.0,0.26010136472759976
1496.0,0.7505497146983154
1497.0,0.7301768778119117
1498.0,0.7683725591909651
1499.0,0.6941070609458385
1500.0,0.8280575506747772
1501.0,0.5552751494365374
1502.0,0.963084165633597
1503.0,0.13865691660379767
1504.0,0.46578158671872816
1505.0,0.9704334907507971
1506.0,0.11190009004207682
1507.0,0.3875759935735425
1508.0,0.9257072868381928
1509.0,0.26821589313817207
1510.0,0.7654768984444323
1511.0,0.7001358639300657
1512.0,0.8187879802789684
1513.0,0.5786594721556587
1514.0,0.9508694810167532
1515.0,0.18219517324196624
1516.0,0.581100359148255
1517.0,0.9493486538094938
1518.0,0.18753457054642303
1519.0,0.5942248860459276
1520.0,0.9403745163135646
1521.0,0.21867411298821665
1522.0,0.66633740665843
1523.0,0.8670942818699775
1524.0,0.4494429740516255
1525.0,0.965031549796296
1526.0,0.1316080650068147
1527.0,0.4457207907047092
1528.0,0.9635096930092844
1529.0,0.137119181497112
1530.0,0.46143829509442885
1531.0,0.969200680167625
1532.0,0.11641781474792866
1533.0,0.4011723579132579
1534.0,0.9369090789223418
1535.0,0.23053078134540064
1536.0,0.6918067267709509
1537.0,0.8315197003051138
1538.0,0.5463692844074693
1539.0,0.966614568907803
1540.0,0.1258562919236423
1541.0,0.42906429425680565
1542.0,0.9553756900377881
1543.0,0.1662686255981725
1544.0,0.5406311419854822
1545.0,0.9685615301737268
1546.0,0.1187553605208972
1547.0,0.4081448469869508
1548.0,0.9420942603733022
1549.0,0.21275539328543308
1550.0,0.6532130900622357
1551.0,0.8834504212309668
1552.0,0.4015665203853969
1553.0,0.93721231535475
1554.0,0.22949702607834058
1555.0,0.6896297502881983
1556.0,0.8347581754419787
1557.0,0.5379541595015538
1558.0,0.9693819789284694
1559.0,0.11575417564305607
1560.0,0.3991850712105851
1561.0,0.9353617655194223
1562.0,0.2357945191828651
1563.0,0.7027623092341276
1564.0,0.8146610392207716
1565.0,0.5888548785463656
1566.0,0.9442087611781913
1567.0,0.20544644832089276
1568.0,0.6366290002535716
1569.0,0.9021968135298671
1570.0,0.344127120427043
1571.0,0.8802442171131744
1572.0,0.4111159078727576
1573.0,0.944188510850192
1574.0,0.20551661063188673
1575.0,0.6367901802064458
1576.0,0.9020249417364434
1577.0,0.3446661902650561
1578.0,0.8808984894575902
1579.0,0.4091737288428116
1580.0,0.9428272950239555
1581.0,0.2102255484488902
1582.0,0.6475199921901887
1583.0,0.890127622426406
1584.0,0.38142170905768646
1585.0,0.9201628367770801
1586.0,0.2865064433066033
1587.0,0.7972399548765732
1588.0,0.6304287959773938
1589.0,0.9086544838015609
1590.0,0.32370590018863127
1591.0,0.8537895224496267
1592.0,0.48684859783897383
1593.0,0.9743254584226759
1594.0,0.09755990201926149
1595.0,0.343363673395289
1596.0,0.8793137386323511
1597.0,0.413872241970519
1598.0,0.9460698362575791
1599.0,0.19898463460643254
1600.0,0.6216200242082105
1601.0,0.9173134218752177
1602.0,0.2958130808989067
1603.0,0.8124000380652139
1604.0,0.5943842432457264
1605.0,0.9402572970450331
1606.0,0.21907669835454568
1607.0,0.6672201845112067
1608.0,0.8659458985789482
1609.0,0.45272603732166
1610.0,0.966284172565479
1611.0,0.12705837461821357
1612.0,0.4325667218246059
1613.0,0.9572657366786278
1614.0,0.1595413796330321
1615.0,0.5229429184895013
1616.0,0.972947127715618
1617.0,0.10265195610363305
1618.0,0.35924667484575024
1619.0,0.8977351556862859
1620.0,0.358046309131703
1621.0,0.8964116836305851
1622.0,0.36214533061654314
1623.0,0.9008847515037933
1624.0,0.34823652244579334
1625.0,0.88517460283455
1626.0,0.39639804879186213
1627.0,0.9331398792528799
1628.0,0.24332039550312246
1629.0,0.7180507644777734
1630.0,0.7895700700315685
1631.0,0.6479817807134587
1632.0,0.889595431049808
1633.0,0.3830400604099458
1634.0,0.9216494528712544
1635.0,0.28162578168415
1636.0,0.7890195330222718
1637.0,0.649224067173193
1638.0,0.8881554933275324
1639.0,0.38740772069867374
1640.0,0.9255596167027554
1641.0,0.2687061492640351
1642.0,0.7663623029857438
1643.0,0.6982993818377101
1644.0,0.8216416851348499
1645.0,0.5715318428960948
1646.0,0.9550444622623648
1647.0,0.1674446957209854
1648.0,0.5436871814239789
1649.0,0.9675565776989906
1650.0,0.12242430193659022
1651.0,0.4190027097045223
1652.0,0.9494138119626813
1653.0,0.18730617990696988
1654.0,0.593668042014948
1655.0,0.940782561829835
1656.0,0.21727185942823798
1657.0,0.6632527142624525
1658.0,0.8710593500151739
1659.0,0.4380283391886351
1660.0,0.9600221016994964
1661.0,0.14968069719711485
1662.0,0.49637790572643176
1663.0,0.9749488336889862
1664.0,0.09525206097213967
1665.0,0.3360985128255279
1666.0,0.8702315797577858
1667.0,0.44042145166521185
1668.0,0.9611565466554454
1669.0,0.14560509395961377
1670.0,0.48517657723324065
1671.0,0.974143037936164
1672.0,0.09823468034899496
1673.0,0.34548004891033035
1674.0,0.8818819803894598
1675.0,0.4062479969099147
1676.0,0.940721191474727
1677.0,0.2174828424018784
1678.0,0.6637178170844447
1679.0,0.8704662578395069
1680.0,0.43974353202932864
1681.0,0.960839716464028
1682.0,0.14674434734448172
1683.0,0.4883207310810029
1684.0,0.9744680192423192
1685.0,0.0970323849934539
1686.0,0.3417066948981506
1687.0,0.8772785952837379
1688.0,0.4198773600088452
1689.0,0.9499634139873063
1690.0,0.1853784116842631
1691.0,0.5889516990461636
1692.0,0.9441416214235229
1693.0,0.20567905846520795
1694.0,0.6371632151588867
1695.0,0.9016263843883799
1696.0,0.34591536471615736
1697.0,0.8824059081608362
1698.0,0.40468631347437584
1699.0,0.9395696745274906
1700.0,0.22143615481960424
1701.0,0.6723685182174188
1702.0,0.8591274663173722
1703.0,0.4720071054522122
1704.0,0.9719439516338622
1705.0,0.10634873541323762
1706.0,0.3706508593680469
1707.0,0.9097483192893234
1708.0,0.3202146278743412
1709.0,0.8489411578815896
1710.0,0.5001362665113966
1711.0,0.9749999275826077
1712.0,0.09506276830641812
1713.0,0.3355007697145197
1714.0,0.8694660126183895
1715.0,0.44262997552748534
1716.0,0.9621638531388899
1717.0,0.14197783412207712
1718.0,0.47509850208631627
1719.0,0.9725816700664536
1720.0,0.10399960395708631
1721.0,0.36341637670203647
1722.0,0.90224516400252
1723.0,0.34397542934268466
1724.0,0.8800597000696816
1725.0,0.4116630350934803
1726.0,0.9445666644613068
1727.0,0.2042058753140167
1728.0,0.6337727596248867
1729.0,0.9052089102511348
1730.0,0.3346423823070423
1731.0,0.8683617472565476
1732.0,0.44580753031660314
1733.0,0.963546387295495
1734.0,0.13698651261865022
1735.0,0.4610627111189994
1736.0,0.9690871613849303
1737.0,0.11683321659293044
1738.0,0.4024145427645714
1739.0,0.9378606062909942
1740.0,0.22728454888808353
1741.0,0.6849425026268132
1742.0,0.8416054558163115
1743.0,0.5198922789704671
1744.0,0.9734567592257083
1745.0,0.10077091885960977
1746.0,0.3534029490100189
1747.0,0.8911862881000594
1748.0,0.3781958232097396
1749.0,0.9171385958141434
1750.0,0.29638202834059846
1751.0,0.8133049143075135
1752.0,0.5921761196159703
1753.0,0.9418638955929151
1754.0,0.2135495613086685
1755.0,0.6549899700768205
1756.0,0.8813146257847866
1757.0,0.40793670903417184
1758.0,0.9419449667805109
1759.0,0.21327012071575524
1760.0,0.6543653076700054
1761.0,0.8820682719729838
1762.0,0.40569295865115457
1763.0,0.9403141096129057
1764.0,0.21888159101559673
1765.0,0.6667925165073032
1766.0,0.8665030001049279
1767.0,0.45113464856494023
1768.0,0.9656874919735995
1769.0,0.12922712329542096
1770.0,0.438857148210823
1771.0,0.9604200515328383
1772.0,0.14825216697134436
1773.0,0.49246650164261546
1774.0,0.9747786609697471
1775.0,0.09588237004231845
1776.0,0.3380868705138068
1777.0,0.8727581401499502
1778.0,0.43310033891260524
1779.0,0.9575452978509277
1780.0,0.1585439716165729
1781.0,0.5202903446544034
1782.0,0.9733943774638415
1783.0,0.10100127720392563
1784.0,0.3541200749076954
1785.0,0.8920042850747482
1786.0,0.37569729788383877
1787.0,0.9147404691618214
1788.0,0.3041623386337859
1789.0,0.8254256805233868
1790.0,0.5619826931779732
1791.0,0.9600167684109803
1792.0,0.14969983384480232
1793.0,0.4964301950073995
1794.0,0.9749503003200277
1795.0,0.09524662768107035
1796.0,0.33608135962617025
1797.0,0.8702096494181808
1798.0,0.4404847803629039
1799.0,0.9611859606630379
1800.0,0.14549928778051252
1801.0,0.4848840556399168
1802.0,0.9741088820818012
1803.0,0.09836099493146427
1804.0,0.3458758274694712
1805.0,0.8823583838229412
1806.0,0.4048280586492027
1807.0,0.9396749761601295
1808.0,0.2210750698204992
1809.0,0.6715834449650063
1810.0,0.8601805735143685
1811.0,0.4690528224051563
1812.0,0.9712648615757616
1813.0,0.10884677795151505
1814.0,0.37829671183624564
1815.0,0.9172344076355076
1816.0,0.2960702514316837
1817.0,0.8128093648305668
1818.0,0.5933861749697598
1819.0,0.9409881870656178
1820.0,0.21656473358746067
1821.0,0.6616913540392462
1822.0,0.873038033512925
1823.0,0.43228623965595847
1824.0,0.9571179019742718
1825.0,0.16006857240909605
1826.0,0.5243418356904391
1827.0,0.9726891526373568
1828.0,0.10360336341801274
1829.0,0.3621918553753029
1830.0,0.9009347695728844
1831.0,0.34808011113539844
1832.0,0.8849893547327319
1833.0,0.3969544672956514
1834.0,0.9335883109397404
1835.0,0.24180458880404979
1836.0,0.7150070055856813
1837.0,0.7947107514414072
1838.0,0.6362677346408802
1839.0,0.9025813075337864
1840.0,0.34292033421510887
1841.0,0.878771316527937
1842.0,0.41547593012520395
1843.0,0.9471371582860222
1844.0,0.1952666105516129
1845.0,0.6128364892856608
1846.0,0.9253449140741792
1847.0,0.26941864587779357
1848.0,0.7676457326115614
1849.0,0.6956264710778002
1850.0,0.8257481068732218
1851.0,0.5611638663871972
1852.0,0.9604100276494193
1853.0,0.14828816511545773
1854.0,0.49256526228837905
1855.0,0.9747844262331216
1856.0,0.09586101956529365
1857.0,0.3380195695234645
1858.0,0.8726731265562815
1859.0,0.4333474888967866
1860.0,0.9576740267781805
1861.0,0.15808449232931682
1862.0,0.5190657638957661
1863.0,0.9735823369235764
1864.0,0.10030710360061613
1865.0,0.3519577954146984
1866.0,0.8895256720799424
1867.0,0.38325202808360986
1868.0,0.9218426531082983
1869.0,0.28099022647235256
1870.0,0.7879354044875375
1871.0,0.6516634910861328
1872.0,0.8852929233391095
1873.0,0.3960425165767321
1874.0,0.9328520823971739
1875.0,0.24429239158127777
1876.0,0.7199931140874319
1877.0,0.7862518160410452
1878.0,0.655433601471494
1879.0,0.880777542581043
1880.0,0.4095330059571737
1881.0,0.9430813196565353
1882.0,0.20934788226855042
1883.0,0.6455332511870719
1884.0,0.8923982839157905
1885.0,0.37449198844177656
1886.0,0.9135661822353334
1887.0,0.307955750354035
1888.0,0.8311641240938813
1889.0,0.5472882593612163
1890.0,0.9662789000536868
1891.0,0.12707755072242352
1892.0,0.4326225026167722
1893.0,0.9572950641008551
1894.0,0.1594367749610799
1895.0,0.5226650900292505
1896.0,0.9729965454064673
1897.0,0.10246964533083612
1898.0,0.3586815067547742
1899.0,0.8971134255209064
1900.0,0.3599736163571008
1901.0,0.8985311863471772
1902.0,0.3555742846839749
1903.0,0.8936507297462725
1904.0,0.3706525015838859
1905.0,0.9097499761486241
1906.0,0.3202093324801878
1907.0,0.8489337319038434
1908.0,0.5001564778846613
1909.0,0.9749999045072193
1910.0,0.09506285380071695
1911.0,0.3355010397491238
1912.0,0.8694663590978845
1913.0,0.4426289770303169
1914.0,0.9621634063213071
1915.0,0.14197944484419678
1916.0,0.4751030001351288
1917.0,0.9725825436511415
1918.0,0.10399638380124607
1919.0,0.3634064302342889
1920.0,0.9022345671247731
1921.0,0.3440086767387909
1922.0,0.8801001575621461
1923.0,0.41154309386280363
1924.0,0.9444839654508773
1925.0,0.20449261738254687
1926.0,0.6344340085924705
1927.0,0.9045172396016624
1928.0,0.3368266311736998
1929.0,0.8711603616529171
1930.0,0.4377359451569356
1931.0,0.9598804311505494
1932.0,0.15018895727466056
1933.0,0.4977657141109019
1934.0,0.9749805310696064
1935.0,0.09513463090885535
1936.0,0.33572772835169573
1937.0,0.8697570209932723
1938.0,0.4417910071621049
1939.0,0.9617856812959117
1940.0,0.14334053974527564
1941.0,0.4788967147021539
1942.0,0.9732631402635871
1943.0,0.10148580026460842
1944.0,0.35562708717611563
1945.0,0.8937102019667137
1946.0,0.3704698797825851
1947.0,0.9095655970302019
1948.0,0.32079848474424766
1949.0,0.8497585860271653
1950.0,0.4979088328510844
1951.0,0.9749829453778258
1952.0,0.09512568624080082
1953.0,0.3356994812262684
1954.0,0.8697208241696626
1955.0,0.4418953974836913
1956.0,0.961833035149045
1957.0,0.14316996581558195
1958.0,0.4784220741453935
1959.0,0.9731841331516711
1960.0,0.10177742692065633
1961.0,0.3565332509312605
1962.0,0.8947274384554246
1963.0,0.3673419723886341
1964.0,0.9063672060700221
1965.0,0.3309762059402924
1966.0,0.8635807324624801
1967.0,0.45945529882998115
1968.0,0.9685888961074322
1969.0,0.11865534113479081
1970.0,0.40784737950441124
1971.0,0.9418807886896043
1972.0,0.2134913374895076
1973.0,0.6548598665951503
1974.0,0.8814718447007157
1975.0,0.4074690036324688
1976.0,0.9416082573738044
1977.0,0.2144303733751598
1978.0,0.6569549545624626
1979.0,0.8789240547293516
1980.0,0.4150245869151225
1981.0,0.9468387987671122
1982.0,0.19630684287382044
1983.0,0.6153048186274611
1984.0,0.9231487153250244
1985.0,0.2766861424032477
1986.0,0.780510591920504
1987.0,0.668123850499593
1988.0,0.8647640464834428
1989.0,0.4560940425327965
1990.0,0.9674818409056636
1991.0,0.12269684085146218
1992.0,0.41980507177647924
1993.0,0.9499182166001751
1994.0,0.18553703364814003
1995.0,0.5893408668934371
1996.0,0.9438710170606436
1997.0,0.20661622883284445
1998.0,0.6393112549813786
1999.0,0.8993102595185019
2000.0,0.3531501349087401
2001.0,0.8908969567784473
2002.0,0.37907831980726003
2003.0,0.9179739943115224
2004.0,0.29366118630915866
2005.0,0.8089547464621593
2006.0,0.6027331620901613
2007.0,0.9338389998871308
2008.0,0.24095651649004302
2009.0,0.7132962472390039
2010.0,0.7975683725636551
2011.0,0.6296669482342893
2012.0,0.909427281888864
2013.0,0.32124027329587707
2014.0,0.8503753444238025
2015.0,0.49622476027761697
2016.0,0.9749444155036503
2017.0,0.09526842850939433
2018.0,0.3361501846511045
2019.0,0.8702976282395181
2020.0,0.44023069942873194
2021.0,0.9610677597659635
2022.0,0.14592443152714357
2023.0,0.4860589180614319
2024.0,0.9742420203140905
2025.0,0.09786857405679826
2026.0,0.34433223344866026
2027.0,0.8804934311819785
2028.0,0.41037652042672335
2029.0,0.943673764445796
2030.0,0.20729900389573575
2031.0,0.6408718948303288
2032.0,0.8976049260629598
2033.0,0.3584502588048261
2034.0,0.8968583159935593
2035.0,0.3607635604043495
2036.0,0.8993915341660343
2037.0,0.3528969695023555
2038.0,0.8906067238317953
2039.0,0.3799629104598272
2040.0,0.9188052788254256
2041.0,0.29094833986903423
2042.0,0.8045598732463
2043.0,0.613248806071971
2044.0,0.9249813609007651
2045.0,0.2706242872590412
2046.0,0.7698084513778508
2047.0,0.6910932583038351
2048.0,0.8325851298602127
2049.0,0.5436098124438752
2050.0,0.9675829186085791
2051.0,0.12232823547938311
2052.0,0.41871974930714645
2053.0,0.949234731304497
2054.0,0.18793380914012797
2055.0,0.5951973008366187
2056.0,0.939656148262347
2057.0,0.2211396380509569
2058.0,0.6717239042812299
2059.0,0.859992512723803
2060.0,0.46958102405293
2061.0,0.9713912750190932
2062.0,0.1083820367599073
2063.0,0.37687794638395744
2064.0,0.9158797436621365
2065.0,0.3004717513649109
2066.0,0.8197350641867949
2067.0,0.5763010060449181
2068.0,0.9522948102584801
2069.0,0.1771746779916575
2070.0,0.568556864733819
2071.0,0.9566698295616886
2072.0,0.16166540039558347
2073.0,0.5285658249710247
2074.0,0.9718175752105267
2075.0,0.10681388531759003
2076.0,0.37207824896170794
2077.0,0.9111804998840591
2078.0,0.3156293264088714
2079.0,0.8424290734062586
2080.0,0.5176950857759115
2081.0,0.9737788473635941
2082.0,0.09958105478421439
2083.0,0.3496922064178829
2084.0,0.8868895120350551
2085.0,0.39123437136138023
2086.0,0.928863148304699
2087.0,0.25769796010210894
2088.0,0.7460299136991511
2089.0,0.7389301981042343
2090.0,0.7523582056920982
2091.0,0.7266298104774721
2092.0,0.7746918231114858
2093.0,0.680723169031184
2094.0,0.8476226310837718
2095.0,0.5037181747977441
2096.0,0.9749460831870763
2097.0,0.09526225045449366
2098.0,0.33613068096207205
2099.0,0.8702727004843784
2100.0,0.44030269637642255
2101.0,0.9611013045662903
2102.0,0.1458037890163343
2103.0,0.48572567208677686
2104.0,0.9742053498942406
2105.0,0.09800421591355542
2106.0,0.34475761934922605
2107.0,0.8810092326745327
2108.0,0.4088446620053789
2109.0,0.9425937469848368
2110.0,0.2110320230066969
2111.0,0.6493402822623516
2112.0,0.8880201723658244
2113.0,0.387817348765064
2114.0,0.9259187057714128
2115.0,0.26751369868861835
2116.0,0.7642054668399584
2117.0,0.7027623380383307
2118.0,0.814660993665596
2119.0,0.5888549903549811
2120.0,0.9442086836871632
2121.0,0.20544671681397955
2122.0,0.6366296171209106
2123.0,0.9021961561290341
2124.0,0.3441291827806154
2125.0,0.8802467245235086
2126.0,0.4111084711076575
2127.0,0.9441833547556091
2128.0,0.20553447469640557
2129.0,0.6368312121899449
2130.0,0.9019811555454581
2131.0,0.34480348728671906
2132.0,0.881064765522382
2133.0,0.4086796134617509
2134.0,0.9424762893097686
2135.0,0.21143746025476615
2136.0,0.6502534765575433
2137.0,0.8869531818512499
2138.0,0.39104221671525463
2139.0,0.9286999857005304
2140.0,0.2582436568154237
2141.0,0.7470600950670833
2142.0,0.7369491067592308
2143.0,0.7560349711434103
2144.0,0.7193397648512129
2145.0,0.7873712634645571
2146.0,0.652929252045658
2147.0,0.8837893110881468
2148.0,0.40055248230849405
2149.0,0.9364297457774907
2150.0,0.2321634003023198
2151.0,0.6952278678632999
2152.0,0.8263557104772447
2153.0,0.5596186059316822
2154.0,0.9611379251243749
2155.0,0.14567207464674697
2156.0,0.48536171312795223
2157.0,0.9741643101740615
2158.0,0.09815600713291008
2159.0,0.3452334810468733
2160.0,0.8815845659834126
2161.0,0.40713355411267743
2162.0,0.9413657105902021
2163.0,0.21526560710930315
2164.0,0.6588126694701486
2165.0,0.8766362904614848
2166.0,0.42176590835890687
2167.0,0.9511297649298628
2168.0,0.1812795472578743
2169.0,0.5788273647150322
2170.0,0.9507663616311249
2171.0,0.1825577801651678
2172.0,0.5819987045587028
2173.0,0.9487772285577089
2174.0,0.1895360965994416
2175.0,0.599087442272626
2176.0,0.9367085472570892
2177.0,0.23121401453515053
2178.0,0.6932409666689899
2179.0,0.8293659223232539
2180.0,0.5519205479273939
2181.0,0.9644866011413847
2182.0,0.13358356970448426
2183.0,0.4513820984770167
2184.0,0.9657815686408557
2185.0,0.1288853682264088
2186.0,0.43786832732585207
2187.0,0.9599446554777789
2188.0,0.14995856419996653
2189.0,0.49713687356989905
2190.0,0.9749680297774764
2191.0,0.09518094568827883
2192.0,0.33587397973803856
2193.0,0.8699443329445838
2194.0,0.4412506430365289
2195.0,0.9615392009198768
2196.0,0.14422810745554232
2197.0,0.4813628058538059
2198.0,0.9736453544779924
2199.0,0.10007430490752606
2200.0,0.3512318097787261
2201.0,0.8886852997553186
2202.0,0.3858025772410606
2203.0,0.9241398996773427
2204.0,0.2734108474566054
2205.0,0.7747636882036983
2206.0,0.6805691710143332
2207.0,0.8478396204688663
2208.0,0.5031296338850927
2209.0,0.9749618010278066
2210.0,0.09520402150124677
2211.0,0.33594684158582394
2212.0,0.8700375887358996
2213.0,0.44098151339783265
2214.0,0.9614155911328401
2215.0,0.1446730438121736
2216.0,0.48259674140454856
2217.0,0.9738187937020134
2218.0,0.09943342786559854
2219.0,0.3492310430251319
2220.0,0.8863480142895703
2221.0,0.3928673262325732
2222.0,0.9302381018246241
2223.0,0.25309118537954317
2224.0,0.7372405453246114
2225.0,0.755496002250916
2226.0,0.7204149920518198
2227.0,0.7855272019873052
2228.0,0.6570494460086724
2229.0,0.8788083388826393
2230.0,0.4153665453326044
2231.0,0.9470649955691414
2232.0,0.1955182699733781
2233.0,0.6134344167119818
2234.0,0.9248172691103286
2235.0,0.27116812267600643
2236.0,0.7707802904894694
2237.0,0.6890443337015104
2238.0,0.8356227355918726
2239.0,0.535693779479929
2240.0,0.970031221015109
2241.0,0.11337553995707855
2242.0,0.3920339548964258
2243.0,0.9295389991083025
2244.0,0.255435368155647
2245.0,0.7417337493182607
2246.0,0.7471026983180915
2247.0,0.7368670002872811
2248.0,0.75618669428213
2249.0,0.7190366729238983
2250.0,0.7878894500662739
2251.0,0.6517666917080998
2252.0,0.8851707980231166
2253.0,0.3964094797659185
2254.0,0.9331491160587662
2255.0,0.24328918870428712
2256.0,0.7179882815191978
2257.0,0.7896763255691972
2258.0,0.647741742978441
2259.0,0.8898722717886
2260.0,0.38219848559254455
2261.0,0.9208789324929093
2262.0,0.28415760431615344
2263.0,0.7933070348792856
2264.0,0.6394868348322541
2265.0,0.8991193493430699
2266.0,0.3537446054218616
2267.0,0.8915765022714929
2268.0,0.3770045871884118
2269.0,0.9160013008664973
2270.0,0.30007737894178965
2271.0,0.8191206877979393
2272.0,0.5778317478155435
2273.0,0.9513746542247129
2274.0,0.18041759394173137
2275.0,0.5766816343782308
2276.0,0.9520677151014248
2277.0,0.1779756457556102
2278.0,0.5705712295665866
2279.0,0.9555768360740946
2280.0,0.16555401108759837
2281.0,0.5387689339515823
2282.0,0.9691381820650057
2283.0,0.11664652790209216
2284.0,0.4018564501788665
2285.0,0.937434590151176
2286.0,0.22873881942316332
2287.0,0.6880277504570371
2288.0,0.837117703726458
2289.0,0.5317714499533803
2290.0,0.9710632423746534
2291.0,0.10958774456556648
2292.0,0.38055525614573465
2293.0,0.9193585173457969
2294.0,0.28913989232518644
2295.0,0.8015982584663275
2296.0,0.6202501129113054
2297.0,0.9186056503447915
2298.0,0.29160030704771533
2299.0,0.8056213151118345
2300.0,0.6107228858223196
2301.0,0.9271877259651925
2302.0,0.26329152246028165
2303.0,0.7564794769772316
2304.0,0.7184512837689943
2305.0,0.7888882428167455
2306.0,0.649519974332787
2307.0,0.8878107313745386
2308.0,0.3884510628599073
2309.0,0.926471655029371
2310.0,0.2656755170803858
2311.0,0.7608589431473762
2312.0,0.7096151859421324
2313.0,0.8036397479075366
2314.0,0.6154313236135258
2315.0,0.923034877162435
2316.0,0.2770618215462376
2317.0,0.7811644174921016
2318.0,0.666691624311676
2319.0,0.8666342192989068
2320.0,0.4507594620324163
2321.0,0.9655439407405856
2322.0,0.12974847303493195
2323.0,0.4403638464421384
2324.0,0.9611297638364102
2325.0,0.1457014295262884
2326.0,0.48544283954510925
2327.0,0.9741735474100132
2328.0,0.09812184305275559
2329.0,0.34512639317787536
2330.0,0.8814552470486332
2331.0,0.4075183885463582
2332.0,0.9416438910174566
2333.0,0.21430762675514758
2334.0,0.6566814846919233
2335.0,0.8792585581834649
2336.0,0.4140354895739376
2337.0,0.946179401494109
2338.0,0.19860337256119903
2339.0,0.6207242845772147
2340.0,0.9181600237419467
2341.0,0.29305455872212477
2342.0,0.8079769789037914
2343.0,0.6050857038146451
2344.0,0.9319322799297446
2345.0,0.24739457166330175
2346.0,0.7261429405418496
2347.0,0.7755515447280333
2348.0,0.6788782501721792
2349.0,0.8502100292998231
2350.0,0.49667644797348637
2351.0,0.9749569206075154
2352.0,0.0952221019114027
2353.0,0.3360039275540108
2354.0,0.8701106240669305
2355.0,0.4407706912158702
2356.0,0.9613183670257214
2357.0,0.1450229205544151
2358.0,0.48356596496630333
2359.0,0.9739466977207938
2360.0,0.09896065810626263
2361.0,0.34775304038840826
2362.0,0.8846013668272028
2363.0,0.39811897567512483
2364.0,0.9345190018418053
2365.0,0.23865362444976485
2366.0,0.7086224807483463
2367.0,0.8052589760529828
2368.0,0.6115861344024295
2369.0,0.9264392849755795
2370.0,0.2657831912951144
2371.0,0.7610556974283862
2372.0,0.7092146990766975
2373.0,0.8042939177919628
2374.0,0.613880325219791
2375.0,0.9244219589585551
2376.0,0.27247740293975214
2377.0,0.7731105245251444
2378.0,0.6841015014350419
2379.0,0.8428158849605167
2380.0,0.5166613491730773
2381.0,0.9739173578305578
2382.0,0.09906911799292194
2383.0,0.34809226862680315
2384.0,0.8850037604812899
2385.0,0.3969112072195356
2386.0,0.9335535331319592
2387.0,0.24192220224430108
2388.0,0.7152438161917174
2389.0,0.794313388405782
2390.0,0.6371805546799184
2391.0,0.9016078321290687
2392.0,0.3459734817731001
2393.0,0.8824757435633039
2394.0,0.4044779917842213
2395.0,0.9394146291910562
2396.0,0.22196765624625756
2397.0,0.673522261724523
2398.0,0.8575710962754239
2399.0,0.47635735332272683
2400.0,0.9728199985065652
2401.0,0.10312087114778157
2402.0,0.36069913261786635
2403.0,0.8993215465516823
2404.0,0.3531149795923333
2405.0,0.8908566840413734
2406.0,0.3792011049067098
2407.0,0.918089745082537
2408.0,0.2932837637215948
2409.0,0.8083467508696732
2410.0,0.604196896789651
2411.0,0.9326577261276866
2412.0,0.24494843888587697
2413.0,0.7212999345756702
2414.0,0.7840027219315359
2415.0,0.660435570348367
2416.0,0.8746156682912773
2417.0,0.4276860941756507
2418.0,0.954605726195266
2419.0,0.16900117147085203
2420.0,0.5477151244980937
2421.0,0.9661207408871125
2422.0,0.12765267416791226
2423.0,0.434294128888203
2424.0,0.9581626801556157
2425.0,0.15633913819922973
2426.0,0.5143991270587723
2427.0,0.9741913940457867
2428.0,0.09805583507036245
2429.0,0.34491946428816367
2430.0,0.8812051070289864
2431.0,0.4082623988625743
2432.0,0.9421784288964472
2433.0,0.21246512437281137
2434.0,0.6525624116624229
2435.0,0.8842263711362071
2436.0,0.3992433733216565
2437.0,0.9354075985035636
2438.0,0.23563887034490233
2439.0,0.7024414531971744
2440.0,0.8151680863069234
2441.0,0.5876094017571636
2442.0,0.9450659116226324
2443.0,0.20247370381490906
2444.0,0.629764602005688
2445.0,0.9093284774585911
2446.0,0.3215557704115834
2447.0,0.8508148620137261
2448.0,0.49502283710213213
2449.0,0.9749033886130035
2450.0,0.09542040878715759
2451.0,0.33662988205879235
2452.0,0.8709097977991161
2453.0,0.4384610953968132
2454.0,0.9602305565589355
2455.0,0.14893255575686457
2456.0,0.4943314334111127
2457.0,0.9748746826760267
2458.0,0.0955267394380374
2459.0,0.3369653878124613
2460.0,0.8713368893925495
2461.0,0.4372247668474353
2462.0,0.9596311534003005
2463.0,0.15108289101324687
2464.0,0.5002017191196724
2465.0,0.9749998413066473
2466.0,0.09506308795877354
2467.0,0.3355017793394125
2468.0,0.8694673080580525
2469.0,0.4426262422777109
2470.0,0.9621621825068138
2471.0,0.1419838565361001
2472.0,0.4751153199750214
2473.0,0.9725849355302124
2474.0,0.10398756696862942
2475.0,0.36337919624983944
2476.0,0.9022055483323745
2477.0,0.3440997178735503
2478.0,0.8802108979282841
2479.0,0.4112147250766149
2480.0,0.9442569823314376
2481.0,0.20527936123408239
2482.0,0.636245005833097
2483.0,0.9026054637036035
2484.0,0.34284447832442494
2485.0,0.8786783538268238
2486.0,0.4157505469377267
2487.0,0.9473179156689603
2488.0,0.19463606105415004
2489.0,0.6113361726867534
2490.0,0.926656600940715
2491.0,0.2650601650074903
2492.0,0.7597327683413999
2493.0,0.7119016672938795
2494.0,0.7998809652524885
2495.0,0.6242784860490195
2496.0,0.9147639458309184
2497.0,0.30408639003119137
2498.0,0.8253096439730592
2499.0,0.5622771785986739
2500.0,0.9598740568005766
2501.0,0.15021182233894226
2502.0,0.49782809999736954
2503.0,0.9749816031164764
2504.0,0.09513065913351812
2505.0,0.33571518562272795
2506.0,0.8697409490835984
2507.0,0.44183735922596346
2508.0,0.9618067181509425
2509.0,0.14326476477555808
2510.0,0.47868589060251215
2511.0,0.9732282640883083
2512.0,0.10161453926506867
2513.0,0.3560271962325643
2514.0,0.8941601439238395
2515.0,0.3690873456735588
2516.0,0.9081613200551021
2517.0,0.32527691356241845
2518.0,0.8559401879563291
2519.0,0.4808956721306912
2520.0,0.9735765961609816
2521.0,0.10032830951745642
2522.0,0.3520239053246209
2523.0,0.8896019940780306
2524.0,0.38302011622064647
2525.0,0.9216312564847788
2526.0,0.28168562586475987
2527.0,0.7891214527791597
2528.0,0.6489942636171857
2529.0,0.8884227666957731
2530.0,0.38659824181836383
2531.0,0.9248461608411236
2532.0,0.27107238451237675
2533.0,0.7706093727818886
2534.0,0.6894052127141123
2535.0,0.8350900950472153
2536.0,0.537087049984868
2537.0,0.9696357478213375
2538.0,0.11482483103634288
2539.0,0.3963963479338909
2540.0,0.9331385047864019
2541.0,0.24332503911846032
2542.0,0.7180600613801943
2543.0,0.789554257560377
2544.0,0.6480174945217696
2545.0,0.8895542031304419
2546.0,0.3831653390112851
2547.0,0.9217636817674432
2548.0,0.28125004729368663
2549.0,0.7883789869448441
2550.0,0.6506664835657952
2551.0,0.8864684818466801
2552.0,0.3925042389025768
2553.0,0.9299341792497342
2554.0,0.25411074590014393
2555.0,0.739200051401044
2556.0,0.7518550080979779
2557.0,0.7276193140942732
2558.0,0.7729388466198852
2559.0,0.6844671054226464
2560.0,0.842290359366262
2561.0,0.5180655085511695
2562.0,0.9737271858630716
2563.0,0.09977195815959373
2564.0,0.35028830664591665
2565.0,0.8875869946049064
2566.0,0.3891276542912313
2567.0,0.9270585595324375
2568.0,0.26372184824731004
2569.0,0.7572732765168979
2570.0,0.7168607986420131
2571.0,0.7915884366481581
2572.0,0.643407116091024
2573.0,0.8947941563123768
2574.0,0.36713653915223454
2575.0,0.9061544730090617
2576.0,0.33165032181345233
2577.0,0.8644677048324948
2578.0,0.4569368393231204
2579.0,0.9677677003508174
2580.0,0.12165417618318089
2581.0,0.41673230664145267
2582.0,0.947959315846713
2583.0,0.1923965602499648
2584.0,0.6059824830303913
2585.0,0.93119408183378
2586.0,0.24987948878694125
2587.0,0.7310149464950207
2588.0,0.7668651685340205
2589.0,0.6972536291109043
2590.0,0.8232549226300535
2591.0,0.5674743944822086
2592.0,0.9572441037481112
2593.0,0.15961853539158743
2594.0,0.5231477883490246
2595.0,0.9729103015887403
2596.0,0.10278780193986226
2597.0,0.3596676318777122
2598.0,0.8981966231830438
2599.0,0.3566138522139219
2600.0,0.8948176092299688
2601.0,0.3670643162235335
2602.0,0.9060796055176449
2603.0,0.33188748053227224
2604.0,0.86477890511303
2605.0,0.45605176649970225
2606.0,0.9674673558115928
2607.0,0.12274965787701893
2608.0,0.4199604995355655
2609.0,0.9500153456250748
2610.0,0.1851961359375833
2611.0,0.5885042559683488
2612.0,0.9444512870344072
2613.0,0.20460590846849014
2614.0,0.6346950896842685
2615.0,0.9042432079782927
2616.0,0.33769097233333323
2617.0,0.8722575401978147
2618.0,0.4345548626869024
2619.0,0.9582960426080721
2620.0,0.1558624755861426
2621.0,0.5131205207321766
2622.0,0.9743286225492945
2623.0,0.09754819553890662
2624.0,0.34332692583543845
2625.0,0.8792688365441206
2626.0,0.4140050835432296
2627.0,0.946159009940013
2628.0,0.19867433761245476
2629.0,0.6208910962281577
2630.0,0.9180028371257417
2631.0,0.2935671498038395
2632.0,0.8088033656035694
2633.0,0.6030978774284422
2634.0,0.9335462279120246
2635.0,0.2419469062266939
2636.0,0.7152935430966986
2637.0,0.7942298921733929
2638.0,0.6373722051513709
2639.0,0.9014026212822137
2640.0,0.34661614894829407
2641.0,0.8832462375225376
2642.0,0.40217705355679284
2643.0,0.9376796174817608
2644.0,0.22790255451997635
2645.0,0.6862556226366577
2646.0,0.8397044878413007
2647.0,0.5249433576678704
2648.0,0.9725735327421855
2649.0,0.10402959899112507
2650.0,0.3635090219469961
2651.0,0.9023438303495241
2652.0,0.343665824500726
2653.0,0.8796825397267525
2654.0,0.41278055920390777
2655.0,0.945331799674146
2656.0,0.2015503939760464
2657.0,0.6276185473901729
2658.0,0.9114826748118865
2659.0,0.31465983248565554
2660.0,0.8410311869924435
2661.0,0.5214211450442476
2662.0,0.9732104247254738
2663.0,0.10168038633143307
2664.0,0.356231792931002
2665.0,0.8943897402810462
2666.0,0.3683812577680907
2667.0,0.9074383761038318
2668.0,0.3275764817437027
2669.0,0.8590535083732691
2670.0,0.47221425468690237
2671.0,0.9719890141938431
2672.0,0.1061828448732643
2673.0,0.3701413884787499
2674.0,0.9092332899537149
2675.0,0.321859646135269
2676.0,0.8512374558672989
2677.0,0.4938657734238822
2678.0,0.97485324793082
2679.0,0.09560613242524982
2680.0,0.3372158394849481
2681.0,0.8716551366330983
2682.0,0.43630259171550867
2683.0,0.9591762966935713
2684.0,0.1527128013636318
2685.0,0.5046272464868846
2686.0,0.9749164955008034
2687.0,0.09537185697481802
2688.0,0.3364766569007722
2689.0,0.8707144534204437
2690.0,0.4390260966982084
2691.0,0.9605005141529606
2692.0,0.14796317821295
2693.0,0.4916732968136839
2694.0,0.9747295974547833
2695.0,0.09606405627163579
2696.0,0.33865943812067556
2697.0,0.8734799700606091
2698.0,0.4309995766577535
2699.0,0.956431872156504
2700.0,0.1625127897108641
2701.0,0.5307992932759006
2702.0,0.9713004737814497
2703.0,0.10871586731218615
2704.0,0.3778972372763066
2705.0,0.9168545698074415
2706.0,0.29730584375954616
2707.0,0.8147688082012849
2708.0,0.5885903297958165
2709.0,0.944391838520007
2710.0,0.2048119860415514
2711.0,0.6351697420195404
2712.0,0.9037436492852465
2713.0,0.33926515608114416
2714.0,0.874240808806486
2715.0,0.42878088639308193
2716.0,0.9552185676424749
2717.0,0.16682661712678057
2718.0,0.542082438084779
2719.0,0.9680933667788789
2720.0,0.12046553991269435
2721.0,0.4132190150643258
2722.0,0.9456293365490177
2723.0,0.20051652818684101
2724.0,0.6252076354318734
2725.0,0.9138598873152803
2726.0,0.3070079753183955
2727.0,0.8297409057962504
2728.0,0.5509566466742065
2729.0,0.9648733386229082
2730.0,0.13218183824660443
2731.0,0.44736821954897643
2732.0,0.9641965931775656
2733.0,0.1346339392411326
2734.0,0.4543798024176357
2735.0,0.9668833105329294
2736.0,0.12487789994866756
2737.0,0.4262052992070047
2738.0,0.9537619343260019
2739.0,0.17199041713122815
2740.0,0.5553978828303918
2741.0,0.9630311908538497
2742.0,0.1388482535562167
2743.0,0.4663207225583605
2744.0,0.9705762544569353
2745.0,0.11137615609099857
2746.0,0.38598888098702916
2747.0,0.9243057124914998
2748.0,0.27286218315361466
2749.0,0.7737928074172058
2750.0,0.682646244565759
2751.0,0.8448973624494974
2752.0,0.511078656563982
2753.0,0.9745213271380756
2754.0,0.0968350893553658
2755.0,0.34108641381712607
2756.0,0.8765112412933432
2757.0,0.42213321220100886
2758.0,0.9513533770956808
2759.0,0.18049250303886424
2760.0,0.5768683416039563
2761.0,0.9519559064303241
2762.0,0.17836984870670197
2763.0,0.5715607785382958
2764.0,0.9550283144024726
2765.0,0.16750200905897372
2766.0,0.5438358354787067
2767.0,0.9675058361587467
2768.0,0.12260934331429306
2769.0,0.4195475397606904
2770.0,0.9497568664016248
2771.0,0.1861031683859049
2772.0,0.5907282385002665
2773.0,0.942896708280691
2774.0,0.20998577259710094
2775.0,0.6469778168252083
2776.0,0.8907503333090526
2777.0,0.3795252903735707
2778.0,0.9183947929276676
2779.0,0.2922886092789553
2780.0,0.8067383148424451
2781.0,0.6080552642097065
2782.0,0.929463833518625
2783.0,0.25568718122799816
2784.0,0.7422138616763481
2785.0,0.7461965363261406
2786.0,0.7386103354539443
2787.0,0.7529539204767691
2788.0,0.7254558250501861
2789.0,0.7767617167086655
2790.0,0.6762715134414423
2791.0,0.8538205788413473
2792.0,0.4867628921546583
2793.0,0.974316638005974
2794.0,0.09759253495176826
2795.0,0.343466105086479
2796.0,0.8794388449984908
2797.0,0.413502035334224
2798.0,0.9458205982238449
2799.0,0.19985157737739892
2800.0,0.6236526051489414
2801.0,0.9153691296355319
2802.0,0.30212709596870085
2803.0,0.8223006240158591
2804.0,0.5698770002600524
2805.0,0.9559570988551608
2806.0,0.16420218361398203
2807.0,0.5352353233904905
2808.0,0.9701580407437135
2809.0,0.11291052522372735
2810.0,0.3906307802179746
2811.0,0.9283496576806569
2812.0,0.2594146259829697
2813.0,0.749262843455434
2814.0,0.732685336002796
2815.0,0.7638443841961372
2816.0,0.7035059496198284
2817.0,0.8134827810303944
2818.0,0.5917413293900542
2819.0,0.9421757610788076
2820.0,0.2124743256260712
2821.0,0.6525830476456881
2822.0,0.8842018129274993
2823.0,0.39931697107856895
2824.0,0.9354654179801045
2825.0,0.23544249199931017
2826.0,0.7020363673458133
2827.0,0.8158070944518596
2828.0,0.5860369284661094
2829.0,0.9461308230664586
2830.0,0.19877242596917252
2831.0,0.6211215997096592
2832.0,0.9177852765267152
2833.0,0.294276304598235
2834.0,0.809943268485943
2835.0,0.6003471642489775
2836.0,0.9357287418460359
2837.0,0.2345478077641552
2838.0,0.7001870211850181
2839.0,0.8187081105413696
2840.0,0.5788580470730855
2841.0,0.9507474928060942
2842.0,0.18262412114317836
2843.0,0.5821629509274542
2844.0,0.9486720730300817
2845.0,0.18990414644326714
2846.0,0.5999781902669931
2847.0,0.936017009736654
2848.0,0.23356775215919554
2849.0,0.6981540435109349
2850.0,0.8218664026570394
2851.0,0.5709678734784047
2852.0,0.9553578876424171
2853.0,0.16633185723115965
2854.0,0.5407957249546518
2855.0,0.9685092644191552
2856.0,0.11894636969834628
2857.0,0.4087127102523294
2858.0,0.9424998598490469
2859.0,0.21135610873093788
2860.0,0.65007034572891
2861.0,0.8871676761979411
2862.0,0.39039464297919624
2863.0,0.9281479962781343
2864.0,0.26008824380377304
2865.0,0.7505251620314844
2866.0,0.730224858437484
2867.0,0.7682864067740178
2868.0,0.6942873753671164
2869.0,0.8277844215145332
2870.0,0.5559737547482929
2871.0,0.9627810612395741
2872.0,0.139751388496097
2873.0,0.4688616578470889
2874.0,0.9712185742270761
2875.0,0.10901691568326599
2876.0,0.3788156883348773
2877.0,0.9177260141643767
2878.0,0.2944694106523375
2879.0,0.8102529896853697
2880.0,0.5995980213260305
2881.0,0.9363129131769643
2882.0,0.23256106300062016
2883.0,0.6960580184089027
2884.0,0.8250888883285401
2885.0,0.5628371372727244
2886.0,0.9596008272995382
2887.0,0.15119161022776217
2888.0,0.5004975581755446
2889.0,0.9749990344998616
2890.0,0.09506607717437729
2891.0,0.3355112207657053
2892.0,0.8694794218734446
2893.0,0.442591331567054
2894.0,0.9621465546761486
2895.0,0.1420401918037657
2896.0,0.4752726252928491
2897.0,0.9726153720663594
2898.0,0.10387536933764903
2899.0,0.3630325802322025
2900.0,0.9018357110963925
2901.0,0.3452594390218607
2902.0,0.881615899273866
2903.0,0.40704029114345447
2904.0,0.9412981208642944
2905.0,0.2154982772344061
2906.0,0.6593292019992957
2907.0,0.8759954010220438
2908.0,0.4236470878000627
2909.0,0.9522639079144959
2910.0,0.17728369463184268
2911.0,0.5688313263731524
2912.0,0.956522769187879
2913.0,0.16218914873081902
2914.0,0.529946932182686
2915.0,0.9715024068860979
2916.0,0.10797337317240464
2917.0,0.37562898304689146
2918.0,0.9146742155539933
2919.0,0.3043766503232532
2920.0,0.825752869738872
2921.0,0.5611517646418691
2922.0,0.9604158005566232
2923.0,0.14826743333143458
2924.0,0.49250838602449837
2925.0,0.9747811153081641
2926.0,0.09587328093226943
2927.0,0.3380582202486512
2928.0,0.8727219538867659
2929.0,0.4332055458542431
2930.0,0.9576001534919445
2931.0,0.15834818814418047
2932.0,0.5197687538769792
2933.0,0.9734758658435905
2934.0,0.10070035740828305
2935.0,0.3531832021618957
2936.0,0.8909348287030043
2937.0,0.37896284285711535
2938.0,0.9178650257039978
2939.0,0.2940163991442495
2940.0,0.8095259490961455
2941.0,0.6013553786609083
2942.0,0.9349356401443651
2943.0,0.2372408568356241
2944.0,0.7057347674657397
2945.0,0.8099255012776901
2946.0,0.6003901162653127
2947.0,0.9356951157693242
2948.0,0.23466208776954528
2949.0,0.7004235900994156
2950.0,0.8183384996734796
2951.0,0.5797763385399883
2952.0,0.9501793696556974
2953.0,0.184620287031956
2954.0,0.5870889829279573
2955.0,0.9454204853050384
2956.0,0.20124230595543383
2957.0,0.6269009769717763
2958.0,0.9121949539700739
2959.0,0.3123717476942738
2960.0,0.8377029918531251
2961.0,0.5302310882444476
2962.0,0.9714357170838701
2963.0,0.108218622164707
2964.0,0.3763786727277696
2965.0,0.9153992930294631
2966.0,0.3020293666674268
2967.0,0.8221497505178095
2968.0,0.5702561991411211
2969.0,0.9557498592807481
2970.0,0.1649390564857555
2971.0,0.5371632401122426
2972.0,0.9696136849790032
2973.0,0.11490564883372185
2974.0,0.3966391287293107
2975.0,0.9333344681316394
2976.0,0.2426628310433697
2977.0,0.7167325677462081
2978.0,0.7918052769047278
2979.0,0.6429137534451651
2980.0,0.8953450703972368
2981.0,0.36543887371915523
2982.0,0.9043838828467192
2983.0,0.33724733364586235
2984.0,0.8716951214190131
2985.0,0.43618667318189003
2986.0,0.9591186513495799
2987.0,0.15291924953347746
2988.0,0.5051863153568226
2989.0,0.9748950983187764
2990.0,0.09545111781191878
2991.0,0.3367267874894585
2992.0,0.8710332464983015
2993.0,0.4381038869724295
2994.0,0.9600585976491051
2995.0,0.14954973824364157
2996.0,0.4960199947361094
2997.0,0.9749382222765876
2998.0,0.09529137158094339
2999.0,0.33622261172434725
3000.0,0.8703901716494638
3001.0,0.43996337090737503
3002.0,0.9609428523520589
3003.0,0.1463735787756373
3004.0,0.4872985814269935
3005.0,0.9743708284683099
3006.0,0.09739203668332824
3007.0,0.3428366287086058
3008.0,0.8786687314248611
3009.0,0.4157789681802369
3010.0,0.9473365894169363
3011.0,0.194570905498411
3012.0,0.6111809661045636
3013.0,0.9267912918266178
3014.0,0.2646118535617704
3015.0,0.7589104400138608
3016.0,0.7135649978021331
3017.0,0.797120967683722
3018.0,0.6307046091944857
3019.0,0.9083735900277354
3020.0,0.32460094277465035
3021.0,0.8550171658253882
3022.0,0.4834549666803043
3023.0,0.9739324213025555
3024.0,0.09901343414935834
3025.0,0.34791811862850514
3026.0,0.8847972952981755
3027.0,0.39753106197171395
3028.0,0.9340504552834855
3029.0,0.24024078884597586
3030.0,0.7118480936604925
3031.0,0.7999695023284192
3032.0,0.6240713609240779
3033.0,0.914964559853944
3034.0,0.3034372148543679
3035.0,0.8243159788335892
3036.0,0.5647946689055225
3037.0,0.9586264384375525
3038.0,0.154680980867735
3039.0,0.5099436225995685
3040.0,0.9746143850414296
3041.0,0.09649062349580782
3042.0,0.3400027139854725
3043.0,0.8751633870251435
3044.0,0.4260844888397073
3045.0,0.9536923391186592
3046.0,0.17223671955765402
3047.0,0.556027804775321
3048.0,0.9627574518590282
3049.0,0.13983660892086297
3050.0,0.4691010937328687
3051.0,0.9712765046068306
3052.0,0.10880397920171521
3053.0,0.3781661259151929
3054.0,0.9171103777894006
3055.0,0.2964738376874956
3056.0,0.813450694891942
3057.0,0.5918197812998589
3058.0,0.9421195982719797
3059.0,0.21266801721291093
3060.0,0.6530172935037958
3061.0,0.8836842607662155
3062.0,0.4008669133571026
3063.0,0.9366732614173421
3064.0,0.2313342047762523
3065.0,0.6934928928594859
3066.0,0.8289859516101832
3067.0,0.5528961502082546
3068.0,0.9640877894432685
3069.0,0.13502784238967605
3070.0,0.4555017642601329
3071.0,0.9672776373625529
3072.0,0.12344127752139497
3073.0,0.42199376124859556
3074.0,0.9512686041918497
3075.0,0.18079092279588493
3076.0,0.5776117036189395
3077.0,0.9515080514993269
3078.0,0.17994786978199642
3079.0,0.5755098723773805
3080.0,0.9527632107768516
3081.0,0.17552135237144154
3082.0,0.564383068209253
3083.0,0.9588338000590544
3084.0,0.15393902130113404
3085.0,0.5079430161857339
3086.0,0.9747539431261053
3087.0,0.0959739045962376
3088.0,0.33837536550788055
3089.0,0.8731221623486263
3090.0,0.43204142266071294
3091.0,0.9569883638874784
3092.0,0.16053037755863783
3093.0,0.5255654642141242
3094.0,0.9724509874541136
3095.0,0.10448125136916858
3096.0,0.36490318597785465
3097.0,0.903820518280157
3098.0,0.3390230571621871
3099.0,0.8739370531109071
3100.0,0.42966721321184953
3101.0,0.9557078665001889
3102.0,0.16508832759839942
3103.0,0.5375532695877356
3104.0,0.9695000325787563
3105.0,0.11532190569333249
3106.0,0.39788877866630346
3107.0,0.9343358640631892
3108.0,0.23927419303508288
3109.0,0.7098860089717218
3110.0,0.8031966666278969
3111.0,0.6164799472483546
3112.0,0.92208644536718
3113.0,0.2801878272854645
3114.0,0.7865621740334092
3115.0,0.6547402696116597
3116.0,0.8816162509459924
3117.0,0.40703924435430894
3118.0,0.9412973618481502
3119.0,0.21550088986086502
3120.0,0.6593349996871573
3121.0,0.8759881957113049
3122.0,0.4236682190744541
3123.0,0.9522764909608645
3124.0,0.1772393053240954
3125.0,0.5687195824920772
3126.0,0.956582714030247
3127.0,0.1619756784702175
3128.0,0.5293842764118878
3129.0,0.9716326007690241
3130.0,0.10749449057820055
3131.0,0.37416375778678146
3132.0,0.9132444365680592
3133.0,0.3089932390176344
3134.0,0.8327140273101994
3135.0,0.5432753665210088
3136.0,0.9676962463446422
3137.0,0.1219148625050137
3138.0,0.41750135234104946
3139.0,0.9484564952243328
3140.0,0.19065841037532094
3141.0,0.601800345621059
3142.0,0.9345830895625884
3143.0,0.23843639923831755
3144.0,0.7081794827506744
3145.0,0.8059790815504804
3146.0,0.6098695264487455
3147.0,0.9279218799159208
3148.0,0.26084317228797466
3149.0,0.7519356458590104
3150.0,0.7274608783478528
3151.0,0.7732200404027709
3152.0,0.6838681571370021
3153.0,0.8431507530850665
3154.0,0.5157654865628918
3155.0,0.9740306527903976
3156.0,0.09865026683892719
3157.0,0.34678172759698905
3158.0,0.8834442279071631
3159.0,0.40158504393025013
3160.0,0.9372265360449777
3161.0,0.22944852909462815
3162.0,0.689527416204665
3163.0,0.8349094981764563
3164.0,0.5375589493216574
3165.0,0.9694983687708273
3166.0,0.11532799871397584
3167.0,0.3979070605637596
3168.0,0.9343504236973458
3169.0,0.2392248667923512
3170.0,0.7097856866120787
3171.0,0.8033608662015248
3172.0,0.6160915209440962
3173.0,0.9224387591830572
3174.0,0.2790274294855282
3175.0,0.7845673800128846
3176.0,0.6591834843071498
3177.0,0.8761764114629581
3178.0,0.42311609908951986
3179.0,0.9519465765450711
3180.0,0.17840273860184178
3181.0,0.5716432856986984
3182.0,0.9549822344957493
3183.0,0.16766554854369461
3184.0,0.5442598682634227
3185.0,0.9673601498390875
3186.0,0.12314051233530426
3187.0,0.4211100135727019
3188.0,0.9507278431618527
3189.0,0.18269320445479095
3190.0,0.5823339502532405
3191.0,0.948562370479218
3192.0,0.19028801918125268
3193.0,0.6009061068555788
3194.0,0.935290034637077
3195.0,0.23603808440804383
3196.0,0.7032640177563975
3197.0,0.813866582433555
3198.0,0.5908022968827735
3199.0,0.9428442772351693
3200.0,0.21016688986823606
3201.0,0.6473873962582603
3202.0,0.8902801261544212
3203.0,0.38095755020266736
3204.0,0.9197326910703731
3205.0,0.2879154253826085
3206.0,0.7995785195165045
3207.0,0.6249855715127675
3208.0,0.9140765669631449
3209.0,0.3063083270988632
3210.0,0.8286857898101603
3211.0,0.5536660411497974
3212.0,0.9637678285065022
3213.0,0.13618566484521782
3214.0,0.45879260518994697
3215.0,0.9683776073905769
3216.0,0.11942742589080663
3217.0,0.41014161176001984
3218.0,0.9435093332453607
3219.0,0.20786793816459687
3220.0,0.6421695479464051
3221.0,0.8961724965831876
3222.0,0.36288467650907225
3223.0,0.901677613449515
3224.0,0.3457548699286577
3225.0,0.8822129154121714
3226.0,0.4052618204393004
3227.0,0.9399962416007462
3228.0,0.21997289877114917
3229.0,0.6691808080517311
3230.0,0.863373631329157
3231.0,0.4600424558131814
3232.0,0.968773239183978
3233.0,0.11798143587734788
3234.0,0.40584108499610183
3235.0,0.9404229850286259
3236.0,0.21850761760805168
3237.0,0.66597195075569
3238.0,0.867567915093168
3239.0,0.44808592839684036
3240.0,0.9644892237613699
3241.0,0.1335740679372841
3242.0,0.45135494161668266
3243.0,0.9657712673500461
3244.0,0.12892279339341417
3245.0,0.4379766562745075
3246.0,0.9599971088491266
3247.0,0.14977037341673466
3248.0,0.4966229137870515
3249.0,0.9749555216259702
3250.0,0.09522728466030991
3251.0,0.3360202907744834
3252.0,0.8701315543530287
3253.0,0.44071026664162277
3254.0,0.9612904373213409
3255.0,0.14512341649995567
3256.0,0.48384418088501063
3257.0,0.9739820590840225
3258.0,0.0988299298992339
3259.0,0.34734404193585106
3260.0,0.8841150180233155
3261.0,0.39957704642289726
3262.0,0.935669398539919
3263.0,0.23474948318587424
3264.0,0.7006044369863728
3265.0,0.8180556534593836
3266.0,0.5804783450798455
3267.0,0.9497406202955162
3268.0,0.18616016037919683
3269.0,0.5908677647604753
3270.0,0.9427978923769962
3271.0,0.2103271033753114
3272.0,0.6477494905481437
3273.0,0.8898633433667795
3274.0,0.3822256366456186
3275.0,0.9209038774122336
3276.0,0.2840757113194551
3277.0,0.7931691360754227
3278.0,0.639802244845882
3279.0,0.8987757961106031
3280.0,0.3548136713017833
3281.0,0.8927916268406202
3282.0,0.373287477747206
3283.0,0.9123813531469073
3284.0,0.3117723163492304
3285.0,0.8368243225191166
3286.0,0.5325425654621986
3287.0,0.9708698275892402
3288.0,0.1102982613177088
3289.0,0.38271696398519695
3290.0,0.9213542889062866
3291.0,0.28259619655908264
3292.0,0.7906687863727495
3293.0,0.6454954608515123
3294.0,0.8924411763992636
3295.0,0.37436069995881216
3296.0,0.9134375885121254
3297.0,0.308370505580586
3298.0,0.831784733787383
3299.0,0.545683672659978
3300.0,0.9668607080039543
3301.0,0.12496020935598146
3302.0,0.4264461061913939
3303.0,0.9539003163518099
3304.0,0.17150056098133473
3305.0,0.5541436624012467
3306.0,0.9635670089049413
3307.0,0.1369119501942117
3308.0,0.4608515655440946
3309.0,0.9690228603106416
3310.0,0.11706847037349523
3311.0,0.40311743010983064
3312.0,0.9383936938407582
3313.0,0.22546277988255667
3314.0,0.6810543276037272
3315.0,0.8471553887782526
3316.0,0.5049842305646592
3317.0,0.9749031140381454
3318.0,0.09542142587980165
3319.0,0.33663309171518196
3320.0,0.8709138877820934
3321.0,0.4384492626164531
3322.0,0.9602248762374124
3323.0,0.148952946839808
3324.0,0.49438726922342685
3325.0,0.974877139287596
3326.0,0.09551764006991365
3327.0,0.3369366799710135
3328.0,0.8713003792783849
3329.0,0.4373305105561374
3330.0,0.9596828868620979
3331.0,0.15089740975189803
3332.0,0.4996967877800567
3333.0,0.9749996414431639
3334.0,0.09506382845257648
3335.0,0.3355041181928108
3336.0,0.8694703089870535
3337.0,0.44261759403034384
3338.0,0.962158311992021
3339.0,0.14199780916107468
3340.0,0.47515428228266576
3341.0,0.9725924922133311
3342.0,0.10395971158401106
3343.0,0.3632931508103831
3344.0,0.9021138258001244
3345.0,0.34438743729150995
3346.0,0.8805604482764554
3347.0,0.4101776063097309
3348.0,0.9435345566078261
3349.0,0.20778067866932634
3350.0,0.6419706861400578
3351.0,0.8963928646799927
3352.0,0.3622035176400771
3353.0,0.9009473048520026
3354.0,0.34804090905446966
3355.0,0.8849428952481314
3356.0,0.39709397285214587
3357.0,0.9337003633489158
3358.0,0.24142557984097174
3359.0,0.7142431500337472
3360.0,0.7959895033881075
3361.0,0.6333218341478398
3362.0,0.9056786253038779
3363.0,0.3331569265890678
3364.0,0.8664372165336977
3365.0,0.4513226887222403
3366.0,0.9657590255303955
3367.0,0.12896726753420795
3368.0,0.43810537461197513
3369.0,0.9600593158574966
3370.0,0.1495471609816555
3371.0,0.49601294973353105
3372.0,0.9749380033776733
3373.0,0.09529218249575369
3374.0,0.3362251715587037
3375.0,0.8703934417191934
3376.0,0.43995392349250084
3377.0,0.9609384279146166
3378.0,0.14638948611924704
3379.0,0.48734245744466026
3380.0,0.9743751678041929
3381.0,0.09737598066590104
3382.0,0.3427862063154949
3383.0,0.8786069099937708
3384.0,0.4159615500493781
3385.0,0.9474564018265977
3386.0,0.19415279701113777
3387.0,0.6101842048531698
3388.0,0.9276518199034114
3389.0,0.26174429163987073
3390.0,0.7536134479918708
3391.0,0.7241528540909311
3392.0,0.7790464422112701
3393.0,0.671319024048006
3394.0,0.8605341887970311
3395.0,0.46805888496302017
3396.0,0.9710210841637582
3397.0,0.10974263926547144
3398.0,0.38102685033082817
3399.0,0.9197970196654077
3400.0,0.287704802892161
3401.0,0.7992299222112808
3402.0,0.6257996692483804
3403.0,0.9132803285462926
3404.0,0.3088775431430069
3405.0,0.8325416052912926
3406.0,0.5437227149261316
3407.0,0.9675444643780041
3408.0,0.12246847793499242
3409.0,0.41913280440438694
3410.0,0.9494959370383533
3411.0,0.1870182700854495
3412.0,0.5929655032848119
3413.0,0.9412939192761063
3414.0,0.21551273955874023
3415.0,0.6593612947218447
3416.0,0.8759555132038516
3417.0,0.4237640631573515
3418.0,0.9523335195415225
3419.0,0.17703810968679856
3420.0,0.5682129078807622
3421.0,0.9568532968739576
3422.0,0.16101175402804271
3423.0,0.5268391794621375
3424.0,0.9721906679386167
3425.0,0.10544029513556359
3426.0,0.3678582932594264
3427.0,0.9069004204247841
3428.0,0.3292849866467223
3429.0,0.8613398984415819
3430.0,0.4657905633974864
3431.0,0.9704358863446205
3432.0,0.11189129967268999
3433.0,0.38754938324796046
3434.0,0.9256839492891352
3435.0,0.2682933837386593
3436.0,0.7656169715248071
3437.0,0.6998457353081602
3438.0,0.819240560108649
3439.0,0.5775333126479126
3440.0,0.9515554831763801
3441.0,0.1797808178920492
3442.0,0.5750927340994486
3443.0,0.953008217013331
3444.0,0.17465586574177078
3445.0,0.562189657784677
3446.0,0.9599165412120365
3447.0,0.15005942296627278
3448.0,0.4974122109266778
3449.0,0.9749738830560767
3450.0,0.09515926061706631
3451.0,0.33580550536993026
3452.0,0.8698566549393864
3453.0,0.441503613708486
3454.0,0.9616548738842524
3455.0,0.1438116319337685
3456.0,0.4802064011718276
3457.0,0.9734720324371744
3458.0,0.10071451454926399
3459.0,0.3532272943226433
3460.0,0.8909853141857772
3461.0,0.37880888795509143
3462.0,0.9177195860091417
3463.0,0.2944903551109699
3464.0,0.8102865648445805
3465.0,0.5995167659401047
3466.0,0.9363760118576074
3467.0,0.23234630747347207
3468.0,0.6956098534199678
3469.0,0.8257734624555728
3470.0,0.5610994395228592
3471.0,0.9604407481109707
3472.0,0.1481778381681376
3473.0,0.4922625491314238
3474.0,0.9747665142308197
3475.0,0.09592735216395572
3476.0,0.3382286515559957
3477.0,0.8729371202081733
3478.0,0.43257982704625464
3479.0,0.9572726290876595
3480.0,0.15951679648031303
3481.0,0.5228776336717885
3482.0,0.9729587941225598
3483.0,0.10260891834232291
3484.0,0.35911328005387155
3485.0,0.8975886353570026
3486.0,0.35850078043633
3487.0,0.8969140863652019
3488.0,0.3605909113750206
3489.0,0.8992039134341353
3490.0,0.3534813184455985
3491.0,0.8912758762266836
3492.0,0.3779224358638599
3493.0,0.9168785665048877
3494.0,0.29722781707643653
3495.0,0.8146454231464103
3496.0,0.588893205002764
3497.0,0.9441821926069127
3498.0,0.2055385011065704
3499.0,0.6368404601107955
3500.0,0.9019712850589965
3501.0,0.34483443535327407
3502.0,0.8811022254366646
3503.0,0.4085682656921645
3504.0,0.9423969280496993
3505.0,0.21171133640353773
3506.0,0.6508696211228867
3507.0,0.8862295939467227
3508.0,0.3932241329630237
3509.0,0.9305357654521577
3510.0,0.2520919231994463
3511.0,0.7353121832824979
3512.0,0.7590498879554141
3513.0,0.7132833066461209
3514.0,0.7975899013137774
3515.0,0.6296169774806193
3516.0,0.9094778126802756
3517.0,0.32107889159805075
3518.0,0.85015022417605
3519.0,0.4968397999869015
3520.0,0.9749610512299213
3521.0,0.09520679927681559
3522.0,0.33595561212829095
3523.0,0.8700488113504055
3524.0,0.4409491211507929
3525.0,0.9614006754578314
3526.0,0.1447267250795222
3527.0,0.4827455104963865
3528.0,0.9738389021086817
3529.0,0.09935910990891259
3530.0,0.34899882102938273
3531.0,0.8860747114029861
3532.0,0.39369063713889385
3533.0,0.930923445535456
3534.0,0.2507894379426184
3535.0,0.7327869734602713
3536.0,0.763659877450107
3537.0,0.7038855291896788
3538.0,0.812879694849474
3539.0,0.5932145565485102
3540.0,0.9411130811451119
3541.0,0.21613507360639697
3542.0,0.6607407438978619
3543.0,0.8742334116795317
3544.0,0.4288024789725227
3545.0,0.9552305606982135
3546.0,0.16678403276492143
3547.0,0.541971764800405
3548.0,0.9681296467422039
3549.0,0.12033307197997553
3550.0,0.41282679269456646
3551.0,0.9453632445195272
3552.0,0.20144116368105516
3553.0,0.6273642228979223
3554.0,0.9117355834298727
3555.0,0.31384785641688306
3556.0,0.8398547798137015
3557.0,0.5245450416873438
3558.0,0.9726504096214096
3559.0,0.10374620211038355
3560.0,0.36263341786641445
3561.0,0.9014086462404539
3562.0,0.34659728502128384
3563.0,0.8832236674449192
3564.0,0.4022445207692573
3565.0,0.9377310784934346
3566.0,0.22772686139180087
3567.0,0.6858826181705174
3568.0,0.8402458438220871
3569.0,0.523507786471004
3570.0,0.9728447975034115
3571.0,0.10302941014843545
3572.0,0.3604159680923135
3573.0,0.8990135623419364
3574.0,0.3540738905620707
3575.0,0.8919517252788071
3576.0,0.37585799569876954
3577.0,0.9148961747954858
3578.0,0.3036585401462874
3579.0,0.8246551214558004
3580.0,0.5639363032388259
3581.0,0.9590573815997963
3582.0,0.15313864955508227
3583.0,0.5057800939133591
3584.0,0.9748697030059758
3585.0,0.0955451841513639
3586.0,0.3370235775536988
3587.0,0.8714108743337586
3588.0,0.4370104534638685
3589.0,0.9595260364059728
3590.0,0.15145970527356464
3591.0,0.5012266855128373
3592.0,0.9749941314463451
3593.0,0.09508424285697586
3594.0,0.33556859550743684
3595.0,0.8695530215447521
3596.0,0.4423792006418615
3597.0,0.9620513895771837
3598.0,0.14238320222019502
3599.0,0.47622988118830045
3600.0,0.972796427661543
3601.0,0.1032077981628852
3602.0,0.36096819938889196
3603.0,0.8996136178334491
3604.0,0.3522049301240423
3605.0,0.889810807549407
3606.0,0.38238538383894877
3607.0,0.9210505280546253
3608.0,0.2835941660171927
3609.0,0.7923572085710019
3610.0,0.6416563241266295
3611.0,0.8967405947562319
3612.0,0.3611279118426383
3613.0,0.8997867182101745
3614.0,0.35166526177668017
3615.0,0.8891875412012546
3616.0,0.3842789253175147
3617.0,0.9227736682098894
3618.0,0.2779234593265821
3619.0,0.7826598393218582
3620.0,0.663403319414711
3621.0,0.8708674852965904
3622.0,0.43858350256415485
3623.0,0.9602892539865798
3624.0,0.14872183039146344
3625.0,0.4937542254702572
3626.0,0.9748478621720422
3627.0,0.09562608038350065
3628.0,0.3372787592225568
3629.0,0.8717350114194125
3630.0,0.4360710170115362
3631.0,0.9590610320228367
3632.0,0.15312557862469972
3633.0,0.5057447296026475
3634.0,0.9748712925189905
3635.0,0.09553929661123903
3636.0,0.337005003715648
3637.0,0.8713872616264299
3638.0,0.43707885741632474
3639.0,0.9595596262822629
3640.0,0.15133930457609682
3641.0,0.5008993059194289
3642.0,0.9749968458705668
3643.0,0.09507418601075078
3644.0,0.3355368321440614
3645.0,0.8695122790332785
3646.0,0.44249663501016673
3647.0,0.9621041157578996
3648.0,0.14219316617847808
3649.0,0.4756996517154094
3650.0,0.9726970229856656
3651.0,0.1035743453959075
3652.0,0.36210213144969533
3653.0,0.9008382936122034
3654.0,0.3483817832588225
3655.0,0.8853464737736788
3656.0,0.39588157108574673
3657.0,0.9327214757656676
3658.0,0.24473328520361287
3659.0,0.7208717268365339
3660.0,0.7847411531085655
3661.0,0.6587976553329773
3662.0,0.8766548881769208
3663.0,0.42171127132848196
3664.0,0.95109641235569
3665.0,0.1813969043633187
3666.0,0.5791190630578225
3667.0,0.950586678057324
3668.0,0.1831894176733353
3669.0,0.5835611142107745
3670.0,0.9477684067482302
3671.0,0.1930634702807909
3672.0,0.6075808702233233
3673.0,0.9298627898117706
3674.0,0.2543501295474419
3675.0,0.7396589504719014
3676.0,0.750997991088956
3677.0,0.7293000330303026
3678.0,0.7699438299239785
3679.0,0.6908082818752993
3680.0,0.8330095783144056
3681.0,0.5425080209283609
3682.0,0.9679529658113406
3683.0,0.12097808497464414
3684.0,0.41473531292899646
3685.0,0.946646739240867
3686.0,0.19697609226945392
3687.0,0.616888394240467
3688.0,0.921714702838352
3689.0,0.2814111666988458
3690.0,0.7886537956285569
3691.0,0.6500480464499866
3692.0,0.8871937766505164
3693.0,0.3903158193601292
3694.0,0.9280805840177047
3695.0,0.2603133529895375
3696.0,0.7509462138550396
3697.0,0.7294013912321009
3698.0,0.7697625066330286
3699.0,0.6911899410587543
3700.0,0.8324409851080052
3701.0,0.5439836665396343
3702.0,0.9674552046031479
3703.0,0.12279396358877351
3704.0,0.42009086377023663
3705.0,0.9500966667933511
3706.0,0.18491066311190862
3707.0,0.5878029681397491
3708.0,0.9449334912648159
3709.0,0.20293333456851792
3710.0,0.6308304455287376
3711.0,0.908245238638733
3712.0,0.3250097180023355
3713.0,0.8555757647048737
3714.0,0.4819069146627227
3715.0,0.9737232970256142
3716.0,0.09978632763520856
3717.0,0.35033316416392074
3718.0,0.8876393691781829
3719.0,0.38896930590624773
3720.0,0.9269215213793324
3721.0,0.2641782568743094
3722.0,0.7581136113297271
3723.0,0.7151717182206736
3724.0,0.7944344135440559
3725.0,0.6369026668717748
3726.0,0.9019048732332439
3727.0,0.3450426441983437
3728.0,0.8813540497435398
3729.0,0.4078194461023869
3730.0,0.941860707384204
3731.0,0.21356054955273024
3732.0,0.6550145207871177
3733.0,0.8812849435460468
3734.0,0.4080249881178428
3735.0,0.9420083290381804
3736.0,0.2130516845374149
3737.0,0.6538765905874205
3738.0,0.8826557799898463
3739.0,0.403940760757413
3740.0,0.939013227968928
3741.0,0.2233428041063778
3742.0,0.6764971042450839
3743.0,0.8535102115530899
3744.0,0.48761906827798945
3745.0,0.97440217886581
3746.0,0.0972760334807507
3747.0,0.34247228648490996
3748.0,0.8782215759513602
3749.0,0.4170989139909909
3750.0,0.9481968987602548
3751.0,0.1915662057725906
3752.0,0.6039875188560878
3753.0,0.9328277240964037
3754.0,0.24437462888875702
3755.0,0.7201571116125333
3756.0,0.7859703002050636
3757.0,0.6560618508624405
3758.0,0.8800143249510186
3759.0,0.4117975400448844
3760.0,0.9446592716256783
3761.0,0.2038847154135528
3762.0,0.6330313791137208
3763.0,0.9059803434672958
3764.0,0.3322018468008883
3765.0,0.8651907411535731
3766.0,0.4548793180452455
3767.0,0.9670600838337579
3768.0,0.12423402454789202
3769.0,0.4243197336008505
3770.0,0.9526627393832396
3771.0,0.17587613305883892
3772.0,0.5652805036285231
3773.0,0.958379977799425
3774.0,0.15556240421513484
3775.0,0.5123146961787731
3776.0,0.9744085582062956
3777.0,0.09725242761243308
3778.0,0.342398132450094
3779.0,0.8781304402446493
3780.0,0.41736774362551216
3781.0,0.9483704498051977
3782.0,0.1909593649917903
3783.0,0.6025261550635178
3784.0,0.9340047113587768
3785.0,0.24039565102170077
3786.0,0.7121617697670584
3787.0,0.7994507954523079
3788.0,0.6252839623016222
3789.0,0.9137853222810222
3790.0,0.30724865755268344
3791.0,0.8301029879405535
3792.0,0.5500248676756033
3793.0,0.9652402991947496
3794.0,0.1308507096202014
3795.0,0.4435423255071554
3796.0,0.962568870864354
3797.0,0.1405171548583785
3798.0,0.4710111277906514
3799.0,0.971722616623317
3800.0,0.10716331456759907
3801.0,0.373149420456091
3802.0,0.9122448288305602
3803.0,0.31221138429960216
3804.0,0.8374681996719803
3805.0,0.5308493354195946
3806.0,0.9712884421662604
3807.0,0.10876009669394768
3808.0,0.3780322184381762
3809.0,0.9169830550174604
3810.0,0.29688801413039195
3811.0,0.8141075326648061
3812.0,0.5902121859005883
3813.0,0.943260869908647
3814.0,0.20872722471053515
3815.0,0.6441246644631743
3816.0,0.8939895162641719
3817.0,0.3696118181883029
3818.0,0.9086957959709754
3819.0,0.32357421078703835
3820.0,0.8536083695122761
3821.0,0.48734837194239133
3822.0,0.9743757515992185
3823.0,0.09737382054923845
3824.0,0.3427794225214443
3825.0,0.8785985910675069
3826.0,0.41598611668262475
3827.0,0.9474725028987444
3828.0,0.19409660068317938
3829.0,0.6100501301170138
3830.0,0.9277669785587905
3831.0,0.2613601070132646
3832.0,0.75289890575359
3833.0,0.7255643595276836
3834.0,0.7765708068723769
3835.0,0.6766834962652534
3836.0,0.8532534743751962
3837.0,0.4883267330832252
3838.0,0.9744685658740098
3839.0,0.09703036199009578
3840.0,0.34170033628445035
3841.0,0.877270744223421
3842.0,0.4199004636571136
3843.0,0.949977850682853
3844.0,0.18532774218987616
3845.0,0.588827343642248
3846.0,0.9442278417837018
3847.0,0.20538033587835822
3848.0,0.6364770887001189
3849.0,0.9023586166137655
3850.0,0.3436194201829618
3851.0,0.8796259455987391
3852.0,0.41294815157022646
3853.0,0.945445705171343
3854.0,0.20115468260317948
3855.0,0.626696757452975
3856.0,0.9123969334385178
3857.0,0.3117222002329762
3858.0,0.836750733448065
3859.0,0.5327358797365419
3860.0,0.9708206124937112
3861.0,0.11047900831908185
3862.0,0.3832662484556649
3863.0,0.9218556018765033
3864.0,0.2809476195451113
3865.0,0.7878626130064822
3866.0,0.651826952529013
3867.0,0.885099448294436
3868.0,0.396623818200952
3869.0,0.9333221236429357
3870.0,0.24270455493014792
3871.0,0.7168163103905963
3872.0,0.7916636814395736
3873.0,0.6432359580235484
3874.0,0.8949854952833974
3875.0,0.3665471882113439
3876.0,0.905542353400236
3877.0,0.3335880584345325
3878.0,0.8669975562472044
3879.0,0.4497198954634621
3880.0,0.9651404532423998
3881.0,0.13121299915407394
3882.0,0.444584977227561
3883.0,0.9630237834794073
3884.0,0.13887500613641826
3885.0,0.4663960813474094
3886.0,0.9705960289396414
3887.0,0.11130357243033688
3888.0,0.3857688400588684
3889.0,0.9241098441841642
3890.0,0.27351027625772745
3891.0,0.7749393796526813
3892.0,0.6801925163131751
3893.0,0.8483695625524318
3894.0,0.5016907267594065
3895.0,0.9749888516277976
3896.0,0.09510380423429377
3897.0,0.33563037555238967
3898.0,0.869632243579911
3899.0,0.44215081757371727
3900.0,0.9619485411611816
3901.0,0.14275382674431897
3902.0,0.4772631696072705
3903.0,0.9729838425203998
3904.0,0.10251651038708673
3905.0,0.35882681439205016
3906.0,0.8972735134946831
3907.0,0.3594776463548004
3908.0,0.8979885256914525
3909.0,0.35726002032998183
3910.0,0.895538662994831
3911.0,0.36484174769741995
3912.0,0.9037557626545972
3913.0,0.33922700808049777
3914.0,0.8741929757700815
3915.0,0.42892050584889174
3916.0,0.955296051493768
3917.0,0.16655147142731838
3918.0,0.5413671072915828
3919.0,0.968326173493874
3920.0,0.1196153213602849
3921.0,0.4106992353990266
3922.0,0.9438989564225578
3923.0,0.20651949429915997
3924.0,0.6390898518169589
3925.0,0.899550651173992
3926.0,0.3524011808711119
3927.0,0.8900368955078555
3928.0,0.3816977585561175
3929.0,0.9204178607104779
3930.0,0.2856704073429382
3931.0,0.795845020274686
3932.0,0.6336553235168155
3933.0,0.9053313925329
3934.0,0.3342552026866267
3935.0,0.8678617824378403
3936.0,0.4472430651844547
3937.0,0.9641451527325863
3938.0,0.13482018105989224
3939.0,0.4549104293715934
3940.0,0.9670710294201291
3941.0,0.12419414855804141
3942.0,0.4242028518857397
3943.0,0.9525936901172051
3944.0,0.17611991149775624
3945.0,0.565896584259937
3946.0,0.9580647967132047
3947.0,0.15668890384715292
3948.0,0.5153362159074892
3949.0,0.9740827218783915
3950.0,0.09845773398386516
3951.0,0.34617885355024763
3952.0,0.8827223141290469
3953.0,0.4037421580440579
3954.0,0.938864268661741
3955.0,0.22385279939878133
3956.0,0.6775966220404301
3957.0,0.8519918153753314
3958.0,0.4917968714442365
3959.0,0.9747375638594008
3960.0,0.09603455729728125
3961.0,0.3385664922977861
3962.0,0.873362968104741
3963.0,0.4313403667872708
3964.0,0.9566148335916644
3965.0,0.1618612856018207
3966.0,0.5290826183180715
3967.0,0.9717013851158849
3968.0,0.10724143279104704
3969.0,0.3733887607474845
3970.0,0.912481416970275
3971.0,0.31145041455135725
3972.0,0.8363513099258654
3973.0,0.5337844056135024
3974.0,0.9705485943556351
3975.0,0.11147767936475021
3976.0,0.3862965848359806
3977.0,0.9245789801821507
3978.0,0.2719574893911911
3979.0,0.772186792085402
3980.0,0.6860659658356068
3981.0,0.839979879794885
3982.0,0.5242133572051567
3983.0,0.9727134819981365
3984.0,0.10351365935507034
3985.0,0.36191446855977194
3986.0,0.9006363054267922
3987.0,0.3490131480184833
3988.0,0.8860915850619752
3989.0,0.39363982298289324
3990.0,0.9308812997050698
3991.0,0.2509310917014322
3992.0,0.7330622477839424
3993.0,0.7631597557657954
3994.0,0.7049130774866189
3995.0,0.8112414596323554
3996.0,0.5972021398430915
3997.0,0.9381518016387038
3998.0,0.22628969501095597
3999.0,0.6828224088769376
4000.0,0.8446462705684921
4001.0,0.511753897914596
4002.0,0.9744611989468717
4003.0,0.09705762570619855
4004.0,0.34178602769404864
4005.0,0.8773765219719695
4006.0,0.4195891465909246
4007.0,0.9497829691506944
4008.0,0.1860115945817435
4009.0,0.5905039969253123
4010.0,0.943055203508118
4011.0,0.20943813791308255
4012.0,0.6457378367722744
4013.0,0.8921658834384579
4014.0,0.3752030874810419
4015.0,0.9142603494403685
4016.0,0.3057146152380208
4017.0,0.8277874381447697
4018.0,0.5559660420385062
4019.0,0.9627844283403223
4020.0,0.13973923425431228
4021.0,0.46882750459088984
4022.0,0.9712102745668791
4023.0,0.10904742085616485
4024.0,0.37890871535705495
4025.0,0.9178139130557329
4026.0,0.2941829828225202
4027.0,0.8097934862166435
4028.0,0.6007091840011795
4029.0,0.9354448750054847
4030.0,0.23551226724268554
4031.0,0.7021803329614921
4032.0,0.8155801405579628
4033.0,0.5865957820531241
4034.0,0.9457545650693705
4035.0,0.20008118410728373
4036.0,0.6241899451066928
4037.0,0.9148497443841468
4038.0,0.3038087893791915
4039.0,0.8248851346130521
4040.0,0.5633536322990901
4041.0,0.9593466373705956
4042.0,0.1521026002716737
4043.0,0.5029728571228497
4044.0,0.9749655322700558
4045.0,0.09519019830614815
4046.0,0.3359031953650789
4047.0,0.8699817309635733
4048.0,0.4411427231374723
4049.0,0.9614897017452784
4050.0,0.14440629521391066
4051.0,0.48185715675436386
4052.0,0.9737162652319605
4053.0,0.09981231021326299
4054.0,0.350414270478302
4055.0,0.8877340271414994
4056.0,0.3886830643668765
4057.0,0.926673305380879
4058.0,0.2650045728538852
4059.0,0.7596308819596185
4060.0,0.7121080400181956
4061.0,0.7995396995025942
4062.0,0.6250762768453928
4063.0,0.9139881073849291
4064.0,0.30659400308099327
4065.0,0.8291170693874841
4066.0,0.5525596230873965
4067.0,0.9642261954815522
4068.0,0.1345267537720224
4069.0,0.45407429453717774
4070.0,0.9667742353531941
4071.0,0.12527507152071987
4072.0,0.42736678910717374
4073.0,0.9544252250340531
4074.0,0.16964108792572566
4075.0,0.5493656579310973
4076.0,0.9654958240864165
4077.0,0.12992318725662097
4078.0,0.4408682954118377
4079.0,0.9613634218987434
4080.0,0.14486079244214037
4081.0,0.4831169586951844
4082.0,0.9738883553735694
4083.0,0.09917632390120089
4084.0,0.3484274846467154
4085.0,0.8854005130989653
4086.0,0.39571913356191174
4087.0,0.9325894534901943
4088.0,0.24517882244331463
4089.0,0.7217580531276344
4090.0,0.7832111269048609
4091.0,0.6621866846293871
4092.0,0.8724123693828181
4093.0,0.4341052058096343
4094.0,0.9580657167845764
4095.0,0.15668561651586568
4096.0,0.5153274129623442
4097.0,0.9740837746063388
4098.0,0.09845384115452409
4099.0,0.3461666610341309
4100.0,0.8827076849081869
4101.0,0.4037858288576423
4102.0,0.9388970497584174
4103.0,0.22374058088209348
4104.0,0.6773548600596837
4105.0,0.8523264890915191
4106.0,0.49087757582933034
4107.0,0.9746754473712764
4108.0,0.09626455668522647
4109.0,0.3392909980645508
4110.0,0.8742732051179558
4111.0,0.42868631492985704
4112.0,0.9551659974546942
4113.0,0.16701326756818585
4114.0,0.5425673604950952
4115.0,0.9679332772998744
4116.0,0.12104994718205536
4117.0,0.41494774413018015
4118.0,0.9467878437086734
4119.0,0.19648442858520065
4120.0,0.6157253618441165
4121.0,0.9227697984415885
4122.0,0.2779362203500688
4123.0,0.7826819432935884
4124.0,0.6633545838494658
4125.0,0.8709295917479347
4126.0,0.4384038280662709
4127.0,0.9602030552521308
4128.0,0.1490312769527566
4129.0,0.4946017262260906
4130.0,0.9748863486970213
4131.0,0.09548352770272331
4132.0,0.33682905219664966
4133.0,0.8711634429925296
4134.0,0.43772702448513184
4135.0,0.959876098430046
4136.0,0.15020449896175886
4137.0,0.4978081190682828
4138.0,0.9749812630661265
4139.0,0.09513191897081769
4140.0,0.3357191641586151
4141.0,0.8697460472034982
4142.0,0.44182265625181494
4143.0,0.9618000470301814
4144.0,0.14328879459539673
4145.0,0.4787527521613003
4146.0,0.9732393623911955
4147.0,0.10157357294594162
4148.0,0.3558998906772547
4149.0,0.894017118123374
4150.0,0.36952699144042933
4151.0,0.9086094967459154
4152.0,0.32384928875929403
4153.0,0.8539866150246342
4154.0,0.4863045578952654
4155.0,0.9742684959756679
4156.0,0.09777063552741376
4157.0,0.34402499958831956
4158.0,0.8801200170616476
4159.0,0.4114842132533058
4160.0,0.9444433264367935
4161.0,0.2046335053846114
4162.0,0.6347586720486087
4163.0,0.9041763912000126
4164.0,0.3379016347064841
4165.0,0.8725240678797627
4166.0,0.4337806935162245
4167.0,0.9578985134503504
4168.0,0.15728291038184125
4169.0,0.5169254862862698
4170.0,0.9738827588644958
4171.0,0.099197010318799
4172.0,0.3484921575041832
4173.0,0.8854769572828247
4174.0,0.39548931007550375
4175.0,0.9324023111968728
4176.0,0.24581014095925088
4177.0,0.723011310687292
4178.0,0.781037225691591
4179.0,0.6669705033247377
4180.0,0.8662713189759866
4181.0,0.4517967514928051
4182.0,0.9659381426500789
4183.0,0.12831642417279931
4184.0,0.43622014589519165
4185.0,0.9591353078204405
4186.0,0.15285959953925432
4187.0,0.5050248152350172
4188.0,0.9749015298042303
4189.0,0.09542729425944693
4190.0,0.33665161050209463
4191.0,0.8709374842289183
4192.0,0.43838099289629195
4193.0,0.9601920820578573
4194.0,0.14907066568389177
4195.0,0.49470954903416725
4196.0,0.9748908434014546
4197.0,0.095466878728475
4198.0,0.3367765197978388
4199.0,0.8710965724917094
4200.0,0.4379206021511315
4201.0,0.9599699786146154
4202.0,0.14986771321575393
4203.0,0.49688878882981435
4204.0,0.9749622494237126
4205.0,0.09520236032723149
4206.0,0.3359415965698863
4207.0,0.870030877029452
4208.0,0.44100088517477676
4209.0,0.9614245073543763
4210.0,0.14464095364980725
4211.0,0.4825077978906181
4212.0,0.9738066891749217
4213.0,0.09947816304308646
4214.0,0.34937080667057235
4215.0,0.8865122998560111
4216.0,0.3923721440340661
4217.0,0.9298233540186871
4218.0,0.2544823489264929
4219.0,0.7399122237442557
4220.0,0.7505242871025362
4221.0,0.7302265681298875
4222.0,0.7682833365758236
4223.0,0.6942938001313991
4224.0,0.8277746849989498
4225.0,0.555998647907973
4226.0,0.9627701905866677
4227.0,0.13979062774707915
4228.0,0.46897191175051106
4229.0,0.9712453051843695
4230.0,0.10891866313259288
4231.0,0.3785160130206064
4232.0,0.9174423995396029
4233.0,0.2953931879598122
4234.0,0.81173060462033
4235.0,0.5960137175578697
4236.0,0.9390473275587988
4237.0,0.22322603223755952
4238.0,0.6762450659992386
4239.0,0.8538569391726036
4240.0,0.4866625397376455
4241.0,0.9743062373996254
4242.0,0.09763101333885972
4243.0,0.34358687443581976
4244.0,0.8795862431898517
4245.0,0.4130657075259576
4246.0,0.9455254722889469
4247.0,0.20087750881267213
4248.0,0.6260503675369591
4249.0,0.9130340888908103
4250.0,0.3096710815151391
4251.0,0.8337221208746944
4252.0,0.5406552295516938
4253.0,0.9685538940093864
4254.0,0.11878326879369869
4255.0,0.40822783500869214
4256.0,0.942153691957952
4257.0,0.21255043948301486
4258.0,0.6527537256185092
4259.0,0.8839985673076943
4260.0,0.3999258911919888
4261.0,0.9359421737105011
4262.0,0.23382224260419665
4263.0,0.6986826657241892
4264.0,0.8210482735288473
4265.0,0.573019223650171
4266.0,0.9542059526123526
4267.0,0.17041811518487054
4268.0,0.5513655466866564
4269.0,0.9647101643929655
4270.0,0.1327734061284655
4271.0,0.4490640521386931
4272.0,0.9648815639403339
4273.0,0.13215201288271816
4274.0,0.44728264765767983
4275.0,0.964161434971861
4276.0,0.13476123291096506
4277.0,0.45474250775959857
4278.0,0.9670118616448291
4279.0,0.12440969222382088
4280.0,0.4248344907479207
4281.0,0.9529655702536147
4282.0,0.17480654944278873
4283.0,0.5625719568873089
4284.0,0.9597305258240417
4285.0,0.1507265901396454
4286.0,0.49923153214163085
4287.0,0.9749976968828875
4288.0,0.09507103302821482
4289.0,0.3355268736579353
4290.0,0.8694995037739421
4291.0,0.442533455172161
4292.0,0.9621206252796449
4293.0,0.142133657995485
4294.0,0.4755335569151993
4295.0,0.972665433334835
4296.0,0.10369081370853128
4297.0,0.36246221255787636
4298.0,0.9012250923995483
4299.0,0.34717185839299836
4300.0,0.883909880618506
4301.0,0.4001914938975896
4302.0,0.9361492222274598
4303.0,0.2331180382064894
4304.0,0.6972186720300638
4305.0,0.8233087020705225
4306.0,0.5673387843453489
4307.0,0.9573154036792734
4308.0,0.15936422407488662
4309.0,0.5224723458235941
4310.0,0.9730304753254208
4311.0,0.10234446071228538
4312.0,0.3582932810878077
4313.0,0.8966849026790498
4314.0,0.3613002431474
4315.0,0.8999732720512157
4316.0,0.3510833884141124
4317.0,0.8885129868957337
4318.0,0.3863248701520864
4319.0,0.924604062930834
4320.0,0.27187441999625067
4321.0,0.7720390070170166
4322.0,0.686379636778663
4323.0,0.8395242608775892
4324.0,0.5254207774745542
4325.0,0.9724797578830978
4326.0,0.10437522572384413
4327.0,0.36457604811786876
4328.0,0.9034753777008422
4329.0,0.3401097163977347
4330.0,0.87529687911739
4331.0,0.42569378484651405
4332.0,0.9534664869192989
4333.0,0.17303576644017027
4334.0,0.5580681208932691
4335.0,0.9618495640101062
4336.0,0.14311042287233164
4337.0,0.47825633597677286
4338.0,0.9731561309918956
4339.0,0.10188077524864261
4340.0,0.3568542232451749
4341.0,0.8950862177293053
4342.0,0.3662368341853727
4343.0,0.9052189203378691
4344.0,0.33461074374082556
4345.0,0.8683209362647447
4346.0,0.44592478284534126
4347.0,0.9635958964697384
4348.0,0.13680749462803635
4349.0,0.46055569576238103
4350.0,0.9689321727665194
4351.0,0.11740020764343755
4352.0,0.40410785566598967
4353.0,0.9391383169545989
4354.0,0.2229144004709006
4355.0,0.6755719250810382
4356.0,0.8547805465810193
4357.0,0.48410997869392536
4358.0,0.9740152781692807
4359.0,0.09870711264218787
4360.0,0.34695967236851816
4361.0,0.8836567666619498
4362.0,0.40094919303854293
4363.0,0.9367368567971083
4364.0,0.23111757986843032
4365.0,0.6930387521623412
4366.0,0.8296705566380641
4367.0,0.551137563935201
4368.0,0.9648013032636156
4369.0,0.13244301908933342
4370.0,0.44811727655696
4371.0,0.9645019137317188
4372.0,0.13352809134432642
4373.0,0.45122352664844373
4374.0,0.9657213370248013
4375.0,0.12910418133534246
4376.0,0.43850153761858657
4377.0,0.9602499625864153
4378.0,0.14886289056289306
4379.0,0.49414064846699746
4380.0,0.9748661051984895
4381.0,0.09555851032110677
4382.0,0.337065617562639
4383.0,0.8714643093770474
4384.0,0.4368556407502294
4385.0,0.95944988059025
4386.0,0.15173264817985938
4387.0,0.5019684214591269
4388.0,0.9749848887361411
4389.0,0.09511848634203111
4390.0,0.3356767436023246
4391.0,0.8696916828867689
4392.0,0.4419794324569599
4393.0,0.9618710935937357
4394.0,0.14303286231985396
4395.0,0.47804040420413024
4396.0,0.97311932699468
4397.0,0.10201659945399429
4398.0,0.3572759302703665
4399.0,0.8955563756872618
4400.0,0.36478709924731556
4401.0,0.9036981387331743
4402.0,0.339408469855146
4403.0,0.8744204057383642
4404.0,0.42825650309020297
4405.0,0.9549261955395003
4406.0,0.16786441078662967
4407.0,0.5447752064737605
4408.0,0.9671812054524052
4409.0,0.12379271296094664
4410.0,0.4230255009969897
4411.0,0.9518922133626188
4412.0,0.17859436725871042
4413.0,0.572123835044468
4414.0,0.9547127944320657
4415.0,0.16862147086114967
4416.0,0.5467342546605113
4417.0,0.9664820468211733
4418.0,0.1263385499747617
4419.0,0.4304707709836418
4420.0,0.9561461766183242
4421.0,0.16352959567028974
4422.0,0.5334719013397851
4423.0,0.9706305641007289
4424.0,0.11117680132349586
4425.0,0.38538442866678996
4426.0,0.9237667561510511
4427.0,0.2746447718867409
4428.0,0.7769385825318819
4429.0,0.6758895838704051
4430.0,0.8543451317149933
4431.0,0.4853141577565479
4432.0,0.9741588715466417
4433.0,0.09817612168109977
4434.0,0.3452965261697548
4435.0,0.881660657220933
4436.0,0.40690705664577337
4437.0,0.9412014452008224
4438.0,0.21583101053555231
4439.0,0.660067143164343
4440.0,0.8750761877489023
4441.0,0.4263396281966258
4442.0,0.9538391835405757
4443.0,0.1717169823845721
4444.0,0.5546980153467037
4445.0,0.9633316957568138
4446.0,0.13776258485774992
4447.0,0.4632578147771385
4448.0,0.969735046117691
4449.0,0.11446104715036172
4450.0,0.3953028917588571
4451.0,0.9322502105511754
4452.0,0.24632304636601166
4453.0,0.7240272124604193
4454.0,0.7792660515011351
4455.0,0.6708408426679647
4456.0,0.8611722852583489
4457.0,0.46626286340892126
4458.0,0.9705610418970761
4459.0,0.11143199281007876
4460.0,0.3861581247749679
4461.0,0.924456107036468
4462.0,0.27236435147784116
4463.0,0.7729098449353952
4464.0,0.6845288444956203
4465.0,0.8422015116415335
4466.0,0.5183026891779728
4467.0,0.9736935451185327
4468.0,0.09989625872084293
4469.0,0.3506762852362432
4470.0,0.8880394700156935
4471.0,0.3877589418687648
4472.0,0.9258675849913646
4473.0,0.2676835202091292
4474.0,0.7645133075485538
4475.0,0.7021275695059243
4476.0,0.8156633380179482
4477.0,0.5863909624223297
4478.0,0.9458927462858
4479.0,0.19960066935785803
4480.0,0.6230649443840369
4481.0,0.9159345759086402
4482.0,0.3002938713984284
4483.0,0.8194581025759928
4484.0,0.5769914307243311
4485.0,0.95188204642058
4486.0,0.17863020287872006
4487.0,0.5722136686430866
4488.0,0.9546622256383152
4489.0,0.16880081625269383
4490.0,0.5471976926719606
4491.0,0.9663122734451283
4492.0,0.1269561681743001
4493.0,0.43226936819351586
4494.0,0.9571089899088684
4495.0,0.1601003482435268
4496.0,0.5244260842697301
4497.0,0.9726731289882674
4498.0,0.1036624412165188
4499.0,0.36237450404044724
4500.0,0.9011309691613597
4501.0,0.3474663877607063
4502.0,0.884260638835208
4503.0,0.39914066962363554
4504.0,0.9353268423565223
4505.0,0.23591310726320835
4506.0,0.7030066410300426
4507.0,0.8142743844210277
4508.0,0.589803284057458
4509.0,0.9435479436727325
4510.0,0.2077343644883929
4511.0,0.641865113366086
4512.0,0.8965097294775476
4513.0,0.36184213427560386
4514.0,0.9005583761400708
4515.0,0.3492566504857152
4516.0,0.8863781260511352
4517.0,0.392776580465931
4518.0,0.930162239383342
4519.0,0.25334574645396274
4520.0,0.7377305489098238
4521.0,0.754588325848632
4522.0,0.722220658932204
4523.0,0.7824101171005745
4524.0,0.6639536504610352
4525.0,0.8701648819519527
4526.0,0.4406140446610379
4527.0,0.9612459024030674
4528.0,0.14528364831388207
4529.0,0.4842876084013122
4530.0,0.9740371709259731
4531.0,0.09862616626394914
4532.0,0.3467062778088975
4533.0,0.8833540354735087
4534.0,0.40185476559608585
4535.0,0.937433300558823
4536.0,0.22874321949263618
4537.0,0.6880370602122413
4538.0,0.837104049548278
4539.0,0.5318073531347933
4540.0,0.9710543399175784
4541.0,0.1096204544947766
4542.0,0.38065486075942734
4543.0,0.9194512771846284
4544.0,0.2888364416659178
4545.0,0.8010988113635857
4546.0,0.6214240726021997
4547.0,0.9174991589115135
4548.0,0.2952083640018974
4549.0,0.8114355047183606
4550.0,0.596730912963198
4551.0,0.9385082088614941
4552.0,0.2250711479682286
4553.0,0.6802150926499202
4554.0,0.8483378294866045
4555.0,0.5017769505393888
4556.0,0.9749876855424442
4557.0,0.09510812447382538
4558.0,0.33564401961829715
4559.0,0.8696497356798003
4560.0,0.44210038435622967
4561.0,0.9619257745823843
4562.0,0.14283585722821085
4563.0,0.47749172296056275
4564.0,0.9730241721123921
4565.0,0.10236771712980555
4566.0,0.35836541371580694
4567.0,0.8967646114756113
4568.0,0.3610535880143682
4569.0,0.8997061889256445
4570.0,0.35191635388469433
4571.0,0.889477811637468
4572.0,0.3833974335441472
4573.0,0.9219749818340427
4574.0,0.2805547473540214
4575.0,0.7871907462554562
4576.0,0.6533337535344134
4577.0,0.8833061641054862
4578.0,0.4019978997790784
4579.0,0.9375427945739249
4580.0,0.22836958137411673
4581.0,0.6872459711407969
4582.0,0.8382618905370054
4583.0,0.5287576843002908
4584.0,0.9717746828153707
4585.0,0.10697172975237978
4586.0,0.3725622372660381
4587.0,0.9116625048545135
4588.0,0.31408253017793986
4589.0,0.8401953082183571
4590.0,0.5236418938382463
4591.0,0.9728201373373904
4592.0,0.10312035914018013
4593.0,0.36069754761682354
4594.0,0.8993198243641282
4595.0,0.3531203436922271
4596.0,0.8908628295953509
4597.0,0.37918236891879115
4598.0,0.9180720900777071
4599.0,0.29334133724242456
4600.0,0.8084395687182777
4601.0,0.6039736265506431
4602.0,0.9328389914294389
4603.0,0.24433658924354973
4604.0,0.7200812595614765
4605.0,0.7861005328403526
4606.0,0.6557712919230185
4607.0,0.8803676879892716
4608.0,0.41074964554141496
4609.0,0.9439340594931659
4610.0,0.20639794820548119
4611.0,0.6388115572099899
4612.0,0.899852271181257
4613.0,0.35146082880164303
4614.0,0.8889508470168503
4615.0,0.38499723055901125
4616.0,0.9234200157815208
4617.0,0.2757904119187491
4618.0,0.7789472363884995
4619.0,0.6715349133137525
4620.0,0.8602455167063293
4621.0,0.46887035400266025
4622.0,0.9712206860463132
4623.0,0.1090091536639636
4624.0,0.3787920165175769
4625.0,0.9177036364864861
4626.0,0.2945423210572653
4627.0,0.8103698544375102
4628.0,0.5993151584801111
4629.0,0.9365323472546746
4630.0,0.23181408822126431
4631.0,0.6944976352212919
4632.0,0.8274656125839686
4633.0,0.5567884630425243
4634.0,0.9624227748145446
4635.0,0.1410441915979861
4636.0,0.47248783769638103
4637.0,0.9720480156089795
4638.0,0.10596561674253624
4639.0,0.3694739287625496
4640.0,0.9085554844365324
4641.0,0.3240214229336381
4642.0,0.8542230076134243
4643.0,0.48565163742146983
4644.0,0.9741970855161286
4645.0,0.09803478394323673
4646.0,0.3448534638137145
4647.0,0.8811252540066506
4648.0,0.4084998089576275
4649.0,0.9423480886529164
4650.0,0.21187985701393522
4651.0,0.6512484545021894
4652.0,0.8857832295417266
4653.0,0.39456806923698634
4654.0,0.931648021104774
4655.0,0.2483519449176972
4656.0,0.7280256998558478
4657.0,0.7722166928004782
4658.0,0.6860024814270033
4659.0,0.8400719999216895
4660.0,0.5239690359901235
4661.0,0.9727593927234462
4662.0,0.10334437070785744
4663.0,0.3613908158283321
4664.0,0.9000712268467321
4665.0,0.35077775245246734
4666.0,0.8881576112637652
4667.0,0.38740130839023007
4668.0,0.9255539851262948
4669.0,0.26872484239820404
4670.0,0.7663960257574313
4671.0,0.6982293140965194
4672.0,0.8217500422280114
4673.0,0.5712599502724642
4674.0,0.955195875999947
4675.0,0.16690718644329927
4676.0,0.5422917924718359
4677.0,0.9680244767291247
4678.0,0.12071704781147305
4679.0,0.4139633244987067
4680.0,0.9461309928278722
4681.0,0.1987718352298266
4682.0,0.6211202117218536
4683.0,0.9177865878185681
4684.0,0.2942720314517796
4685.0,0.8099364115323876
4686.0,0.6003637411450632
4687.0,0.9357157659071303
4688.0,0.23459190822585485
4689.0,0.700278324801147
4690.0,0.8185655111979003
4691.0,0.5792124587933597
4692.0,0.9505290068504502
4693.0,0.1833920945467534
4694.0,0.5840617933975814
4695.0,0.9474410980740511
4696.0,0.19420620864172086
4697.0,0.610311612950244
4698.0,0.9275422573884307
4699.0,0.26210971077409917
4700.0,0.7542920201388673
4701.0,0.7228087171254062
4702.0,0.7813894747344299
4703.0,0.6661978576838584
4704.0,0.867275261195054
4705.0,0.4489246418050088
4706.0,0.9648261003624881
4707.0,0.13235311604502847
4708.0,0.44785949800097885
4709.0,0.9643973354000311
4710.0,0.13390694800606884
4711.0,0.4523059213988983
4712.0,0.9661285719789287
4713.0,0.12762420210105044
4714.0,0.4342114340425706
4715.0,0.9581202718981333
4716.0,0.15649068425632356
4717.0,0.5148052649895136
4718.0,0.9741451361015021
4719.0,0.09822692065402337
4720.0,0.3454557315801211
4721.0,0.8818526694844012
4722.0,0.40633530134978285
4723.0,0.9407850044843797
4724.0,0.2172634613046508
4725.0,0.6632341937776358
4726.0,0.8710829321288843
4727.0,0.43796008418225635
4728.0,0.9599890904967763
4729.0,0.1497991428333994
4730.0,0.49670150259513496
4731.0,0.9749575676679935
4732.0,0.0952197047681233
4733.0,0.33599635910877945
4734.0,0.8701009425202519
4735.0,0.4407986401479226
4736.0,0.9613312760674928
4737.0,0.1449764695155611
4738.0,0.4834373419292223
4739.0,0.973930145594759
4740.0,0.09902184667646913
4741.0,0.34794443017327875
4742.0,0.8848285043702172
4743.0,0.3974373866743087
4744.0,0.9339755503564384
4745.0,0.24049436460202286
4746.0,0.7123616182670994
4747.0,0.799119918039217
4748.0,0.6260563710656272
4749.0,0.9130281861236832
4750.0,0.3096900981227824
4751.0,0.8337503508651869
4752.0,0.540581742859722
4753.0,0.9685771763712229
4754.0,0.11869817615749038
4755.0,0.4079747846240655
4756.0,0.9419723029665501
4757.0,0.21317588530073178
4758.0,0.6541545161852261
4759.0,0.8823219020448255
4760.0,0.40493685654562467
4761.0,0.9397556951506342
4762.0,0.22079822147207176
4763.0,0.6709808307806827
4764.0,0.8609856664716353
4765.0,0.4667884595479141
4766.0,0.9706982749651177
4767.0,0.11092822238496343
4768.0,0.3846302922675545
4769.0,0.9230903390971473
4770.0,0.2768788033543775
4771.0,0.7808460332689593
4772.0,0.6673894718286534
4773.0,0.8657249824116053
4774.0,0.45335642523612074
4775.0,0.9665150700396609
4776.0,0.12621838876097224
4777.0,0.43012049768826965
4778.0,0.955955735110993
4779.0,0.16420703371563666
4780.0,0.5352480267963988
4781.0,0.9701545487671454
4782.0,0.11292333106689156
4783.0,0.3906694442338302
4784.0,0.9283826353458556
4785.0,0.2593044391631447
4786.0,0.7490560232743835
4787.0,0.733087279355924
4788.0,0.7631142487895684
4789.0,0.7050064791272144
4790.0,0.8110921397118657
4791.0,0.5975645543770229
4792.0,0.9378765151439304
4793.0,0.22723021419308828
4794.0,0.6848269114083209
4795.0,0.8417721499951167
4796.0,0.5194480102020901
4797.0,0.9735249221067996
4798.0,0.1005191777606224
4799.0,0.3526187833855081
4800.0,0.8902872302580057
4801.0,0.38093592380038427
4802.0,0.9197126084590552
4803.0,0.2879811725719336
4804.0,0.7996872655825084
4805.0,0.6247314171059485
4806.0,0.9143240869882934
4807.0,0.3055086486711367
4808.0,0.8274751456072633
4809.0,0.5567641131370565
4810.0,0.9624335582930774
4811.0,0.14100529624117158
4812.0,0.472378930425133
4813.0,0.9720245984106074
4814.0,0.10605183613168875
4815.0,0.36973889232066615
4816.0,0.9088249709219967
4817.0,0.3231623582874515
4818.0,0.8530409490468229
4819.0,0.48891214435486247
4820.0,0.974520531883051
4821.0,0.09683803280356293
4822.0,0.3410956700045661
4823.0,0.8765227142439388
4824.0,0.4220995180676711
4825.0,0.9513329081673725
4826.0,0.18056456342021024
4827.0,0.5770479072426086
4828.0,0.9518481179591841
4829.0,0.17874978535729863
4830.0,0.5725133684088715
4831.0,0.9544930644677972
4832.0,0.16940061196761572
4833.0,0.5487457740671907
4834.0,0.9657330130913024
4835.0,0.12906176601589717
4836.0,0.4383788236181444
4837.0,0.9601910394231333
4838.0,0.14907440821515897
4839.0,0.4947197932187905
4840.0,0.9748912657237557
4841.0,0.09546531438322799
4842.0,0.3367715837184638
4843.0,0.8710902880610639
4844.0,0.43793879261635077
4845.0,0.9599787854985264
4846.0,0.14983611587607235
4847.0,0.4968024915954538
4848.0,0.974960126166011
4849.0,0.09521022635423089
4850.0,0.3359664326920473
4851.0,0.8700626563052867
4852.0,0.44090915859227353
4853.0,0.961382262600735
4854.0,0.14479299025396297
4855.0,0.4829291228863871
4856.0,0.9738634821028305
4857.0,0.09926826128458383
4858.0,0.3487148869858657
4859.0,0.8857399768631724
4860.0,0.3946982139734369
4861.0,0.9317549820525021
4862.0,0.24799177834409009
4863.0,0.7273182392495204
4864.0,0.7734730306075414
4865.0,0.6833287559682742
4866.0,0.8439232122169873
4867.0,0.5136956139835616
4868.0,0.9742684776146918
4869.0,0.097770703450066
4870.0,0.34402521268808645
4871.0,0.8801202763197129
4872.0,0.4114834445694379
4873.0,0.944442795717362
4874.0,0.20463534520624738
4875.0,0.6347629107244126
4876.0,0.9041719357830276
4877.0,0.3379156806690609
4878.0,0.8725418263654021
4879.0,0.43372909167248924
4880.0,0.9578718501668421
4881.0,0.15737813841669243
4882.0,0.5171800138642364
4883.0,0.9738489037821362
4884.0,0.09932214389942462
4885.0,0.34888329695952175
4886.0,0.8859385940424862
4887.0,0.39410046635118523
4888.0,0.9312626262145578
4889.0,0.24964893419903814
4890.0,0.7305649410240577
4891.0,0.7676752510852339
4892.0,0.6955648438301821
4893.0,0.8258421282449383
4894.0,0.5609249390971558
4895.0,0.9605237920044305
4896.0,0.14787956429165414
4897.0,0.49144367515060217
4898.0,0.9747144782897791
4899.0,0.09612003999804516
4900.0,0.3388358138443955
4901.0,0.8737018098931265
4902.0,0.4303531334021459
4903.0,0.9560823244950927
4904.0,0.16375676180429666
4905.0,0.5340678905939032
4906.0,0.9704735774388791
4907.0,0.1117529904342659
4908.0,0.38713061229673257
4909.0,0.925315955146009
4910.0,0.2695147193631286
4911.0,0.7678184880979962
4912.0,0.6952657039883234
4913.0,0.8262980888991833
4914.0,0.5597652730048885
4915.0,0.9610696373563394
4916.0,0.1459176790815652
4917.0,0.48604026905075676
4918.0,0.9742399910561164
4919.0,0.09787608044406923
4920.0,0.3443557779518037
4921.0,0.8805220169577459
4922.0,0.4102916789805949
4923.0,0.9436144268455297
4924.0,0.20750433714859765
4925.0,0.6413405201311633
4926.0,0.8970891437393037
4927.0,0.3600488265051078
4928.0,0.8986133092458699
4929.0,0.3553189757990203
4930.0,0.8933628648210065
4931.0,0.3715360606612613
4932.0,0.9106383635293341
4933.0,0.3173669241520066
4934.0,0.8449161224645743
4935.0,0.511028187009611
4936.0,0.974525678455996
4937.0,0.09681898389491901
4938.0,0.34103576618465026
4939.0,0.8764484522332454
4940.0,0.4223175949636564
4941.0,0.9514652313963008
4942.0,0.18009866487710988
4943.0,0.5758862295677102
4944.0,0.9525409926317875
4945.0,0.17630593495256222
4946.0,0.566366393786954
4947.0,0.9578224569252883
4948.0,0.15755453194608077
4949.0,0.5176512954963955
4950.0,0.9737848838924659
4951.0,0.09955874680051027
4952.0,0.34962253067048643
4953.0,0.8868078052003997
4954.0,0.3914809151605936
4955.0,0.929072072079909
4956.0,0.256998912148108
4957.0,0.7447068380809085
4958.0,0.7414623972461316
4959.0,0.7476140517929901
4960.0,0.7358803972831678
4961.0,0.7580057088923863
4962.0,0.7153889112978552
4963.0,0.7940697058707062
4964.0,0.6377397315475536
4965.0,0.9010082887775107
4966.0,0.34785017409375707
4967.0,0.8847166788591299
4968.0,0.39777300032964447
4969.0,0.9342435980997488
4970.0,0.23958674028659707
4971.0,0.710521243245215
4972.0,0.8021551439557071
4973.0,0.618938849026313
4974.0,0.9198288457499542
4975.0,0.28760058707741865
4976.0,0.7990573086215568
4977.0,0.6262024320241206
4978.0,0.912884489989669
4979.0,0.31015295191128667
4980.0,0.8344365834948069
4981.0,0.5387934693192522
4982.0,0.9691307602788873
4983.0,0.11667368606459726
4984.0,0.4019376544743185
4985.0,0.9374967279210072
4986.0,0.2285267909278074
4987.0,0.6875789573485779
4988.0,0.8377751255640795
4989.0,0.5300410617456642
4990.0,0.9714803849758534
4991.0,0.10805436167378207
4992.0,0.37587660472850887
4993.0,0.9149141927104809
4994.0,0.30360022948089865
4995.0,0.824565807546173
4996.0,0.5641624426304122
4997.0,0.9589444057272263
4998.0,0.15354312656156413
4999.0,0.5068737759043282
