t,x,y,z
0.0,1.0,1.0,1.0
0.01,1.0125671910736112,1.2599177989452743,0.9848909717916053
0.02,1.0488237097089568,1.5239971313226008,0.973114219876485
0.03,1.1072088542956613,1.7983098897421352,0.9651589513000616
0.04,1.1868680166603462,2.0885401422061625,0.9617372249104278
0.05,1.287557057257908,2.4001544636681382,0.9638060638197575
0.06,1.4095706581041882,2.738545613747143,0.9726081698899176
0.07,1.5536900616953837,3.109153968487564,0.9897311222754546
0.08,1.7211463804529996,3.517569455166498,1.0171865238383704
0.09,1.9135962032916782,3.969615009809224,1.0575118553930003
0.1,2.133106543293639,4.471410647871953,1.1138989184687214
0.11,2.3821462580297044,5.029414948512368,1.190353726717964
0.12,2.663580910085269,5.650437904613584,1.291893499664662
0.13,2.9806675794712945,6.341615446625255,1.424786877461354
0.14,3.3370453308022423,7.110331233006836,1.5968433322113875
0.15,3.736715793797584,7.964065218724182,1.8177565221880947
0.16,4.184006533877147,8.910140801134848,2.0995032544473453
0.17,4.6835074584379015,9.955332873168457,2.4567936192098947
0.18,5.23996732507253,11.105288107586523,2.9075570279825036
0.19,5.858133453147396,12.363697193313152,3.473430964931164
0.2,6.542513103944859,13.731148820534644,4.180191224257708
0.21,7.2970301078786335,15.203591512746566,5.058020855645361
0.22,8.12454615397512,16.7703400206405,6.141457117196824
0.23,9.026214596875775,18.41160095753107,7.4687812209695545
0.24,10.000638900189827,20.095576475900295,9.080530965857383
0.25,11.042822865168167,21.775358255594956,11.016741042599683
0.26,12.142932246511165,23.38606783295416,13.312491205128952
0.27,13.284944531581944,24.843035773007234,15.991439360156846
0.28,14.445350356308865,26.04219586375566,19.05733294430261
0.29,15.592182351318154,26.864168640907042,22.48412518666309
0.3,16.68476347622216,27.18347313583823,26.206297329352743
0.31,17.674639193181456,26.883605839670707,30.11213496677725
0.32,18.508113055511046,25.877105550386755,34.043549090458
0.33,19.130568471066404,24.12730309090413,37.805808942047754
0.34,19.49230571221626,21.666039591944063,41.18855566798782
0.35000000000000003,19.555040676585282,18.60067370539639,43.9956923837512
0.36,19.297722655878932,15.105561068553609,46.07747480547932
0.37,18.720211528858897,11.397975590941034,47.35566866513326
0.38,17.84377602111624,7.704258411724341,47.8339540885982
0.39,16.70823397604436,4.22576124519172,47.590767694436195
0.4,15.366498536106455,1.1137575723059996,46.75801524533206
0.41000000000000003,13.877914064784795,-1.5416692574081905,45.49332413262051
0.42,12.30184766903246,-3.7091436620254266,43.95398203191598
0.43,10.69261879564335,-5.404206380694763,42.27805673597419
0.44,9.09625949506106,-6.673702328154938,40.57446333442512
0.45,7.549064835047904,-7.580828767439819,38.92079736634692
0.46,6.0775619957040306,-8.193377576269986,37.36635469792174
0.47000000000000003,4.6994116543386015,-8.575906018003852,35.937697503277114
0.48,3.4247928377574848,-8.785421214973166,34.64478035787681
0.49,2.257932674251281,-8.869676409303233,33.486466458030264
0.5,1.198564957856395,-8.867139000908752,32.45493260144154
0.51,0.24320379492968303,-8.80786914362809,31.538891232001955
0.52,-0.6138094172321538,-8.714781678853951,30.725777360647303
0.53,-1.3794836451064274,-8.604970693938746,30.003125470511474
0.54,-2.061555925814589,-8.490927522719206,29.359360029307098
0.55,-2.6680359054411187,-8.381580987130718,28.78418732037266
0.56,-3.206883387036673,-8.283145322205419,28.268731651089862
0.5700000000000001,-3.6857884650467665,-8.199789974507171,27.80551796511443
0.58,-4.112028738345602,-8.134157219329191,27.38836991984704
0.59,-4.492383158216862,-8.087755919008202,27.01226802552016
0.6,-4.833086625659796,-8.061257551056052,26.673195246909614
0.61,-5.139813265433325,-8.05471665864364,26.367985879421454
0.62,-5.417679353166336,-8.067733595392843,26.094185980352442
0.63,-5.671259238594508,-8.099573543999982,25.849928917764696
0.64,-5.904609409225126,-8.149252538822722,25.633826766978256
0.65,-6.121297192199662,-8.215598647231475,25.444876682361247
0.66,-6.324431601694235,-8.297294493575034,25.2823805517397
0.67,-6.516694590194052,-8.392905839016434,25.1458759043369
0.68,-6.700371521456231,-8.500899854676181,25.03507599720241
0.6900000000000001,-6.877380102100071,-8.619655951316147,24.949817127076052
0.7000000000000001,-7.04929732575459,-8.747471479569832,24.89001142927016
0.71,-7.217384226621455,-8.882564229688182,24.85560368808004
0.72,-7.382608428457272,-9.023073391375197,24.846530969886725
0.73,-7.5456646246817725,-9.167060445115759,24.862684188165595
0.74,-7.706993245363885,-9.312511316290887,24.90387101372407
0.75,-7.866797663465361,-9.457341007114614,24.969779851603555
0.76,-8.025060369347516,-9.599401807095509,25.059944916675413
0.77,-8.181558600295551,-9.736496050792116,25.173712749971866
0.78,-8.335879949950394,-9.866394224747685,25.31021082102354
0.79,-8.487438498866178,-9.986859008990086,25.4683191474855
0.8,-8.635491998724444,-10.095675561508848,25.646646116868943
0.81,-8.779160605346805,-10.190688011248614,25.8435098963007
0.8200000000000001,-8.917447586043432,-10.269841718314026,26.05692694121358
0.8300000000000001,-9.049262322453647,-10.33123040042334,26.284609137247664
0.84,-9.173445790127637,-10.373146733981201,26.523971007142915
0.85,-9.288798522600215,-10.394134549356002,26.772148166873993
0.86,-9.394110866000608,-10.393040295978022,27.0260278131719
0.87,-9.488195109657806,-10.369061103768884,27.28229147241142
0.88,-9.569918852055647,-10.32178656536531,27.537469560792033
0.89,-9.638238746753757,-10.251231356181817,27.78800653940359
0.9,-9.692233588787287,-10.157856031653177,28.03033465522345
0.91,-9.731135568439996,-10.04257380783243,28.260953514633222
0.92,-9.75435845428244,-9.906741831277388,28.476512120572096
0.93,-9.76152148486207,-9.752136335752976,28.673889595201402
0.9400000000000001,-9.752467855686138,-9.580912097508298,28.850270669032753
0.9500000000000001,-9.727276884010724,-9.395547646688433,29.003212181102636
0.96,-9.68626920810085,-9.19877866754644,29.130697305586423
0.97,-9.63000471097364,-8.993522824649185,29.23117496431528
0.98,-9.559273225098949,-8.782799802895408,29.303582834396956
0.99,-9.475078443888929,-8.569650591238966,29.34735342279339
1.0,-9.378615807236296,-8.357059955292339,29.362403750125733
1.01,-9.271245414095107,-8.147885652496162,29.349110161296483
1.02,-9.154461223621066,-7.944797299315173,29.30827057402702
1.03,-9.029857924656374,-7.750226981686357,29.241057028128672
1.04,-8.899096877744903,-7.566332798725857,29.148961680644703
1.05,-8.763872469854187,-7.3949756358015755,29.033739409830115
1.06,-8.625880082588044,-7.237708654743524,28.897349976994683
1.07,-8.486786678207938,-7.095778324391911,28.74190230193472
1.08,-8.348204775206584,-6.970135328167084,28.569602897493034
1.09,-8.211670337562255,-6.861453387428889,28.38270994492804
1.1,-8.078624858191052,-6.770153920216596,28.183493930605497
1.11,-7.9504016930254755,-6.69643448960401,27.97420525050406
1.12,-7.82821650876866,-6.640299150461804,27.75704875234371
1.1300000000000001,-7.71316155140233,-6.601589040742179,27.534164841780946
1.1400000000000001,-7.60620332652607,-6.580011847786494,27.307616532624703
1.1500000000000001,-7.508183205705865,-6.575169080621426,27.0793816653837
1.16,-7.419820431782908,-6.586580371322355,26.851349441223167
1.17,-7.341716985457105,-6.613704294985298,26.62532040375177
1.18,-7.274363789502035,-6.655955428137676,26.403009032245606
1.19,-7.2181477596295585,-6.712717554833328,26.186048171160365
1.2,-7.173359256604487,-6.783353078100969,25.975994598426542
1.21,-7.14019954771456,-6.867208805023376,25.774335118131482
1.22,-7.118787943019101,-6.963618351806452,25.582492643705734
1.23,-7.109168329777879,-7.071901467174408,25.40183181030934
1.24,-7.111314884880998,-7.191360605096991,25.23366371680705
1.25,-7.125136798595897,-7.321275097849678,25.079249447574117
1.26,-7.150481892891416,-7.460893293835395,24.939802063029063
1.27,-7.187139063970071,-7.609423036812268,24.81648677714324
1.28,-7.234839521886283,-7.766020878640297,24.710419063101835
1.29,-7.293256841033419,-7.929780439855614,24.62266044842902
1.3,-7.362005874834069,-8.099720363699078,24.55421178249745
1.31,-7.4406406272309376,-8.27477235086823,24.50600378716708
1.32,-7.528651213564746,-8.453769814087993,24.478884740451186
1.33,-7.625460084972525,-8.635437751931452,24.473605198895363
1.34,-7.730417734055244,-8.818384506737768,24.490799742030877
1.35,-7.842798145289069,-9.001096136558509,24.530965826656683
1.36,-7.961794300908614,-9.18193418824188,24.59443997370026
1.37,-8.086514100418565,-9.35913769822991,24.681371678253292
1.3800000000000001,-8.215977097229187,-9.530830257487116,24.791695633824517
1.3900000000000001,-8.34911249589497,-9.695032943624044,24.925103091168573
1.4000000000000001,-8.484758883768015,-9.849683832324907,25.081013422005856
1.41,-8.621666186313552,-9.992664637756665,25.258547214913317
1.42,-8.758500329906836,-10.121834786255478,25.456502475033705
1.43,-8.893851063358824,-10.235072892579314,25.673335705465288
1.44,-9.02624332372672,-10.330325184225984,25.90714978566124
1.45,-9.154152428303439,-10.405659917849885,26.155690597318504
1.46,-9.27602323030703,-10.459326276312389,26.416354247895796
1.47,-9.390293191137946,-10.489815662742231,26.68620647792422
1.48,-9.495419101735237,-10.49592276969006,26.96201539310833
1.49,-9.589906939037515,-10.47680335779162,27.240298034707195
1.5,-9.672344085493664,-10.432025394696195,27.51738051211316
1.51,-9.741432889356588,-10.361610143277693,27.789470514628828
1.52,-9.796024323998095,-10.266059996885177,28.052740064073177
1.53,-9.835150339954886,-10.146370363633753,28.30341545463104
1.54,-9.858053416681452,-10.004023694403914,28.537870550701175
1.55,-9.864211830256409,-9.840964786260333,28.75271907493253
1.56,-9.853359269062999,-9.65955769403601,28.944901298132816
1.57,-9.82549765209314,-9.462525838147304,29.11176069052181
1.58,-9.780902322972906,-9.25287808027564,29.251106618666874
1.59,-9.720119184992987,-9.033824525173246,29.361260037018802
1.6,-9.643953777242798,-8.808686490498665,29.441080246601988
1.61,-9.553452732747447,-8.58080539641588,29.48997206249472
1.62,-9.449878468547956,-8.35345523748957,29.507874015834542
1.6300000000000001,-9.334678300749557,-8.129762834450709,29.495229386828793
1.6400000000000001,-9.209449428126728,-7.912639289255426,29.45294281430671
1.6500000000000001,-9.075901369847408,-7.704725081462596,29.382325880170324
1.6600000000000001,-8.935817471921998,-7.50835016066804,29.2850353901997
1.67,-8.791017020016477,-7.32550932055331,29.16300807369784
1.68,-8.643319329545811,-7.157852181176921,29.01839514593869
1.69,-8.494510950145298,-7.006686327715586,28.853499686040575
1.7,-8.346316846435807,-6.872991595750669,28.67071915719053
1.71,-8.200376126059265,-6.757443165357874,28.472494714386674
1.72,-8.05822260211518,-6.660441013518104,28.261268275683427
1.73,-7.921270218676776,-6.582143343505395,28.039447729209957
1.74,-7.7908031478491075,-6.522501817521034,27.809380144582335
1.75,-7.667970192147293,-6.48129671858401,27.573332470534126
1.76,-7.55378299910831,-6.458170515999665,27.33347893227482
1.77,-7.449117514227525,-6.452658668681681,27.091894182531533
1.78,-7.354718058815926,-6.464216843869891,26.850551192487277
1.79,-7.27120341468127,-6.492244036054222,26.611322872485506
1.8,-7.199074320314889,-6.53610133117595,26.37598646657587
1.81,-7.138721826182523,-6.595126270355604,26.14622985058612
1.82,-7.0904360130175315,-6.668642926697594,25.92365896426591
1.83,-7.0544146408899495,-6.7559679229940155,25.70980571156049
1.84,-7.030771363597591,-6.856412694445875,25.506135760223263
1.85,-7.019543209093277,-6.969282346937306,25.314055757030637
1.86,-7.020697089841583,-7.093871486228174,25.134919544874826
1.87,-7.034135165806468,-7.229457404578926,24.970033022285772
1.8800000000000001,-7.0596989366751295,-7.375291015953438,24.820657325526724
1.8900000000000001,-7.097171989079232,-7.530585935288067,24.688010040700725
1.9000000000000001,-7.146281369665921,-7.694506106558248,24.57326417169059
1.9100000000000001,-7.20669759695818,-7.866152402614649,24.477544603417453
1.92,-7.278033365320995,-8.044548649943483,24.40192181367911
1.93,-7.35984103440816,-8.228627575327023,24.347402606115477
1.94,-7.451609038558874,-8.417217229135682,24.314917667515733
1.95,-7.552757393920588,-8.609028510345013,24.305305800954162
1.96,-7.662632527444014,-8.802644498108211,24.319294758486908
1.97,-7.780501701683742,-8.996512378377178,24.357478699522144
1.98,-7.90554736222731,-9.188938833682741,24.420292438916512
1.99,-8.036861789390983,-9.378089829057448,24.507982826283545
2.0,-8.173442490346254,-9.561995763765367,24.620577816379946
2.0100000000000002,-8.31418881867007,-9.738562951104482,24.757854047546264
2.02,-8.457900350760479,-9.905592319509685,24.919304033817188
2.0300000000000002,-8.603277576690573,-10.060806079651726,25.104104383013453
2.04,-8.748925469882732,-10.201882858116305,25.311086757141343
2.05,-8.89336047779889,-10.326501447024754,25.538713564341844
2.06,-9.035021416974741,-10.432392856992548,25.78506057794277
2.07,-9.172284653404274,-10.5173997959849,26.047808777220492
2.08,-9.303483798820151,-10.579542051591527,26.324247654079333
2.09,-9.426933953546186,-10.61708556871206,26.61129199160391
2.1,-9.540960280795982,-10.628612345639633,26.905513666517468
2.11,-9.64393041487589,-10.613087690840887,27.20318934828588
2.12,-9.734289902471236,-10.569920970944484,27.500364078410072
2.13,-9.810599574029352,-10.49901581751168,27.79292965997366
2.14,-9.871573468176873,-10.400805913182117,28.07671564674429
2.15,-9.916115715756646,-10.276272987742493,28.3475895973993
2.16,-9.943354660392723,-10.12694452441213,28.601562275535745
2.17,-9.952672473773337,-9.954869863062806,28.83489275400325
2.18,-9.943728631648373,-9.762574799958035,29.04418803028211
2.19,-9.916475854343815,-9.552996292682346,29.22649185034036
2.2,-9.871167472808253,-9.329400329312083,29.379357993414516
2.21,-9.808355633155816,-9.09528725436988,29.500904252966933
2.22,-9.7288802627893,-8.85428972306628,29.589844666788785
2.23,-9.63384924517786,-8.610068884187667,29.64549906452274
2.24,-9.52461074171592,-8.366214331996844,29.667780552083105
2.25,-9.402719015025678,-8.12615284172774,29.657162977776824
2.2600000000000002,-9.269895414870419,-7.89306999084404,29.614631586162375
2.27,-9.127986364689063,-7.669847589652704,29.541620866612863
2.2800000000000002,-8.978920227438264,-7.459018541385469,29.439944000004374
2.29,-8.824664841883228,-7.262739463770683,29.311718307340634
2.3000000000000003,-8.667187324418576,-7.082780251789285,29.15929076149819
2.31,-8.508417454692626,-6.920528832137274,28.985167021536167
2.32,-8.35021563733203,-6.7770087024440775,28.791946686700868
2.33,-8.194346088250269,-6.652906473205113,28.58226664214455
2.34,-8.042455560147605,-6.548606516783893,28.358753565340347
2.35,-7.896057619859831,-6.464229932607708,28.123985945567025
2.36,-7.756522235321006,-6.399675305675344,27.88046537954955
2.37,-7.625070230314372,-6.354659108778816,27.630596462783128
2.38,-7.502772023005892,-6.328754023840055,27.376674297858266
2.39,-7.390549976704714,-6.321423889889457,27.120878474155536
2.4,-7.289183652146575,-6.332054391056448,26.865272315131627
2.41,-7.199317251590539,-6.359978955491849,26.61180621399578
2.42,-7.121468577097695,-6.40449963363888,26.362323959904703
2.43,-7.0560388796267315,-6.464902958296837,26.11857107154818
2.44,-7.003323043976723,-6.540470962229088,25.882204283884185
2.45,-6.96351963031514,-6.6304876484939355,25.65480146212688
2.46,-6.9367403706559125,-6.734241283376354,25.437871334681958
2.47,-6.92301879424439,-6.851022921862918,25.232862537313977
2.48,-6.922317726750513,-6.980121591087538,25.041171541447277
2.49,-6.934535473033022,-7.120816557479926,24.86414909973113
2.5,-6.959510551565188,-7.272367096863899,24.70310488334115
2.5100000000000002,-6.997024900741114,-7.434000180709536,24.559310010840605
2.52,-7.046805524144365,-7.604896492168874,24.433997181712645
2.5300000000000002,-7.108524584817041,-7.784175197244706,24.328358133614728
2.54,-7.1817979992487135,-7.970877923071848,24.243538146385045
2.5500000000000003,-7.266182621970177,-8.163952439174658,24.180627323849844
2.56,-7.361172153034901,-8.362236599634828,24.14064840313333
2.57,-7.466191944894154,-8.564443183636715,24.124540877591247
2.58,-7.580592933499074,-8.769146366141287,24.133141281207184
2.59,-7.703644971681024,-8.974770654359261,24.167159576950283
2.6,-7.834529901061196,-9.179583231290641,24.227151726444013
2.61,-7.9723347610923225,-9.381690743675597,24.313488699421278
2.62,-8.116045598356978,-9.579041643596515,24.42632241267595
2.63,-8.264542402582537,-9.7694352226351,24.565549369762632
2.64,-8.416595753086067,-9.950538444071643,24.730773099470287
2.65,-8.570865804031369,-10.119911559737648,24.92126685102289
2.66,-8.7259042609609,-10.27504327202666,25.135938376382274
2.67,-8.880159995393923,-10.413395850154197,25.373298984666597
2.68,-9.031988899183565,-10.532460122632015,25.631439350623697
2.69,-9.179668486610765,-10.62981964693649,25.908014750248043
2.7,-9.32141760250543,-10.703222621222913,26.200242429336214
2.71,-9.455421385122953,-10.750659290994678,26.504913633598665
2.72,-9.579861364358527,-10.770441777559842,26.818422399684415
2.73,-9.692950257227587,-10.761282497445281,27.136812501694596
2.74,-9.7929706693361,-10.722366750369009,27.455842972489776
2.75,-9.878316547371988,-10.653414730268413,27.77107141475034
2.7600000000000002,-9.94753588463152,-10.554728251688246,28.077952964963256
2.77,-9.99937289507653,-10.42721794795463,28.371951393703476
2.7800000000000002,-10.032807678045424,-10.272407609700453,28.64865756488357
2.79,-10.04709132808835,-10.092413657925535,28.903909492247802
2.8000000000000003,-10.041774525703357,-9.889899389411799,29.13390766727975
2.81,-10.016727884203867,-9.668005443433287,29.335319294655797
2.82,-9.972152717519531,-9.430259728701596,29.50536560528451
2.83,-9.908581407403531,-9.180471617886822,29.641887495583756
2.84,-9.826867144338362,-8.92261638231729,29.743386263711255
2.85,-9.72816344129183,-8.660716468327031,29.809038016372845
2.86,-9.613894415893595,-8.398726245779999,29.838682203897484
2.87,-9.48571735034022,-8.140426304164441,29.83278650082702
2.88,-9.34547942547283,-7.889332321906541,29.792391704183302
2.89,-9.195170757691372,-7.648622136045352,29.719041342715485
2.9,-9.036875934616335,-7.421083068187146,29.614701214457543
2.91,-8.87272615563469,-7.209079996406374,29.4816741014457
2.92,-8.70485385980659,-7.014543255515325,29.32251451259878
2.93,-8.535351399754271,-6.83897431248519,29.13994758266105
2.94,-8.366234934929407,-6.6834663626903845,28.936795330674137
2.95,-8.199414309783055,-6.548736540281234,28.715912479163457
2.96,-8.036669286185315,-6.435166305973587,28.48013306212248
2.97,-7.8796321420454465,-6.342846713102791,28.232228186545942
2.98,-7.729776347931565,-6.271625588096202,27.974874609092822
2.99,-7.588410800411888,-6.221154121693789,27.71063326808452
3.0,-7.4566789270320974,-6.190930885532178,27.441936569322372
3.0100000000000002,-7.335561879482527,-6.18034181025028,27.171083042961875
3.02,-7.2258849906063025,-6.188695145705891,26.900237938649052
3.0300000000000002,-7.128326677095106,-6.215250845355716,26.631438374070513
3.04,-7.043429011816035,-6.2592441623082165,26.36660176545428
3.0500000000000003,-6.9716092568554435,-6.319903511188458,26.107536418628587
3.06,-6.913171730840871,-6.396462842292893,25.85595332266824
3.0700000000000003,-6.868319473799891,-6.488168901790255,25.613478347514985
3.08,-6.83716526341037,-6.594283825653213,25.3816641904436
3.09,-6.819741623432134,-6.7140835481074825,25.162001536903016
3.1,-6.816009545444547,-6.846852509860078,24.955928996031737
3.11,-6.825865717202812,-6.991875138408373,24.764841439912935
3.12,-6.8491481145717605,-7.1484245521840775,24.590096420394584
3.13,-6.885639869608058,-7.315748920552787,24.433018361518865
3.14,-6.935071376131247,-7.49305589975981,24.294900233765752
3.15,-6.997120637728619,-7.67949556644807,24.177002413656123
3.16,-7.071411903574292,-7.874142289775597,24.080548424661465
3.17,-7.157512676873136,-8.075976023569174,24.006717249349943
3.18,-7.254929221357489,-8.283863563141033,23.95663190547056
3.19,-7.363100735146249,-8.49654039753812,23.931343998176786
3.2,-7.481392410225612,-8.7125938952828,23.931814005455806
3.21,-7.6090876511733585,-8.930448685816343,23.958887133213274
3.22,-7.74537978918957,-9.148355232518838,24.013264699624028
3.23,-7.889363696745237,-9.364382725318894,24.09547118393169
3.24,-8.040027782721808,-9.576417536300692,24.205817309769863
3.25,-8.1962469247743,-9.782168560707943,24.34435983093166
3.2600000000000002,-8.356776970001889,-9.979180784483798,24.51085904679136
3.27,-8.520251500067905,-10.164858350914146,24.704735486336023
3.2800000000000002,-8.685181603881816,-10.336498214777462,24.92502764538092
3.29,-8.849959419255848,-10.491335146341005,25.17035311082824
3.3000000000000003,-9.01286618277049,-10.62659835972305,25.438875816020374
3.31,-9.172085452386547,-10.739579382728888,25.728282487616426
3.3200000000000003,-9.325722029317541,-10.82770996859504,26.035771503243087
3.33,-9.471826896643966,-10.88864790839451,26.358057313510358
3.34,-9.608428209750693,-10.920367598343413,26.6913932306498
3.35,-9.733568023075618,-10.92125123960961,27.031614705140303
3.36,-9.845344033410935,-10.890175714284268,27.37420418753803
3.37,-9.941955186948416,-10.826589618379566,27.71437733379583
3.38,-10.021749570121138,-10.730574766463993,28.04718873737669
3.39,-10.083272625412704,-10.602886813903313,28.36765369048147
3.4,-10.125313448511683,-10.444970525638215,28.670880862558892
3.41,-10.14694677599923,-10.258946642451518,28.95220943357426
3.42,-10.14756829764076,-10.047569166656029,29.207343324741203
3.43,-10.126921143188227,-9.814154043297327,29.432474886161696
3.44,-10.085111798661861,-9.562482425780997,29.62439081679051
3.45,-10.022614276793613,-9.296683733618817,29.780554205095232
3.46,-9.940262054610258,-9.02110529320058,29.89915828945198
3.47,-9.839228035525398,-8.74017630986117,29.979149660419267
3.48,-9.720993522984944,-8.458274144232474,30.020220919132463
3.49,-9.587307838236265,-8.179600351695866,30.022775004774676
3.5,-9.440140717611692,-7.908072783200142,29.987865270249237
3.5100000000000002,-9.281629944693687,-7.6472384103720765,29.917116739013903
3.52,-9.11402679241162,-7.400209645896984,29.812634720059624
3.5300000000000002,-8.939641775212388,-7.169625008778223,29.67690708326301
3.54,-8.76079296773641,-6.95763323492994,29.51270607347779
3.5500000000000003,-8.579758774131644,-6.765898507418762,29.322994695257737
3.56,-8.398736578966876,-6.595623464845242,29.11084158677116
3.5700000000000003,-8.219808225025128,-6.447586064552983,28.87934707913351
3.58,-8.044912788381682,-6.32218619958135,28.631581944180844
3.59,-7.8758266914674175,-6.219498126677948,28.370539274171932
3.6,-7.714150833810242,-6.139325169119466,28.099099076531715
3.61,-7.561304140409168,-6.081253720074147,27.820004533623944
3.62,-7.418522732104541,-6.044704205137591,27.535848468858614
3.63,-7.286863806118304,-6.0289772973114095,27.249068351389496
3.64,-7.167213268169986,-6.033294263676336,26.96194812460959
3.65,-7.060296167316293,-6.056830828630699,26.676625216168308
3.66,-6.966689037029522,-6.098744348453193,26.395101238124084
3.67,-6.8868333276468405,-6.158194403571653,26.119255079090635
3.68,-6.821049214311974,-6.234357134798296,25.850857296979356
3.69,-6.769549171062742,-6.326433790039784,25.59158491998712
3.7,-6.732450808203428,-6.433654023488515,25.34303594076457
3.71,-6.7097885711366505,-6.555274515619252,25.106742936205908
3.72,-6.701523990982925,-6.690573474340009,24.8841853597471
3.73,-6.707554258832093,-6.838841548805518,24.676800134634423
3.74,-6.727718965953411,-6.999369649328993,24.485990227900757
3.75,-6.761804912400033,-7.171434129327178,24.31313090988174
3.7600000000000002,-6.809548937625387,-7.3542797564116915,24.159573408120544
3.77,-6.870638770989721,-7.547100886202259,24.026645653215546
3.7800000000000002,-6.944711939753424,-7.749021259466445,23.915649793878956
3.79,-7.0313528099249485,-7.959072874840092,23.827856136108828
3.8000000000000003,-7.130087873829229,-8.176174448447219,23.764493144568736
3.81,-7.240379440104822,-8.39911005956009,23.7267331415413
3.8200000000000003,-7.361617929436055,-8.626508697535193,23.715673359693735
3.83,-7.493113034705892,-8.856825566759014,23.732312059864448
3.84,-7.634084068831476,-9.088326167258872,23.7775195253804
3.85,-7.783649897845326,-9.319074339056113,23.85200390142859
3.86,-7.940818940119198,-9.546925623559895,23.956272072246737
3.87,-8.104479802710284,-9.769527435166118,24.090586068467147
3.88,-8.273393218378537,-9.984327624864285,24.254915875406574
3.89,-8.44618603529864,-10.188593023918521,24.44888996682249
3.9,-8.621348086752569,-10.379439444676933,24.67174540385833
3.91,-8.797232818498813,-10.553874351564914,24.922279888648873
3.92,-8.972062563281831,-10.70885296643512,25.198808703960218
3.93,-9.143939309991739,-10.841347916924121,25.499129945566267
3.94,-9.310861704393066,-10.948431670369994,25.82050178930059
3.95,-9.470748826435502,-11.027369941210079,26.159635646519263
3.96,-9.621471008117869,-11.075723071720544,26.512708865898126
3.97,-9.760887585650522,-11.091451156727473,26.875400064188366
3.98,-9.886891030755232,-11.07301754056415,27.242949170386964
3.99,-9.997456401456967,-11.019484414170675,27.610242848896803
4.0,-10.090694528965882,-10.93059374674114,27.971924189684355
4.01,-10.164906862252474,-10.80682684944116,28.322523546432407
4.0200000000000005,-10.218639481462,-10.649436593268094,28.65660535985993
4.03,-10.25073352247376,-10.460447720031553,28.968923961101932
4.04,-10.260369177788215,-10.242622730401772,29.25457996207768
4.05,-10.247100587785972,-9.999393339816244,29.50916813220027
4.0600000000000005,-10.21087932194038,-9.734760206371927,29.7289077895894
4.07,-10.152064754092924,-9.453166242820087,29.91074775013481
4.08,-10.071420412916465,-9.159351007238225,30.0524397043407
4.09,-9.970096267446062,-8.858195149511399,30.1525763342621
4.1,-9.8495978021505,-8.554564493146021,30.21059325336691
4.11,-9.711743557473229,-8.253162999170321,30.226736618564203
4.12,-9.558613480786969,-7.958402668077019,30.20200070503816
4.13,-9.392490890595738,-7.674296577631166,30.138041593356416
4.14,-9.215801072608825,-7.404378994465627,30.03707423721329
4.15,-9.031049498898247,-7.151654127139363,29.901760517011645
4.16,-8.840762416742143,-6.918572877005307,29.735095504885155
4.17,-8.647432138464927,-6.707035100581599,29.54029821844381
4.18,-8.453468835861647,-6.518413552418791,29.32071181772014
4.19,-8.261160063550165,-6.353594875958593,29.079716706371535
4.2,-8.072638660586309,-6.213032723748832,28.820658516837312
4.21,-7.889859153962604,-6.096808236768779,28.546791630901378
4.22,-7.714582342649946,-6.004693585036653,28.261237802422542
4.23,-7.548367394045309,-5.936214949680173,27.966958648791273
4.24,-7.392570540861991,-5.890712100722578,27.666740261437862
4.25,-7.248349320454438,-5.867392505046123,27.36318792317889
4.26,-7.116671238217748,-5.865378619797611,27.058728863607726
4.2700000000000005,-6.998325746061435,-5.883747646782811,26.75562107870391
4.28,-6.893938488720488,-5.921563523396716,26.455966434456798
4.29,-6.803986868139289,-5.977901302267644,26.161726520442112
4.3,-6.728816094547232,-6.051864333596363,25.87473998123656
4.3100000000000005,-6.66865501993481,-6.142594826717462,25.59674030459283
4.32,-6.623631176060403,-6.249278449585134,25.329373267958783
4.33,-6.59378455823294,-6.371143646197318,25.074213429476554
4.34,-6.579079803730394,-6.507456330816348,24.832779192263224
4.3500000000000005,-6.579416507690727,-6.657510570561989,24.60654607201914
4.36,-6.594637499154989,-6.820615808476838,24.396957861086857
4.37,-6.624534966413827,-6.996081119054537,24.20543541192475
4.38,-6.668854375592968,-7.183196936921971,24.03338276542709
4.39,-6.727296171844792,-7.38121466454797,23.882190330989882
4.4,-6.799515291361728,-7.589324552738706,23.75323479242883
4.41,-6.885118547732056,-7.806632263294054,23.647875373977868
4.42,-6.983659991093531,-8.0321345704493,23.567446061457726
4.43,-7.094634376292334,-8.264694739318298,23.513243344064026
4.44,-7.217468919895494,-8.503018236676128,23.486509032065943
4.45,-7.351513578231565,-8.745629581188059,23.48840772642989
4.46,-7.496030141962396,-8.990851322853326,23.51999858080817
4.47,-7.650180518577017,-9.236786347347728,23.582201118382976
4.48,-7.813014663095831,-9.481304917437349,23.67575505998369
4.49,-7.983458718087746,-9.722038071820306,23.801174398903612
4.5,-8.160304033711627,-9.956379175641514,23.958696331988477
4.51,-8.342197851235344,-10.181495523057468,24.148226129883472
4.5200000000000005,-8.52763654071419,-10.394351890329999,24.36927959622297
4.53,-8.71496237331918,-10.591747783067799,24.62092540679616
4.54,-8.902364866079143,-10.770369767965738,24.901730298518448
4.55,-9.087887743763488,-10.926859688216252,25.20971073705293
4.5600000000000005,-9.269442500077245,-11.057898707899072,25.54229525250506
4.57,-9.444829389659558,-11.160306014498246,25.896301997513085
4.58,-9.611766428434137,-11.231149666656357,26.26793614301472
4.59,-9.767926614540611,-11.267865587685021,26.65281137792595
4.6000000000000005,-9.910983108142585,-11.268379204517581,27.045998934712436
4.61,-10.038661543008727,-11.231222891985897,27.442106181322973
4.62,-10.148798019719184,-11.1556414090552,27.835384924654438
4.63,-10.239400700264584,-11.041677116437095,28.219867267691594
4.64,-10.30871235116206,-10.89022712124521,28.589524346083138
4.65,-10.355270739053907,-10.703065709052971,28.938440811829786
4.66,-10.377963539241573,-10.482827493123875,29.26099585054599
4.67,-10.37607443062979,-10.232949500054621,29.552040132193987
4.68,-10.349317352366247,-9.957573655833436,29.80705766260523
4.69,-10.297856486798388,-9.661414469952899,30.022302169793388
4.7,-10.222310371407483,-9.349599723659866,30.194899416702675
4.71,-10.12373955509175,-9.027494259941175,30.322909506924734
4.72,-10.003618301281223,-8.700518248836886,30.40534652471856
4.73,-9.863791889558653,-8.373971411522213,30.442156316720357
4.74,-9.706421971097063,-8.05287365315687,30.434156451614253
4.75,-9.533923104221461,-7.741830564411289,30.382945011758608
4.76,-9.348893980069782,-7.44492961386505,30.290786617554406
4.7700000000000005,-9.154046928045885,-7.165669937749707,30.1604848486084
4.78,-8.952139086871195,-6.906925803332373,29.99525004155068
4.79,-8.745908189900932,-6.67094137846123,29.79857047106853
4.8,-8.53801531256686,-6.459352584233727,29.574093394524724
4.8100000000000005,-8.330996242136699,-6.27323063091548,29.32552062532036
4.82,-8.127222428467565,-6.113141327684468,29.056521442747716
4.83,-7.928871820078553,-5.979214325347054,28.770663944340065
4.84,-7.73790932687573,-5.871216961940348,28.471364533523193
4.8500000000000005,-7.556076205267396,-5.7886281815869856,28.16185417697706
4.86,-7.38488734246627,-5.730708942335859,27.84515937135583
4.87,-7.225635220147081,-5.696566498043322,27.524095394367603
4.88,-7.079399249366775,-5.685210843205235,27.201269321455115
4.89,-6.947059169216241,-5.695602391079706,26.879090396513295
4.9,-6.829311269383225,-5.726690586218401,26.559785584142425
4.91,-6.726686310514352,-5.777443627001014,26.245418441174273
4.92,-6.639568157108191,-5.84686980205001,25.937909778188352
4.93,-6.56821229005073,-5.934031146086676,25.639058902259436
4.94,-6.512763517816852,-6.038050219885978,25.3505645173225
4.95,-6.473272348290713,-6.158110840259969,25.074044595623583
4.96,-6.449709611692977,-6.293453552623856,24.81105471787553
4.97,-6.441979036422104,-6.443366571021852,24.563104511555892
4.98,-6.449927572946596,-6.607172825591851,24.331671900340996
4.99,-6.4733533369952,-6.7842136692418435,24.11821491897799
5.0,-6.5120111040656745,-6.97382971494569,23.92418085386587
5.01,-6.5656153353622235,-7.175339211457625,23.75101244745251
5.0200000000000005,-6.633840753839508,-7.388014325607903,23.600150861526746
5.03,-6.716320521561126,-7.611055689629188,23.473035037983657
5.04,-6.812642099742758,-7.84356559715099,23.37109703344989
5.05,-6.922340904396181,-8.084520295667003,23.29575284485529
5.0600000000000005,-7.044891907153494,-8.332741929441251,23.248388196471865
5.07,-7.179699376227437,-8.586870836468714,23.23033873666169
5.08,-7.326085009846809,-8.845339095454388,23.24286410815237
5.09,-7.4832747866469225,-9.106346449658373,23.287115424742662
5.1000000000000005,-7.6503849462689075,-9.367839994954238,23.36409582730907
5.11,-7.826407619382463,-9.627499294300813,23.474614020984
5.12,-8.010196748170483,-9.882728846815967,23.619231030568287
5.13,-8.200455072152645,-10.130660064264546,23.79820086606495
5.14,-8.395723093026264,-10.368165048655376,24.011406370586005
5.15,-8.59437106509771,-10.59188447027417,24.258292222366922
5.16,-8.794595169790568,-10.798271657993356,24.537797857021886
5.17,-8.994419104402136,-10.98365457437006,24.848293918167332
5.18,-9.191702324032251,-11.144316605983402,25.18752665966483
5.19,-9.384156096889892,-11.276596023504483,25.552575408329723
5.2,-9.569368343348446,-11.377002558905277,25.939828625044143
5.21,-9.744837909277088,-11.442347860274888,26.344984134140617
5.22,-9.908018464951043,-11.469884729425676,26.763078589803612
5.23,-10.056371627508712,-11.457448200170166,27.18855010882193
5.24,-10.187428201938356,-11.40358990998729,27.61533617718793
5.25,-10.298855669322831,-11.307696124639943,28.03700648047342
5.26,-10.388529289443214,-11.170079461717338,28.446927373292425
5.2700000000000005,-10.454603512612518,-10.992035039831796,28.83845156615052
5.28,-10.49557990514571,-10.775853562766372,29.205123639006455
5.29,-10.510367570851868,-10.524786686463134,29.5408896091759
5.3,-10.498332162955718,-10.242963689131887,29.840297385674543
5.3100000000000005,-10.459330056882827,-9.93526258328115,30.098674832188326
5.32,-10.39372507845198,-9.607142869472957,30.312273465807213
5.33,-10.302386289482495,-9.264450597195223,30.478368454362375
5.34,-10.186666616182348,-8.913208793959294,30.59530924330239
5.3500000000000005,-10.048363429376009,-8.559407329105463,30.662519376336842
5.36,-9.889663406579716,-8.208805788159603,30.68044831966605
5.37,-9.713074995832383,-7.866761071608139,30.65048182019085
5.38,-9.521352465803309,-7.538088521013009,30.574820096775856
5.39,-9.317415818226996,-7.226961864698725,30.4563347302975
5.4,-9.10427075918702,-6.9368536513613925,30.298415434248042
5.41,-8.884932521580193,-6.67051454082935,30.104817088278878
5.42,-8.662356680839824,-6.429987172318718,29.879515770905037
5.43,-8.439379304913997,-6.216648513000599,29.626580370221422
5.44,-8.21866792391597,-6.031273640871527,29.35006401974121
5.45,-8.002683979526797,-5.874113755088015,29.05391738699112
5.46,-7.7936566840025066,-5.744981675049787,28.74192394119875
5.47,-7.593567625020842,-5.643338991614082,28.417655859347025
5.48,-7.404145014366725,-5.568380175397466,28.084448231234706
5.49,-7.22686619518607,-5.519110159836653,27.745388664819608
5.5,-7.062966879708626,-5.494413072210319,27.40331920309023
5.51,-6.913455563709664,-5.493110799442098,27.06084755367902
5.5200000000000005,-6.779131628431864,-5.51401090234895,26.720364910795332
5.53,-6.660605768036762,-5.55594401921256,26.384068033563906
5.54,-6.558321546250139,-5.617791337008083,26.053983668905836
5.55,-6.472577069082416,-5.698502980139229,25.73199382176816
5.5600000000000005,-6.403545945321207,-5.797108302623833,25.419860748607036
5.57,-6.351296881419142,-5.912719102296466,25.11925086347609
5.58,-6.315811415004388,-6.044526734714938,24.831756992590797
5.59,-6.29699942747739,-6.191794016241566,24.558918593092585
5.6000000000000005,-6.294712189639147,-6.353842691916527,24.30223966989624
5.61,-6.308752785621405,-6.530037121595992,24.06320418846223
5.62,-6.338883831559785,-6.719764720949499,23.84328879957054
5.63,-6.384832459416678,-6.922413592834141,23.6439726732232
5.64,-6.4462925766793475,-7.137347707595227,23.466744190846423
5.65,-6.522924443261027,-7.363879944775166,23.313104175794084
5.66,-6.614351631972153,-7.601243299368796,23.184565259456253
5.67,-6.720155462684767,-7.848560588337522,23.082646892110652
5.68,-6.839867027126118,-8.10481307222402,23.00886542307764
5.69,-6.972956955441437,-8.368808536245531,22.96471860447964
5.7,-7.118823121488472,-8.639149557668741,22.95166383001062
5.71,-7.2767765452251725,-8.914202921713182,22.97108942045753
5.72,-7.446025830950963,-9.192071433063475,23.02427833017517
5.73,-7.625660582060243,-9.470569695084007,23.112363794923102
5.74,-7.814634357392827,-9.747205777086256,23.236276694742976
5.75,-8.011747880073207,-10.019171034572963,23.396684788824484
5.76,-8.215633372752151,-10.28334064935342,23.593924511769373
5.7700000000000005,-8.424741065293212,-10.53628766371074,23.827926712916412
5.78,-8.637329089265721,-10.774313330649822,24.09813856815285
5.79,-8.85145811976326,-10.99349641633638,24.403444870402605
5.8,-9.064992225176452,-11.18976359398674,24.742092954555115
5.8100000000000005,-9.275607410949723,-11.358982191809119,25.11162654312765
5.82,-9.480809262572878,-11.497075256199354,25.508834680707608
5.83,-9.677960875274886,-11.60015716344427,25.92972249489615
5.84,-9.864321877940503,-11.664685920070713,26.369510595686585
5.8500000000000005,-10.037098803494361,-11.68762597483697,26.82266932490133
5.86,-10.193506333109232,-11.666613052132947,27.28299265262392
5.87,-10.330838077875944,-11.600110513029719,27.7437142294743
5.88,-10.446544618616462,-11.487545410047517,28.197665004634892
5.89,-10.53831559018597,-11.32941207413323,28.63746812265999
5.9,-10.604161780637869,-11.127332032653968,29.055762885094474
5.91,-10.642492636895872,-10.884061432276702,29.44544589875487
5.92,-10.652184336962083,-10.603440847667066,29.799914682245166
5.93,-10.6326337842922,-10.290287076027637,30.11329747798575
5.94,-10.583794533999923,-9.95023171296063,30.380653183465753
5.95,-10.50619174269414,-9.58951630076943,30.598127296916267
5.96,-10.40091465007639,-9.214757936950123,30.763053402661622
5.97,-10.269586703767043,-8.832701840687855,30.873994553741348
5.98,-10.114315050432825,-8.449978140486154,30.930724292835706
5.99,-9.937622554506305,-8.072879007814244,30.934152253765795
6.0,-9.742366615567768,-7.707169464228695,30.88620362936301
6.01,-9.531649732144125,-7.357941218678519,30.789664781351444
6.0200000000000005,-9.308726962214424,-7.029514366803581,30.648008662461756
6.03,-9.07691518225654,-6.72538733294392,30.465213547292787
6.04,-8.839508423797312,-6.448231585357863,30.245587079865565
6.05,-8.599702680600071,-6.199924759820158,29.993605241898255
6.0600000000000005,-8.360532555803234,-5.981614041851174,29.713772978626963
6.07,-8.124821075333799,-5.793800957279031,29.4105103092656
6.08,-7.895143029805441,-5.636438942985139,29.088065127725596
6.09,-7.673801390987531,-5.509035975320315,28.750451778891936
6.1000000000000005,-7.462815719106499,-5.410755861511448,28.401412971474667
6.11,-7.263921044246347,-5.3405133090324375,28.04440165671698
6.12,-7.078575457754322,-5.2970593864313855,27.682579090636057
6.13,-6.907974562117318,-5.279055341651891,27.318825295584592
6.140000000000001,-6.753070966941805,-5.285133872223545,26.95575842275225
6.15,-6.614597149243174,-5.313947815061143,26.59575997629642
6.16,-6.493090185245602,-5.364206846246423,26.24100339646073
6.17,-6.388917080047784,-5.434703179722435,25.893484041179185
6.18,-6.302299648423996,-5.524327466589586,25.55504910449705
6.19,-6.23333811830238,-5.632076165449275,25.227426437151042
6.2,-6.182032827172632,-5.757051618930776,24.91225157715917
6.21,-6.148303554522663,-5.898455967216324,24.611092554801818
6.22,-6.132006177732165,-6.055579884997435,24.325472212548103
6.23,-6.132946454712448,-6.227786966676425,24.056887885719824
6.24,-6.150890825925864,-6.414494423170921,23.80682833485909
6.25,-6.1855741944438325,-6.6151506054093865,23.57678781668185
6.26,-6.236704689378483,-6.829209744308396,23.36827713710872
6.2700000000000005,-6.303965449758692,-7.056104202314944,23.182831456030474
6.28,-6.387013487363914,-7.295214473832276,23.02201451715363
6.29,-6.485475702955562,-7.545837156795422,22.88741886504092
6.3,-6.598942145617118,-7.807151150930026,22.780661493171863
6.3100000000000005,-6.726956624460973,-8.07818242537592,22.703374250509118
6.32,-6.869004810762497,-8.357767844662044,22.65718823074806
6.33,-7.024500011609792,-8.644518751819122,22.643711292216803
6.34,-7.192766858231318,-8.936785282962163,22.664497825126254
6.3500000000000005,-7.373023237691104,-9.232622727432844,22.721009918661853
6.36,-7.564360909192567,-9.529761643961793,22.81456920961398
6.37,-7.765725387908203,-9.825583879819664,22.946298946558073
6.38,-7.975895849831775,-10.117107088088737,23.11705620992166
6.390000000000001,-8.193466007013466,-10.400980754447186,23.327354816935113
6.4,-8.416827115440544,-10.67349706830021,23.577280231410015
6.41,-8.644154493637295,-10.930620124945662,23.8663987952039
6.42,-8.873399127724001,-11.16803683172579,24.193664778807463
6.43,-9.102286089732294,-11.381232409781605,24.557330053923224
6.44,-9.328321565079532,-11.565592437206591,24.954862516501404
6.45,-9.548810232075075,-11.716531896975402,25.382880578602553
6.46,-9.760884520152327,-11.829649651995169,25.837111897294637
6.47,-9.961546858548623,-11.900904226135923,26.312384780307454
6.48,-10.147725391309201,-11.926803883500549,26.802660158894188
6.49,-10.316342778582522,-11.904601044962511,27.301110446732096
6.5,-10.464396660745082,-11.832478447991587,27.80024890552458
6.51,-10.58904920123862,-11.709712604796472,28.292109364315017
6.5200000000000005,-10.6877219546884,-11.536799514202212,28.768471540901135
6.53,-10.758191268439399,-11.31552861762621,29.22112225255522
6.54,-10.798678672424566,-11.048993852136881,29.6421381191473
6.55,-10.807930389376462,-10.741535258710638,30.024171683674776
6.5600000000000005,-10.78528031254949,-10.398610544896533,30.360720889133667
6.57,-10.73069159531778,-10.026602575881356,30.64636204906902
6.58,-10.644773338766267,-9.63257508038239,30.876929000195062
6.59,-10.528770627582132,-9.223993981057054,31.049625802257545
6.6000000000000005,-10.384528158599746,-8.808434922561991,31.163066547291553
6.61,-10.214429697005881,-8.39329832156363,31.217242680668857
6.62,-10.021317347847615,-7.985551559807355,31.213424744978013
6.63,-9.808395948920483,-7.591514149245863,31.154010756487217
6.640000000000001,-9.579128648796466,-7.216696495755731,31.042336894878254
6.65,-9.337129889694177,-6.86569711066225,30.882467566423387
6.66,-9.086061612063016,-6.542157586908592,30.678981285938168
6.67,-8.829537646198554,-6.248770028098158,30.43676660110678
6.68,-8.571040106609384,-5.987328304135258,30.160839013371742
6.69,-8.313850319494756,-5.7588126476867245,29.85618613364877
6.7,-8.060995541063372,-5.563496608550174,29.527644682119174
6.71,-7.815211581584627,-5.401065993121251,29.17980979471437
6.72,-7.578920514122591,-5.270740797739113,28.81697466554182
6.73,-7.354221954797404,-5.171392954193761,28.44309691092116
6.74,-7.142895955706102,-5.101654643967557,28.06178714268626
6.75,-6.946415329547524,-5.060013778503687,27.676314964172086
6.76,-6.765965188277792,-5.044894839756965,27.289627793932706
6.7700000000000005,-6.60246758186183,-5.054724555003021,26.9043784186375
6.78,-6.45660932265392,-5.08798282602198,26.52295783532171
6.79,-6.328871336143193,-5.143239968127604,26.147530651659686
6.8,-6.219558156928472,-5.21918168438439,25.780070991383752
6.8100000000000005,-6.12882646500276,-5.314623359324889,25.422397450708587
6.82,-6.0567118145106615,-5.42851525917662,25.076206145501715
6.83,-6.003152934474652,-5.559940121155366,24.743101270841613
6.84,-5.968013173253927,-5.70810444376445,24.424622869246356
6.8500000000000005,-5.9510988143714165,-5.872324585523314,24.122271682671602
6.86,-5.952174112289166,-6.052008565368345,23.83753106067322
6.87,-5.9709729860295635,-6.246634251675505,23.57188592749526
6.88,-6.007207370626844,-6.455724440899495,23.326838787628922
6.890000000000001,-6.06057226622977,-6.678819170114779,23.103922684026635
6.9,-6.1307475475017155,-6.9154454870247095,22.904710925107704
6.91,-6.2173966071033275,-7.165084821997217,22.7308232738325
6.92,-6.320161911844811,-7.427138074949197,22.58392815143255
6.93,-6.438657553945074,-7.700888551403214,22.465740256872607
6.94,-6.572458888205343,-7.985462963391959,22.378012848897054
6.95,-6.721089364402768,-8.279790859207703,22.322523790975918
6.96,-6.884004698588939,-8.582563068313096,22.301054334540076
6.97,-7.060574583065117,-8.892190049816906,22.31535953122091
6.98,-7.250062218288569,-9.206761417440628,22.36712914471804
6.99,-7.451602065990432,-9.524008377795894,22.45793800793837
7.0,-7.6641763753078065,-9.841271349824428,22.589184977564322
7.01,-7.8865912245549445,-10.155475605878832,22.762020016771924
7.0200000000000005,-8.117453048755806,-10.463118345803258,22.97725952852837
7.03,-8.355146880606375,-10.760271119241091,23.23529090223281
7.04,-8.597817806746447,-11.042601858454924,23.535968346139196
7.05,-8.843357410260912,-11.305420860451664,23.878503450825683
7.0600000000000005,-9.089397202669245,-11.543754731337293,24.261355517487146
7.07,-9.333311202852503,-11.752451440972711,24.682128385661432
7.08,-9.572229846543651,-11.926318113155777,25.137482137474887
7.09,-9.803067253821748,-12.060290925918197,25.62306939841637
7.1000000000000005,-10.02256349160446,-12.149633535823142,26.13350669732172
7.11,-10.227342803978566,-12.190156913370119,26.662391161261837
7.12,-10.413987830702245,-12.178449682814012,27.202371399755247
7.13,-10.57912861641772,-12.112104458401976,27.74527857095757
7.140000000000001,-10.719543801286543,-11.989922848674457,28.282319295523973
7.15,-10.832269901683134,-11.812080401452544,28.804326521717954
7.16,-10.914713207983809,-11.580233356713485,29.302058170337876
7.17,-10.964757745156026,-11.297552021746716,29.76652719126142
7.18,-10.980862159735494,-10.968670892106095,30.189341505251324
7.19,-10.962138474122492,-10.599552888042908,30.563029144341087
7.2,-10.908406469329591,-10.19727340693253,30.88132348928976
7.21,-10.820218998352967,-9.769738144945809,31.139386171923306
7.22,-10.698855657021834,-9.325355556716355,31.333950769298315
7.23,-10.546284709497941,-8.872689307000188,31.46337813429817
7.24,-10.365095680235209,-8.42011743692479,31.527622945092435
7.25,-10.158407271412269,-7.975523088585608,31.5281195025436
7.26,-9.929756978099496,-7.546036944588331,31.46760175115546
7.2700000000000005,-9.68297977645692,-7.137844931512496,31.34987707869026
7.28,-9.422083491252762,-6.756067328877669,31.17957527952744
7.29,-9.151127959925963,-6.404708326706562,30.961893265321887
7.3,-8.874114044564035,-6.086669174419441,30.70235319558927
7.3100000000000005,-8.59488709874691,-5.803813906673533,30.40658743897434
7.32,-8.317057886320036,-5.557074390986511,30.080158974154834
7.33,-8.043942367046524,-5.346580972440482,29.728421207729696
7.34,-7.778520359469467,-5.171805931992986,29.35641723877079
7.3500000000000005,-7.523411959670111,-5.0317088670419485,28.96881562108297
7.36,-7.280869777931204,-4.92487548705035,28.569877740469735
7.37,-7.052784550929546,-4.84964380462352,28.163450952924734
7.38,-6.840701460505906,-4.804214009715569,27.752981441625877
7.390000000000001,-6.645844488477848,-4.786740268274341,27.341541127466943
7.4,-6.46914630090529,-4.795404209613615,26.93186369530672
7.41,-6.311281427270341,-4.828470954751778,26.526385693131342
7.42,-6.1727008302913875,-4.884329233569889,26.12728958461283
7.43,-6.053666310816587,-4.961517509243621,25.736546492907884
7.44,-5.954283530363133,-5.058738148951393,25.35595711041988
7.45,-5.8745327421101585,-5.17486162174469,24.98718984205252
7.46,-5.814296588428155,-5.308922529325559,24.631815696309705
7.47,-5.773384544589867,-5.4601090327855575,24.291339750917647
7.48,-5.751553763978376,-5.62774696550507,23.96722921572907
7.49,-5.748526212755719,-5.811279646175798,23.660938215857115
7.5,-5.764002076296127,-6.010244144594332,23.373929441672455
7.51,-5.797669481411704,-6.224244518542875,23.107692776276792
7.5200000000000005,-5.849210613584479,-6.452922340624609,22.86376092890486
7.53,-5.918304323192256,-6.6959246748767205,22.643721984820722
7.54,-6.004625315088559,-6.952869548932687,22.44922863648477
7.55,-6.107840007747209,-7.2233089032193645,22.28200369317547
7.5600000000000005,-6.227599137324877,-7.506688989905153,22.143841282325152
7.57,-6.363527174306857,-7.802308248262955,22.036602961678373
7.58,-6.515208621961058,-8.10927280852926,21.962207765166507
7.59,-6.682171283029218,-8.426449983190315,21.922615018880478
7.6000000000000005,-6.863866620692187,-8.75242040315513,21.919798603720455
7.61,-7.059647408898868,-9.085429855339873,21.95571123204854
7.62,-7.268742972691027,-9.423342382638507,22.032237278985725
7.63,-7.490232467684722,-9.763596814204117,22.151132805785675
7.640000000000001,-7.723016844418583,-10.103169587884992,22.313951682314666
7.65,-7.965790390078698,-10.438547473434463,22.5219572134221
7.66,-8.217013034768906,-10.765714545581428,22.776019456050197
7.67,-8.474884942763321,-11.080158400081627,23.076499528282373
7.68,-8.737325262448595,-11.376901028782658,23.42312368459401
7.69,-9.001957251588205,-11.650559813577205,23.814851750449705
7.7,-9.26610228335667,-11.895443582032334,24.249746600987493
7.71,-9.526785416020779,-12.105687404392333,24.724853578737285
7.72,-9.780755206925665,-12.275427648563587,25.236100823878264
7.73,-10.024520196541266,-12.39901567131078,25.77823308942952
7.74,-10.254403913563129,-12.471264469831263,26.344792308303198
7.75,-10.466619311091002,-12.487717896612915,26.928157519712244
7.76,-10.657362229112108,-12.444927124091793,27.519654359711573
7.7700000000000005,-10.822921838734416,-12.340714624232538,28.109739957639633
7.78,-10.959804176905068,-12.17440284495302,28.688262830909125
7.79,-11.064863016047608,-11.94698388345111,29.244789692392242
7.8,-11.13543067802839,-11.66120846887059,29.768982844322142
7.8100000000000005,-11.169440268595931,-11.32157778517164,30.251004231089876
7.82,-11.165530427375094,-10.934229847246494,30.681916606820383
7.83,-11.123124233019585,-10.506722423480731,31.054049855265994
7.84,-11.042475420276089,-10.047725470212358,31.361302054277434
7.8500000000000005,-10.92467744745499,-9.566646005248117,31.59935049913845
7.86,-10.771633939197148,-9.073215655308367,31.7657569075427
7.87,-10.585992247119831,-8.577074555876983,31.85996206920931
7.88,-10.371044899921014,-8.087384366068791,31.883176528544272
7.890000000000001,-10.130606167189066,-7.612498207314441,31.838183747196698
7.9,-9.868872553348703,-7.15970737572948,31.729079204400673
7.91,-9.590276634820915,-6.7350751847087516,31.560972309516526
7.92,-9.299343279337124,-6.343358824344353,31.339677792386357
7.930000000000001,-9.0005561028157,-5.988011998664719,31.07141999231177
7.94,-8.698240277274925,-5.671255188619798,30.76256817321098
7.95,-8.396465787224082,-5.394197030135028,30.41941476972231
7.96,-8.09897320803896,-5.156989363863882,30.04800233117533
7.97,-7.809122259327387,-4.95899954686201,29.65399963192911
7.98,-7.529861907514304,-4.798985993427998,29.242623391037892
7.99,-7.263719719015457,-4.675265996846035,28.81859942334476
8.0,-7.012807499828467,-4.585868132223253,28.38615572819984
8.01,-6.778839955543562,-4.5286645559855945,27.949039769047015
8.02,-6.563163098038986,-4.5014810591067915,27.510552706454565
8.03,-6.366789332394456,-4.502184694405524,27.073594323234307
8.040000000000001,-6.190436503561246,-4.52875018075078,26.640713572199918
8.05,-6.03456860123426,-4.579307151030451,26.214160896203243
8.06,-5.899436261333801,-4.652170751070186,25.79593959134321
8.07,-5.78511562620171,-4.745858216695399,25.387854437858383
8.08,-5.691544508875053,-4.859093952333732,24.991556581766908
8.09,-5.618555136252715,-4.990805388559905,24.608584215372648
8.1,-5.565903016436528,-5.140111571703835,24.240398995144165
8.11,-5.533291687565697,-5.306306082927056,23.88841837818551
8.120000000000001,-5.520393263302993,-5.488835529248935,23.55404418235413
8.13,-5.5268648000884815,-5.687274515622858,23.23868770669719
8.14,-5.552360580614115,-5.901297707763467,22.94379171071238
8.15,-5.596540444160164,-6.13064933697297,22.670849460482632
8.16,-5.659074304726351,-6.37511028455775,22.421420919679253
8.17,-5.73964298914447,-6.634462717189977,22.197146002371046
8.18,-5.837935506031241,-6.908452128613107,21.999754618040708
8.19,-5.9536428287016765,-7.196746581616845,21.83107303086768
8.2,-6.0864482470961185,-7.498892943549374,21.693025828395267
8.21,-6.236014321608054,-7.814269977735007,21.587632553439832
8.22,-6.401966462055164,-8.142038303690292,21.51699780461114
8.23,-6.583873165132563,-8.481087485000927,21.483293366941645
8.24,-6.781222981466662,-8.82998086046364,21.488730713616466
8.25,-6.993398357482844,-9.186899216266069,21.53552205053625
8.26,-7.219646616758594,-9.549585015330113,21.625827996516023
8.27,-7.459048519191756,-9.915289656566848,21.76169005505217
8.28,-7.710485071688902,-10.280727118576772,21.944946303225755
8.290000000000001,-7.972603565664406,-10.642038312759224,22.17712927428826
8.3,-8.243784183516889,-10.994771460566445,22.459345921938386
8.31,-8.522108939024141,-11.333884707457422,22.79214089841936
8.32,-8.80533517386097,-11.653777832031452,23.175346202842874
8.33,-9.090876287193828,-11.94836009377338,23.607922558888564
8.34,-9.37579277215088,-12.21116073904275,24.0878005813985
8.35,-9.656796897330986,-12.43548719241962,24.611732698158008
8.36,-9.930274412394883,-12.614633273772565,25.17516958002696
8.370000000000001,-10.192326374690802,-12.742135776686304,25.772177031750964
8.38,-10.438833495220784,-12.812072481002529,26.395410323845166
8.39,-10.665544220289341,-12.81938847545415,27.036162175118527
8.4,-10.868186085522513,-12.760231178696495,27.684497475534062
8.41,-11.04259776534072,-12.632268625454651,28.32948206125886
8.42,-11.18487685395534,-12.43496160610162,28.95950452538728
8.43,-11.29153601387602,-12.169759312898456,29.562679828227218
8.44,-11.35965805442471,-11.840191195048401,30.127312604777302
8.45,-11.387039127486355,-11.451835129008668,30.64238826219412
8.46,-11.372308884305658,-11.012153327617401,31.098053095373764
8.47,-11.315017341910169,-10.5302013072804,31.486042352376597
8.48,-11.21568039180349,-10.016229639962035,31.800018386233873
8.49,-11.075779158219246,-9.481210732261086,32.0357896463411
8.5,-10.897712384455085,-8.936331299714798,32.1913940963228
8.51,-10.684705160071745,-8.392494083071261,32.26704561240123
8.52,-10.440681028835888,-7.859869322683409,32.26495651475412
8.53,-10.170107343597097,-7.3475283632070525,32.18906127729784
8.540000000000001,-9.877825336016578,-6.8631802120621925,32.04467399527327
8.55,-9.56887664178294,-6.413019082833991,31.838114696384512
8.56,-9.248337077453055,-6.001679012267607,31.576337395966892
8.57,-8.921166582506963,-5.632282146698047,31.266587031059434
8.58,-8.592081790386041,-5.306561126508072,30.916104577424935
8.59,-8.265455057648683,-5.025033292016425,30.531891290512277
8.6,-7.945241289951026,-4.787204740866157,30.120535369646536
8.61,-7.634931793362192,-4.591784786526869,29.688098240147003
8.620000000000001,-7.337532780131708,-4.436895193362901,29.240053437073417
8.63,-7.055565104000846,-4.320262869293832,28.781268731430355
8.64,-6.791081252738946,-4.239388846082873,28.316021383604802
8.65,-6.545695500099158,-4.191689960321252,27.84803683287971
8.66,-6.320623310655753,-4.174612465523171,27.380542310241395
8.67,-6.116726493146904,-4.185718820615423,26.9163284195779
8.68,-5.934561117338491,-4.222750183034156,26.457813380802566
8.69,-5.774425771112742,-4.283667812952367,26.007106171792575
8.700000000000001,-5.636408283914532,-4.3666768143109715,25.5660661320692
8.71,-5.520429544141049,-4.470235536606998,25.136357652777686
8.72,-5.426283471444243,-4.593053656310942,24.719499372766865
8.73,-5.353672561999843,-4.734081540080855,24.316907854616893
8.74,-5.3022387056260385,-4.892493030133781,23.9299360656557
8.75,-5.2715891834958954,-5.067663330032785,23.55990717898677
8.76,-5.261317902263726,-5.259143234486428,23.208144277151295
8.77,-5.2710220141262845,-5.466630554866387,22.875996519034302
8.78,-5.3003141222061325,-5.689939250063038,22.56486224448806
8.790000000000001,-5.348830285717574,-5.928966482117538,22.276209359180367
8.8,-5.416234027904853,-6.183657577571363,22.011593176300938
8.81,-5.502216519141714,-6.453968688107256,21.772671698729386
8.82,-5.60649306455285,-6.739826808437376,21.56121810804236
8.83,-5.728795976288551,-7.0410867284639895,21.37912998593879
8.84,-5.868863861217092,-7.3574844766352365,21.228434529120133
8.85,-6.0264273115471685,-7.6885868621233815,21.111288731103155
8.86,-6.201190955563561,-8.033736859138148,21.02997319741789
8.870000000000001,-6.392811815964392,-8.391994815650566,20.986877942797527
8.88,-6.600873943120865,-8.762075832745888,20.98447820669706
8.89,-6.824859350152307,-9.142284173140444,21.025298043962497
8.9,-7.06411538744864,-9.5304462400148,21.111859241885906
8.91,-7.317818868337717,-9.923844535585697,21.246613041350475
8.92,-7.584937506835636,-10.31915606397818,21.43185227528779
8.93,-7.864189562581885,-10.712399861741877,21.66960197769918
8.94,-8.154003012063075,-11.098899661248817,21.96148737048745
8.950000000000001,-8.452476075370582,-11.473269005017658,22.30857951596915
8.96,-8.757341506940168,-11.82942725548869,22.71122092666097
8.97,-9.065937671154526,-12.160655634557362,23.168836101250644
8.98,-9.375190009646063,-12.459702360383117,23.679735270958062
8.99,-9.681606979631866,-12.718944759563954,24.240923424981304
9.0,-9.98129478780646,-12.930613559534239,24.847930590075247
9.01,-10.269995128330546,-13.08708013644947,25.494682812976254
9.02,-10.543149518001114,-13.181201237400925,26.17343558243751
9.03,-10.79599258988919,-13.206707871410686,26.87479164794061
9.040000000000001,-11.023674797974692,-13.158616367790355,27.587822479488803
9.05,-11.22141243430126,-13.033631208877837,28.30030634066592
9.06,-11.384659830852517,-12.830502734317337,28.999085992906544
9.07,-11.50929541977022,-12.550299931067066,29.670536035714886
9.08,-11.591810396388214,-12.196560794690885,30.301115305213393
9.09,-11.629486582646965,-11.77529101419962,30.877965863873328
9.1,-11.620549216956155,-11.294795729137938,31.389509589453134
9.11,-11.564281158288063,-10.765347254794847,31.825988698768896
9.120000000000001,-11.461087501329823,-10.198711218263027,32.17989934098786
9.13,-11.312503660514361,-9.607571094233817,32.44627785862488
9.14,-11.121145093586096,-9.004903419978895,32.622815995616925
9.15,-10.89060227911369,-8.403360726238132,32.709801394047616
9.16,-10.625289540810545,-7.814715736712827,32.709899605572694
9.17,-10.330260120804258,-7.249409674950016,32.627810149947166
9.18,-10.011002074705695,-6.716231968836563,32.46983944466815
9.19,-9.67322993655596,-6.2221413521222555,32.24343671459349
9.200000000000001,-9.322685835154386,-5.772222327428726,31.956735761885312
9.21,-8.964961227466807,-5.3697584342030655,31.618137364120866
9.22,-8.60534716900477,-5.016395937079639,31.23595626802713
9.23,-8.248717593792295,-4.712368511742567,30.818145438297734
9.24,-7.899446872392367,-4.456754521660247,30.372100134926857
9.25,-7.561360262432611,-4.247742352956129,29.90453659368526
9.26,-7.23771391849893,-4.082884706453354,29.421434968794593
9.27,-6.93119991118908,-3.959328598464262,28.92803362894268
9.28,-6.643971146142107,-3.8740132626249197,28.42886140915787
9.290000000000001,-6.37768104461218,-3.823832677874791,27.92779540369406
9.3,-6.133533198991088,-3.8057628700023396,27.428133739146134
9.31,-5.9123368068845465,-3.816956458116624,26.932674990701788
9.32,-5.714564394860279,-3.854808285311529,26.44379813141018
9.33,-5.54040907515962,-3.9169965858889886,25.96353890362567
9.34,-5.389839271521824,-4.001504209052718,25.49366015603588
9.35,-5.26264946492423,-4.1066241278562,25.035714965173792
9.36,-5.158506027392411,-4.230952962934772,24.59110227722462
9.370000000000001,-5.076987627228727,-4.37337565465227,24.161115413696013
9.38,-5.017620006510046,-4.533043800924385,23.746984143705497
9.39,-4.979905161362859,-4.709349588695708,23.349911196195198
9.4,-4.963345109683322,-4.901896711054936,22.97110411994045
9.41,-4.967460522536554,-5.110469190753812,22.611803340121053
9.42,-4.991804536725369,-5.334998626622211,22.27330713896609
9.43,-5.035972068005538,-5.575530039056855,21.9569941260337
9.44,-5.099604916726373,-5.83218620930086,21.664343573983107
9.450000000000001,-5.18239290846702,-6.105130179594139,21.396953784365742
9.46,-5.28407124850799,-6.394525404094332,21.156558416038344
9.47,-5.4044141968573856,-6.700492913258594,20.945040453847966
9.48,-5.543225095725518,-7.023064780531682,20.76444321292436
9.49,-5.700322709499106,-7.362133167849355,20.616977459632285
9.5,-5.875523774590476,-7.717394289287165,20.505023380929458
9.51,-6.068621610212224,-8.088286789875658,20.43112575025501
9.52,-6.279360619832262,-8.47392431510302,20.397980227391923
9.53,-6.507406527401763,-8.87302247753787,20.408408309288664
9.540000000000001,-6.752312255229447,-9.283821045798566,20.46531805012996
9.55,-7.0134794766132735,-9.704003023403398,20.57164734261077
9.56,-7.2901160827710525,-10.130613380202362,20.730286372900107
9.57,-7.581190107475517,-10.559981560100349,20.943975931474345
9.58,-7.885381069577271,-10.987653497868992,21.21517871204633
9.59,-8.20103023337518,-11.408340667700587,21.54592171703504
9.6,-8.526091949004284,-11.815895517876617,21.937609577701707
9.61,-8.858089001556605,-12.203324286946422,22.390811143011568
9.620000000000001,-9.194075724801792,-12.56284930509973,22.90502518956001
9.63,-9.53061344562962,-12.88603300865388,23.478435535509206
9.64,-9.863763501358532,-13.163974504342212,24.107670995751594
9.65,-10.189103455934514,-13.38758607379131,24.78759102294074
9.66,-10.50177204297187,-13.547951083732375,25.511122756665085
9.67,-10.796547584026296,-13.636756230829045,26.269178461304456
9.68,-11.067962998356837,-13.646780258213912,27.050682676297008
9.69,-11.310457945876166,-13.572409253376861,27.842734553241005
9.700000000000001,-11.518565179154646,-13.410137122840801,28.63092190085627
9.71,-11.687124067046993,-13.159001188975116,29.399789273416435
9.72,-11.811509950774967,-12.820899639018885,30.133444049486705
9.73,-11.887864149200794,-12.400741943104265,30.8162642067122
9.74,-11.913306784795333,-11.906396370344217,31.433652880485205
9.75,-11.886113841684928,-11.348419624615065,31.972771765890304
9.76,-11.805841444885612,-10.73957964537849,32.423181458473834
9.77,-11.673384328418903,-10.094209377506523,32.77732385017694
9.78,-11.490961435245657,-9.42745171938201,33.03079929845586
9.790000000000001,-11.262028733163394,-8.754469439980355,33.182416603884484
9.8,-10.991126542331989,-8.089695994115552,33.23402215972626
9.81,-10.683674832692368,-7.44619380681488,33.19014064673211
9.82,-10.345734170015959,-6.835168190097963,33.057478778829534
9.83,-9.983751783208495,-6.265661749924007,32.84435316681871
9.84,-9.60431158348735,-5.744430586056534,32.56010298421479
9.85,-9.213904297131807,-5.27598374796017,32.21453948433782
9.86,-8.818729857924623,-4.862753778024937,31.81747052010009
9.870000000000001,-8.42453961287022,-4.5053595305446965,31.378322396461854
9.88,-8.0365214220353,-4.202922121220521,30.90586652037668
9.89,-7.659226896787084,-3.9533992344820885,30.40804634749069
9.9,-7.296537114655143,-3.753910161787977,29.891891948548516
9.91,-6.951661259988096,-3.601032077316732,29.363505126017873
9.92,-6.627161695075063,-3.491055820162288,28.82809680140413
9.93,-6.324998796651081,-3.4201960045918125,28.29005948444638
9.94,-6.046589287650696,-3.3847552530811615,27.75306011852017
9.950000000000001,-5.792872546596743,-3.381245723280478,27.220141696982928
9.96,-5.564380309532304,-3.4064730786041233,26.693825192160258
9.97,-5.361306155769589,-3.4575889309025993,26.17620617166503
9.98,-5.18357209538872,-3.5321178762843712,25.669042813230764
9.99,-5.030890397187077,-3.627964830931438,25.17383381732048
10.0,-4.902819483748822,-3.7434076752715657,24.691885987964348
10.01,-4.798813269356856,-3.877079394057716,24.224372082482475
10.02,-4.718263733787743,-4.027943064577379,23.772380011982126
10.03,-4.660536825193515,-4.195262260061582,23.33695469689039
10.040000000000001,-4.625001986019028,-4.378568733569585,22.919133923637894
10.05,-4.611055715334489,-4.577628641121468,22.519979472447943
10.06,-4.618139635906393,-4.792408050437147,22.140604638225483
10.07,-4.645753539511263,-5.023038054951563,21.782199078260703
10.08,-4.693463851769313,-5.2697794604187695,21.44605171100608
10.09,-4.760907898203155,-5.532986721732871,21.133572168920985
10.1,-4.847794274369847,-5.813070570480449,20.846311077250995
10.11,-4.953899531232317,-6.110458581916855,20.585979186150375
10.120000000000001,-5.079061287757198,-6.4255527800510155,20.354465118554856
10.13,-5.2231677807616395,-6.7586832725652455,20.153851201164176
10.14,-5.386143761928393,-7.11005685029058,19.986426510405877
10.15,-5.5679325588441495,-7.479699492524041,19.854695879619005
10.16,-5.768474037241247,-7.86739181104719,19.761383170924788
10.17,-5.987678143542686,-8.272596672522615,19.709426613811985
10.18,-6.225393681078096,-8.694378600599293,19.701963460075632
10.19,-6.481371993892966,-9.131315124081604,19.74230062343511
10.200000000000001,-6.755225316500029,-9.581401061186153,19.83386740469591
10.21,-7.046379717526811,-10.041947869140051,19.98014592085609
10.22,-7.354022844411547,-10.50948169228149,20.18457456666702
10.23,-7.677047090886072,-10.979645636392423,20.450419890689925
10.24,-8.013989382771117,-11.447114062505294,20.780612861740803
10.25,-8.36296952686167,-11.905529234278045,21.177546872950884
10.26,-8.721629992899409,-12.347473261686758,21.642837236571733
10.27,-9.087081073604521,-12.764490604287298,22.177045598232656
10.28,-9.455856526560215,-13.14717789919531,22.779377788219147
10.290000000000001,-9.82388592574722,-13.485357858970879,23.447370082667362
10.3,-10.186490858911824,-13.768351619214721,24.17658631157687
10.31,-10.53841255673889,-13.985358388542487,24.960355935685737
10.32,-10.873878242251733,-14.125941973367931,25.789589829619075
10.33,-11.186712149202876,-14.180610649142123,26.652714293507156
10.34,-11.470494542088392,-14.141460713308037,27.535762746271185
10.35,-11.718768092638031,-14.002836774163153,28.422656770121176
10.36,-11.925285787142824,-13.761946431504471,29.295692599008706
10.370000000000001,-12.084288630622934,-13.419357311895295,30.136226167627623
10.38,-12.190795579334376,-12.979304265354527,30.925521850870823
10.39,-12.240883417558189,-12.449746612650658,31.64570146938139
10.4,-12.231931796818504,-11.842140033325899,32.28070687349206
10.41,-12.162809259222175,-11.170922283212063,32.817177367204735
10.42,-12.033980161236613,-10.45275068868358,33.24514662334562
10.43,-11.84751970325984,-9.70556467854016,33.55848353584744
10.44,-11.607033750066254,-8.947570998370534,33.75503464371456
10.450000000000001,-11.317490272510478,-8.196257515881676,33.836465905329575
10.46,-10.984978355740653,-7.467532317557148,33.80784056040171
10.47,-10.616417344203704,-6.775060915823418,33.677000042022975
10.48,-10.219241938540438,-6.1298417625317105,33.45383145397488
10.49,-9.801088759046635,-5.540026067019839,33.14950671339709
10.5,-9.36950655418243,-5.010958534812832,32.775767231120454
10.51,-8.93170683017959,-4.545395245540397,32.34430840375969
10.52,-8.49436535119414,-4.1438449089915546,31.866295391303215
10.53,-8.063478757682757,-3.804979222735229,31.35202016777931
10.540000000000001,-7.644275251185915,-3.5260645366656718,30.810692695744926
10.55,-7.241174332410167,-3.303377515071138,30.250347634753336
10.56,-6.857788073528358,-3.132579240704714,29.67784217551044
10.57,-6.496955232771548,-3.0090332019161505,29.098919401769194
10.58,-6.160799416675149,-2.9280616509501884,28.518313628259016
10.59,-5.850803148149603,-2.8851414599242178,27.939878056165856
10.6,-5.567890805668687,-2.876044896072704,27.366719683575255
10.61,-5.312514710195584,-2.896933055985657,26.801330900726203
10.620000000000001,-5.084739967476681,-2.9444105239403084,26.245711111841022
10.63,-4.884324903599929,-3.015549630315682,25.701474845013976
10.64,-4.7107949946004695,-3.107891887709836,25.16994511200982
10.65,-4.56350906001473,-3.2194330822909283,24.652232343345297
10.66,-4.441717166320289,-3.3485973080386455,24.149300184551105
10.67,-4.344610185916583,-3.4942040836737718,23.662019942633147
10.68,-4.271361305335068,-3.655431657644552,23.191215651486125
10.69,-4.221159999650784,-3.8317787152979066,22.737701692618074
10.700000000000001,-4.193239114424234,-4.0230259577501934,22.302314748340553
10.71,-4.18689574482798,-4.229198412467868,21.885941639378924
10.72,-4.201506593129353,-4.450528842476013,21.489544347590755
10.73,-4.236538435885786,-4.687422223515705,21.114183270463904
10.74,-4.291554253093801,-4.940420936191489,20.761039508035363
10.75,-4.366215472189261,-5.210170055414471,20.431436746373524
10.76,-4.460280666898784,-5.497381897816803,20.1268630697821
10.77,-4.573600929340762,-5.802798798786561,19.84899279674713
10.78,-4.706112007071133,-6.127152928336089,19.599708179398135
10.790000000000001,-4.857823167895721,-6.471121818358307,19.38112051762717
10.8,-5.028802627093256,-6.835278168320273,19.195589900310082
10.81,-5.219159247668053,-7.220032435004125,19.045742380200974
10.82,-5.429020109167898,-7.62556671669049,18.934482900024065
10.83,-5.658503441429911,-8.051758546571362,18.865001702550597
10.84,-5.907686346462392,-8.498093460786027,18.840771271700028
10.85,-6.176566698820571,-8.963565664657832,18.86553007235683
10.86,-6.465018641785857,-9.446566862796708,18.943248511636703
10.870000000000001,-6.772741208956887,-9.944764433552846,19.07807169277543
10.88,-7.099199830418023,-10.454971710128529,19.27423277753624
10.89,-7.443560867036276,-10.973015264942191,19.535930275013655
10.9,-7.80461989641449,-11.493606832869466,19.867162565946323
10.91,-8.180725288399897,-12.010230834594935,20.27151376185571
10.92,-8.56969968476391,-12.515062233586159,20.751886967473588
10.93,-8.968763340306372,-12.998933354782071,21.310184580438907
10.94,-9.374464851988831,-13.451371736621043,21.94694080766514
10.950000000000001,-9.782626494658162,-13.860733211946851,22.66091933100671
10.96,-10.188313005227256,-14.214454058869691,23.448698912640303
10.97,-10.585833918022724,-14.499441881391002,24.304281044864336
10.98,-10.968790058157733,-14.702615574910242,25.218765122388085
10.99,-11.330174085505956,-14.811589466565835,26.18014579277064
11.0,-11.66253259571043,-14.815475662968929,27.173291120255648
11.01,-11.958192904412112,-14.705753528189614,28.18015568207803
11.02,-12.209551232904627,-14.477129728870286,29.18026696442044
11.03,-12.409410988247956,-14.128291902534379,30.151495418745302
11.040000000000001,-12.55135113664612,-13.662450136744827,31.071080144017007
11.05,-12.630096752922714,-13.087568752980962,31.916838780374025
11.06,-12.641858417409193,-12.416219158090094,32.66845037239619
11.07,-12.584605834039603,-11.665030819223302,33.308673597200716
11.08,-12.458244869662284,-10.85377441436678,33.82435828536141
11.09,-12.264676162187738,-10.004167413731476,34.20712949127951
11.1,-12.007726333008769,-9.138535098663482,34.45366789017752
11.11,-11.692957494797554,-8.278479371718205,34.56556902836956
11.120000000000001,-11.327374524151832,-7.4436996177740475,34.54882407031725
11.13,-10.919060036865778,-6.6510774225685205,34.41301331727997
11.14,-10.476772554669058,-5.914089053899039,34.17033187055426
11.15,-10.00954353877605,-5.242557868981165,33.83457135618703
11.16,-9.526304469359957,-4.642713922070325,33.42016560353641
11.17,-9.035567445974722,-4.117497088756888,32.94137866712298
11.18,-8.54517365684906,-3.6670254327043708,32.41167905122091
11.19,-8.062115155720786,-3.2891506884329544,31.8433117961887
11.200000000000001,-7.592427887837451,-2.9800334794572,31.24705502152413
11.21,-7.141148458495413,-2.7346873199176978,30.632131535695233
11.22,-6.712323865628384,-2.547458214127192,30.006238825369838
11.23,-6.309062083183535,-2.412422707473387,29.37566031412583
11.24,-5.9336115452959985,-2.3236999046259412,28.745424897531784
11.25,-5.587458747988354,-2.2756817837103673,28.119488214732627
11.26,-5.271434903809545,-2.263191408103649,27.50091618998504
11.27,-4.985824498539039,-2.2815810802904193,26.89205794295446
11.28,-4.730470459435359,-2.3267829121320798,26.294700625799884
11.290000000000001,-4.504872302101575,-2.395323448985228,25.710202898097602
11.3,-4.308275006578779,-2.484312472948063,25.1396066527271
11.31,-4.139747466203533,-2.59141434292889,24.58372844685232
11.32,-3.998250172440646,-2.7148084736017175,24.043233110117047
11.33,-3.8826923804768003,-2.853143960756909,23.518692429743805
11.34,-3.7919793855600727,-3.0054919934427677,23.01063184888958
11.35,-3.7250507702145486,-3.1712985674455787,22.519567916758042
11.36,-3.68091059465485,-3.350339114012355,22.046038910359538
11.370000000000001,-3.6586505282249933,-3.5426759518202604,21.590630685327742
11.38,-3.6574668835814563,-3.7486189238308634,21.153999454427417
11.39,-3.676672436988411,-3.968689159337115,20.736892863065453
11.4,-3.715703811876172,-4.203585574116988,20.340170441537538
11.41,-3.7741250789966685,-4.45415346148422,19.964824263718807
11.42,-3.851628092065208,-4.721354312102205,19.612000424361398
11.43,-3.9480299371299057,-5.00623581303431,19.283021750505718
11.44,-4.063267729584659,-5.309900803170534,18.979411972056575
11.450000000000001,-4.197390845942956,-5.633473793607946,18.70292137522941
11.46,-4.350550528638419,-5.978063493003488,18.455553731066754
11.47,-4.522986651389608,-6.344719609923429,18.23959400809819
11.48,-4.715011280585014,-6.734382044061308,18.057636019814144
11.49,-4.92698851628144,-7.147820441948222,17.91260869841903
11.5,-5.159309948252071,-7.585562008100193,17.807799099955737
11.51,-5.412364924559534,-8.047805472255108,17.746869507409897
11.52,-5.686504713209077,-8.534319279515506,17.733865088488848
11.53,-5.981999558378218,-9.044322478296941,17.773207476722416
11.540000000000001,-6.298987616142675,-9.576347543003509,17.869668395066267
11.55,-6.637414834779098,-10.128085623235888,18.02831608600832
11.56,-6.996965066955766,-10.696216619512878,18.25442596687492
11.57,-7.376980122178972,-11.276229213442054,18.553345794751213
11.58,-7.776370154056731,-11.862239669400047,18.93030501656031
11.59,-8.193515798466043,-12.446822938143926,19.39015834720749
11.6,-8.626164898146936,-13.0208752345266,19.937055556100056
11.61,-9.07132850211768,-13.573533468387074,20.574033657402197
11.620000000000001,-9.525183094149183,-14.092182922856514,21.302534922658523
11.63,-9.982988568932065,-14.562589132097663,22.121864938870353
11.64,-10.439034086469556,-14.96919118751569,23.02861944645599
11.65,-10.886626170191388,-15.295589417666566,24.01612619996299
11.66,-11.318134662114606,-15.525248156011326,25.073966635474516
11.67,-11.725111650748365,-15.64241231675671,26.18765818490302
11.68,-12.098495452277824,-15.633204489200336,27.33858663851962
11.69,-12.428905533448821,-15.486829663380886,28.504273210980028
11.700000000000001,-12.707024752056615,-15.196773450671094,29.659037796146396
11.71,-12.92405304724638,-14.761846137311684,30.775076068051952
11.72,-13.072203273167332,-14.186910384760042,31.82390654005086
11.73,-13.145197668799014,-13.483144895592405,32.77807389786182
11.74,-13.138715422583193,-12.667744560374144,33.6129321067471
11.75,-13.050740606406748,-11.763035261828561,34.30829245617975
11.76,-12.881766960557638,-10.795074526835975,34.84972197080595
11.77,-12.634831282650508,-9.791896434660897,35.22932146502502
11.78,-12.315368107337816,-8.781618731656739,35.44589259374148
11.790000000000001,-11.930900975913108,-7.790646824771849,35.5045012016405
11.8,-11.49060539859814,-6.84218017319454,35.41553652838867
11.81,-11.00479189278484,-5.955161370033565,35.19343145431917
11.82,-10.484362281045216,-5.143725495965049,34.85523617630172
11.83,-9.940288903321722,-4.417127694312244,34.419226371086296
11.84,-9.383156455050608,-3.7800664254852174,33.903686673168885
11.85,-8.822792690020368,-3.2332864107913277,33.32595573981273
11.86,-8.268000171590568,-2.7743384690028,32.70176454982793
11.870000000000001,-7.726388940095898,-2.398387042760229,32.044855125352115
11.88,-7.204300751295755,-2.0989815478949723,31.366837458087996
11.89,-6.70680984638399,-1.8687366095925422,30.677228219278167
11.9,-6.237782737976384,-1.6998928401197646,29.98361294733987
11.91,-5.799979531524971,-1.5847507991753,29.29187971302972
11.92,-5.395181012565214,-1.5159851742188792,28.60648276493774
11.93,-5.024328347400271,-1.4868545582979584,27.930706245195886
11.94,-4.6876651647098635,-1.4913257787813208,27.266908725680082
11.950000000000001,-4.3848745974712635,-1.524132017683374,26.616738025067463
11.96,-4.115206331565757,-1.5807822804985072,25.981312228647706
11.97,-3.8775907263320333,-1.6575371279026883,25.36136719451593
11.98,-3.6707386302342666,-1.7513626715667385,24.757373459783626
11.99,-3.493226651729998,-1.8598720642717745,24.16962678983801
12.0,-3.34356842634788,-1.981261293883573,23.598317045486905
12.01,-3.2202729175159264,-2.1142440936585856,23.043579909627937
12.02,-3.121891068323825,-2.2579892011146017,22.505535567897
12.030000000000001,-3.0470522423893738,-2.412061987064932,21.98431785208283
12.040000000000001,-2.9944919016253015,-2.5763715727364325,21.48009674443548
12.05,-2.9630719036708295,-2.7511238925051638,20.99309657198473
12.06,-2.9517946894728877,-2.9367806851372995,20.5236117261761
12.07,-2.9598124917145134,-3.1340240587267307,20.07202133617247
12.08,-2.9864325411473054,-3.3437260339182244,19.63880400215838
12.09,-3.0311190893469244,-3.5669222945671235,19.224553448315877
12.1,-3.093492908367445,-3.804789239298761,18.8299957702948
12.11,-3.173328772939877,-4.058623311191399,18.456008813757308
12.120000000000001,-3.2705512799681102,-4.329821469643866,18.103644113082595
12.13,-3.3852292123740315,-4.619861545089073,17.77415172632702
12.14,-3.517568508014531,-4.930281072807661,17.46900820706973
12.15,-3.6679037468835647,-5.262653028349201,17.189947837387482
12.16,-3.836687918150022,-5.618556678454701,16.93899708797088
12.17,-4.024480069723233,-5.9995415161356895,16.718512046763404
12.18,-4.2319302743097795,-6.40708197043718,16.531218237135104
12.19,-4.4597611656356895,-6.842520282335467,16.38025179543724
12.200000000000001,-4.70874510681382,-7.306994642307503,16.269200354692057
12.21,-4.979675852977474,-7.8013494341234075,16.202141139754705
12.22,-5.273333370322663,-8.326024289968867,16.1836726707418
12.23,-5.590440288774119,-8.880918734374871,16.218935050907515
12.24,-5.931608320909828,-9.465229622386344,16.31361205286467
12.25,-6.297272914602136,-10.07725955741127,16.473906117911305
12.26,-6.6876144778904925,-10.714196260726533,16.706475015706523
12.27,-7.1024648002168025,-11.371865765681362,17.018316449363112
12.280000000000001,-7.54119789626284,-12.044466663347396,17.416584667381635
12.290000000000001,-8.002605541023781,-12.724298745487793,17.90832171411446
12.3,-8.48475938403601,-13.40150745924719,18.500086150799678
12.31,-8.984863855273932,-14.06387549454306,19.197465055128394
12.32,-9.49910718718221,-14.696703927765375,20.004462267659324
12.33,-10.022521752623268,-15.282836186772714,20.92276868672505
12.34,-10.5488693461437,-15.80288614213256,21.950940094203613
12.35,-11.070571525024343,-16.235733130581185,23.083534727155595
12.36,-11.578708827336731,-16.559336995673732,24.310294937604844
12.370000000000001,-12.063114368575858,-16.75190053030728,25.615490341696695
12.38,-12.512585483271437,-16.793361866250837,26.97756599896016
12.39,-12.915230234391965,-16.66713618957607,28.369247557911063
12.4,-13.258952786229429,-16.361951921528842,29.758234240848825
12.41,-13.532063008027906,-15.873556213469588,31.108551443051763
12.42,-13.723973173968053,-15.206019645866427,32.38253744394637
12.43,-13.825922139721328,-14.372372870789116,33.54331608764536
12.44,-13.831650275047645,-13.394373530394628,34.55748587928999
12.450000000000001,-13.737942251965958,-12.301328454193944,35.39767075307783
12.46,-13.544963354764885,-11.12806089470027,36.04456072941124
12.47,-13.25633864963816,-9.912274898902357,36.488137051469806
12.48,-12.878959243251312,-8.691683617750472,36.72791564578264
12.49,-12.422538619103197,-7.501302498953045,36.772219686090104
12.5,-11.898976041791007,-6.371254292413713,36.63665892993238
12.51,-11.321606104974911,-5.325310743626575,36.342107866085925
12.52,-10.704420107530403,-4.380244330855946,35.912514092430484
12.530000000000001,-10.061336783116088,-3.5459237635448866,35.37283541831986
12.540000000000001,-9.405581093074991,-2.825989146228883,34.74732134999346
12.55,-8.749206026155953,-2.218898366049846,34.058252400611934
12.56,-8.10276904634754,-1.7191401193925047,33.32515626364479
12.57,-7.475155836431497,-1.3184455945604965,32.564450274333446
12.58,-6.873531132841134,-1.0068822561167385,31.78942025205251
12.59,-6.303389812265981,-0.7737646920043897,31.01043352126156
12.6,-5.768679902155062,-0.6083599826779429,30.23529088658704
12.61,-5.271971284646993,-0.5003949126325622,29.469640015913043
12.620000000000001,-4.814647994444334,-0.44038989140554796,28.717393976122764
12.63,-4.397106917731293,-0.41985211698695163,27.981118838261523
12.64,-4.018950515095967,-0.43136137296255656,27.262370846962714
12.65,-3.679165417417429,-0.4685787113577896,26.561975848777344
12.66,-3.3762821651613897,-0.5262032838290855,25.88025175086208
12.67,-3.1085139533506356,-0.5998971699156455,25.217179490192184
12.68,-2.873874088841976,-0.686193028745812,24.57253022308357
12.69,-2.670273092903447,-0.7823951469557004,23.945957013193496
12.700000000000001,-2.495597128857477,-0.8864810695378185,23.337058861404604
12.71,-2.347769828153515,-0.9970084276268072,22.7454239643064
12.72,-2.224799734039783,-1.1130296951561316,22.17065793320938
12.73,-2.1248155625551015,-1.234016274758161,21.612401552447466
12.74,-2.0460913575128012,-1.3597924013909848,21.070341613939032
12.75,-1.9870634337792774,-1.490478749613068,20.54421748389693
12.76,-1.9463407921329046,-1.6264452497037019,20.03382534875918
12.77,-1.9227104697866644,-1.7682723923052788,19.53902154095315
12.780000000000001,-1.915139076304779,-1.916720181473364,19.059725940607194
12.790000000000001,-1.9227715628979838,-2.0727038457588174,18.59592616279224
12.8,-1.9449280880176065,-2.2372754098147887,18.14768304774093
12.81,-1.9810996753177539,-2.411610245625348,17.71513785266619
12.82,-2.0309432112077537,-2.5969977482433864,17.298521480483554
12.83,-2.0942761969665478,-2.7948353045851695,16.89816605845242
12.84,-2.1710715524930886,-3.0066247360667604,16.514519186919905
12.85,-2.2614526623680624,-3.23397038851613,16.148161205656837
12.86,-2.3656887566686677,-3.4785780081189044,15.79982586484816
12.870000000000001,-2.4841906251557786,-3.7422534723173255,15.47042483232163
12.88,-2.6175065698773476,-4.026900331239095,15.161076510301369
12.89,-2.766318403306032,-4.334514949282982,14.87313966449447
12.9,-2.9314371917865776,-4.667177808009988,14.60825237335371
12.91,-3.1137983217498313,-5.027039229985839,14.36837676902585
12.92,-3.3144553228247804,-5.416297398343884,14.155849940345762
12.93,-3.534571711269022,-5.837166069862574,13.973441169856608
12.94,-3.775409912618756,-6.291828805813559,13.824415337036733
12.950000000000001,-4.0383160782690135,-6.782375878897441,13.712601779668
12.96,-4.324699322607514,-7.310719275905508,13.64246708778918
12.97,-4.636003574539837,-7.878480449833707,13.619189113395608
12.98,-4.9736698651973255,-8.486844768294185,13.648727798193972
12.99,-5.339086478217479,-9.136376104712003,13.737886121905344
13.0,-5.73352400266474,-9.826784960073399,13.894351426706773
13.01,-6.158052008626744,-10.556644239713387,14.126703482853237
13.02,-6.613433904237786,-11.323048845461715,14.444370915354243
13.030000000000001,-7.099996670115578,-12.121219252606291,14.857512173960862
13.040000000000001,-7.617472801624072,-12.944056058245017,15.376791563885332
13.05,-8.16481318531956,-13.781663033167275,16.01301590523078
13.06,-8.739972117304433,-14.62087130097372,16.7765947777392
13.07,-9.339669590046674,-15.444817256394742,17.676789516356177
13.08,-9.959141636856213,-16.23265101092732,18.720726539706764
13.09,-10.591897055503015,-16.959477926492387,19.912173234577004
13.1,-11.22950797273459,-17.596657766431445,21.250113274229825
13.11,-11.861471543377592,-18.11259527992156,22.727214784689316
13.120000000000001,-12.475188763464168,-18.474140547308437,24.32835653676664
13.13,-13.056111022796873,-18.648663959828934,26.02945408437862
13.14,-13.58810188447798,-18.606769791139694,27.79688939875086
13.15,-14.054046836413153,-18.32546550790907,29.587864941411468
13.16,-14.436714969199947,-17.791431806090277,31.351944557035722
13.17,-14.719834548678032,-17.003884264499753,33.03388786972719
13.18,-14.889295088131416,-15.97644173172997,34.57763837933527
13.19,-14.934342856392709,-14.73747665707673,35.93103469184031
13.200000000000001,-14.848608971483856,-13.32864418004566,37.050563074430414
13.21,-14.630811966623467,-11.80163833492873,37.90535353077601
13.22,-14.28501538576941,-10.213613198120317,38.47970656265469
13.23,-13.82038984295956,-8.622010768558592,38.77372141814225
13.24,-13.250511696939403,-7.079652889070705,38.80199921967163
13.25,-12.592305464439688,-5.630846655438769,38.59078876913464
13.26,-11.864785529901647,-4.308969523385625,38.1742096106097
13.27,-11.087765253131042,-3.135646575834701,37.59026369358231
13.280000000000001,-10.28068049004219,-2.1213200656897278,36.87724558418422
13.290000000000001,-9.461630979087651,-1.266815098721633,36.07094871508325
13.3,-8.646691558439995,-0.5654445944380111,35.20282575319078
13.31,-7.8494984193266815,-0.0052451814577163525,34.299061622289564
13.32,-7.081081269100725,0.428954477238174,33.38039126341588
13.33,-6.3498927013666,0.7538067588241626,32.46244247543708
13.34,-5.661979582787409,0.9861256660323346,31.556389351077847
13.35,-5.02124418354897,1.14196470200635,30.669739967722112
13.36,-4.429751086839357,1.236037892640946,29.807132144982553
13.370000000000001,-3.888046286027335,1.281411941310972,28.97105914758091
13.38,-3.3954650565911777,1.289397011302339,28.16248602387878
13.39,-2.9504139308962634,1.2695726639832137,27.38134479523299
13.4,-2.5506189354393327,1.22989826160114,26.626913918050953
13.41,-2.1933371862877493,1.176870093923299,25.89809658536293
13.42,-1.8755322433721615,1.1156987805381924,25.193615976500126
13.43,-1.5940156498438125,1.0504894813817036,24.512145618222146
13.44,-1.3455581735573,0.9844141340568358,23.852391179109127
13.450000000000001,-1.1269747166820485,0.9198696589230382,23.21313736083929
13.46,-0.9351868940268133,0.8586192577354579,22.59327074076495
13.47,-0.7672670666118202,0.8019159843180812,21.99178682602721
13.48,-0.6204672688345156,0.7506090230498319,21.40778736759889
13.49,-0.4922360606424755,0.7052338302698393,20.84047219898063
13.5,-0.3802259177269192,0.6660876610226666,20.289128487371183
13.51,-0.28229337084948447,0.6332921476340548,19.75311926151211
13.52,-0.1964937352281821,0.6068446037554658,19.231872345931357
13.530000000000001,-0.12107193952191266,0.5866596541770833,18.724870323138454
13.540000000000001,-0.05445067345211463,0.5726026730806718,18.231641807813276
13.55,0.004783177382831481,0.5645163743685297,17.751754103964032
13.56,0.057893053926999165,0.5622417515613827,17.284807190774284
13.57,0.10600762658183197,0.5656344203317143,16.830428917454142
13.58,0.1501356502598238,0.5745772793706699,16.388271261227892
13.59,0.19118046488230128,0.5889902780813434,15.95800750089639
13.6,0.22995393316825785,0.6088379641965159,15.539330171041804
13.61,0.26718968634561,0.6341353815133709,15.131949682153165
13.620000000000001,0.3035556105175637,0.6649527975446632,14.73559351549517
13.63,0.33966555459577014,0.7014196625815516,14.350005925937703
13.64,0.3760902774107083,0.7437281347206331,13.974948109944618
13.65,0.41336767895830673,0.7921364488977753,13.610198819041235
13.66,0.452012380572433,0.8469723608358797,13.255555421431371
13.67,0.4925247326785012,0.9086368579145263,12.910835436455688
13.68,0.5353993379783711,0.9776082971183874,12.5758785889398
13.69,0.5811331834971112,1.054447104192175,12.250549453995903
13.700000000000001,0.6302334777250777,1.1398011466529856,11.934740788460319
13.71,0.6832252897476362,1.2344118750491697,11.628377673927428
13.72,0.74065908621079,1.339121310360449,11.331422629451803
13.73,0.8031182594773549,1.454879939082059,11.043881890741305
13.74,0.8712267364475575,1.5827555594310967,10.765813098512812
13.75,0.9456567521081312,1.7239430999638632,10.49733469325419
13.76,1.027136864562775,1.8797754028408977,10.23863737872795
13.77,1.1164602784392212,2.0517349243753897,9.989998094113615
13.780000000000001,1.2144935301839521,2.2414662506260177,9.751797026763194
13.790000000000001,1.322185570441322,2.4507892494676407,9.524538306156721
13.8,1.4405772535221248,2.681712574677081,9.308875146561718
13.81,1.5708112092454467,2.9364470914460563,9.105640352254829
13.82,1.71414202461981,3.217418592420126,8.915883264825537
13.83,1.8719465971634661,3.527278900697232,8.740914414660674
13.84,2.045734431875944,3.8689140877900283,8.582359332014489
13.85,2.237157531760482,4.245448040590863,8.442223164779541
13.86,2.448019366753921,4.660238954722388,8.32296791826497
13.870000000000001,2.680282184429862,5.116865467162851,8.227604240380359
13.88,2.9360716309981783,5.619098015962584,8.15979966516725
13.89,3.2176772623345156,6.170849571344237,8.124005008276852
13.9,3.527547017878482,6.7760980637763994,8.125600044060587
13.91,3.8682730785212067,7.438770598061399,8.171058487086041
13.92,4.242565706413033,8.162576883359833,8.26813036954534
13.93,4.653210648806913,8.950776301756584,8.426036763788739
13.94,5.103004473952533,9.805859902849111,8.65566693831784
13.950000000000001,5.594660821577123,10.729125818244164,8.969760828081261
13.96,6.130679080490872,11.720125004495893,9.383049440611302
13.97,6.713165639420935,12.775955306550394,9.912311851112873
13.98,7.343596941419425,13.890387867865355,10.576289423059938
13.99,8.022513686406874,15.052824196395502,11.395376306156935
14.0,8.749137559984142,16.247109061841922,12.39098223189276
14.01,9.52090707229518,17.450268785915412,13.584444099514668
14.02,10.332939052328546,18.631310605403872,14.99535603923962
14.030000000000001,11.177438753938322,19.75030733440416,16.639208229629777
14.040000000000001,12.043105636165839,20.758095013044517,18.524292669713645
14.05,12.914613444277897,21.597007567844145,20.647971001914566
14.06,13.772278974570748,22.203119334449394,22.992619256803557
14.07,14.592065829181976,22.510400618747344,25.52185641065085
14.08,15.346083768445473,22.45694314574048,28.177971298151586
14.09,16.003722761849293,21.992938619442988,30.881668286680608
14.1,16.533486490195394,21.089433319437237,33.53519064921833
14.11,16.905457186725407,19.7462037195262,36.02939977978909
14.120000000000001,17.09414980864902,17.996698611489364,38.25445905729981
14.13,17.081345023056183,15.90819267519769,40.11259269199398
14.14,16.858393362190014,13.576246597940559,41.53039723636221
14.15,16.427515394704347,11.114074320214073,42.467881198624525
14.16,15.801801016164038,8.638932662486578,42.92207808293186
14.17,15.003889871386669,6.258522248410538,42.92454981884429
14.18,14.063602006163126,4.060237577478254,42.53378434316095
14.19,13.014986304587596,2.1050407603917236,41.82470705326083
14.200000000000001,11.893308873357874,0.42627928179427355,40.8778643878826
14.21,10.732420780881538,-0.9674723057551846,39.770344452316834
14.22,9.562778445778351,-2.0871202399502393,38.5695542041883
14.23,8.410208383347832,-2.956915153131729,37.330020652840716
14.24,7.295362689297314,-3.6086965691914292,36.09271946632526
14.25,6.233725311598957,-4.0772187969196985,34.88613911875698
14.26,5.23599929862616,-4.39679289581312,33.72828878669449
14.27,4.308715539780606,-4.599164951627395,32.62902316237503
14.280000000000001,3.4549350410535364,-4.712392714101336,31.592271665323878
14.290000000000001,2.6749543377025895,-4.760441062257118,30.617951681717066
14.3,1.9669579499495113,-4.7632429494429225,29.703486018434255
14.31,1.3275887047397603,-4.737027107377645,28.844931829608925
14.32,0.7524255817969373,-4.694772130471315,28.037772800341536
14.33,0.23637058315576753,-4.646696443485663,27.277442269122904
14.34,-0.22604732014584178,-4.600731196385299,26.55964423631017
14.35,-0.6404401683274124,-4.562948880622979,25.880530409145745
14.36,-1.0123892344492056,-4.5379367612373125,25.23677991401528
14.370000000000001,-1.347322379703563,-4.529113716600212,24.625616982030667
14.38,-1.6504306271179994,-4.538994057372565,24.044792121961105
14.39,-1.9266154444348025,-4.569404080468108,23.492544450686765
14.4,-2.1804596216210506,-4.621657689144136,22.96755689465908
14.41,-2.416215899459672,-4.696697137939085,22.468911638506714
14.42,-2.6378086081707535,-4.795204298244857,21.996050153027547
14.43,-2.848844501522945,-4.917687042592364,21.5487400734487
14.44,-3.0526297334209764,-5.064544543874672,21.127049853948293
14.450000000000001,-3.2521905390238612,-5.236114537455844,20.731331281896257
14.46,-3.4502956712022397,-5.43270491774537,20.362209429315737
14.47,-3.6494790245094126,-5.6546114356661015,20.020579324472696
14.48,-3.852061169459445,-5.9021227215891745,19.707608449938075
14.49,-4.06016873401096,-6.17551337119776,19.424744045478132
14.5,-4.275750718937745,-6.4750253938820235,19.173724062389557
14.51,-4.500590929979703,-6.800837934549918,18.956590439932747
14.52,-4.736315762364525,-7.1530248472967655,18.775703121931475
14.530000000000001,-4.984396592676725,-7.5314994395373995,18.633752875859116
14.540000000000001,-5.246146030448675,-7.935945545761939,18.533770496603516
14.55,-5.522707270807234,-8.365734072884925,18.479129358117262
14.56,-5.815035787059713,-8.819824342755856,18.47353751434926
14.57,-6.12387263011759,-9.296650018996928,18.521014659390968
14.58,-6.449708688196857,-9.793990240985362,18.625848275979084
14.59,-6.792739440623101,-10.308827908887638,18.792522312504637
14.6,-7.152810056743659,-10.837198986979423,19.025610870357816
14.61,-7.529351194382828,-11.374039320390182,19.32962887093839
14.620000000000001,-7.9213065944713374,-11.913038846908792,19.70883181263575
14.63,-8.327054597742068,-12.446517184850746,20.166957929362056
14.64,-8.744327057477319,-12.965339174807575,20.706908815453552
14.65,-9.170130785894528,-13.458893578711397,21.330369412201925
14.66,-9.600678587620749,-13.915161990400314,22.037375611742064
14.67,-10.031338949682203,-14.320906900088099,22.825847829404374
14.68,-10.45661530507262,-14.662006241551865,23.69112143816682
14.69,-10.870167066240846,-14.923954920549555,24.62551888459368
14.700000000000001,-11.264884816472494,-15.092540262571063,25.618021530668184
14.71,-11.633030570367453,-15.154677311840585,26.654108615926383
14.72,-11.96645034440585,-15.099362287337023,27.715832220110393
14.73,-12.256860121882623,-14.918671307832144,28.782186695466336
14.74,-12.496197800419473,-14.608702297160265,29.829805942934474
14.75,-12.677023641505215,-14.170338321172766,30.83398216719297
14.76,-12.7929415483137,-13.609708440246669,31.769949562007994
14.77,-12.83900516725064,-12.938243322778877,32.61432445087173
14.780000000000001,-12.812068477598297,-12.17226832286116,33.34655163841657
14.790000000000001,-12.71104191130189,-11.332140744213014,33.95018716394023
14.8,-12.53702280792987,-10.441008413818125,34.4138584526556
14.81,-12.293282405459442,-9.523327689182604,34.73178483253592
14.82,-11.98510842664796,-8.603315959754763,34.90380671369169
14.83,-11.619519540655235,-7.703517866934291,34.93494586810847
14.84,-11.204882340768679,-6.843635984276501,34.834585398385826
14.85,-10.750470507520685,-6.039724203991282,34.61540236163158
14.86,-10.26600839127842,-5.303779413782906,34.29220175882501
14.870000000000001,-9.76123770548404,-4.6437085731849255,33.880788889839785
14.88,-9.24553790988689,-4.063604745666883,33.39698542015929
14.89,-8.727620325064532,-3.564241983056321,32.85585337230257
14.9,-8.215305186239696,-3.1436945325645858,32.27115059553372
14.91,-7.715381376180341,-2.797996100037679,31.655008161927075
14.92,-7.233541449368064,-2.5217737246920207,31.017797970093763
14.93,-6.774380076748907,-2.308812427676097,30.368147748869337
14.94,-6.341441995069373,-2.1525269192530283,29.713058658977467
14.950000000000001,-5.9373054319181255,-2.0463328513174353,29.058084901031346
14.96,-5.563688188815365,-1.9839215461652102,28.40754229485794
14.97,-5.221565527476721,-1.9594490846141437,27.764721409439424
14.98,-4.911291258065643,-1.9676539489932214,27.13208895884886
14.99,-4.632715648532427,-2.003918123287635,26.51146800190437
15.0,-4.385295763934124,-2.0642856155117477,25.9041926916624
15.01,-4.168195508291397,-2.1454505539034194,25.31123696193391
15.02,-3.980373954785528,-2.2447248637040467,24.733318843262193
15.030000000000001,-3.820661532870324,-2.3599934005265846,24.17098336979781
15.040000000000001,-3.687824336217416,-2.4896624902844477,23.624667566361634
15.05,-3.5806172748667837,-2.6326061873986153,23.094751045050494
15.06,-3.4978270695055262,-2.788113227985932,22.581595491138234
15.07,-3.438306221035231,-2.955836600749711,22.08557592231752
15.08,-3.4009991226749317,-3.13574684563383,21.60710616012524
15.09,-3.3849614452131878,-3.3280895741230627,21.146660517346888
15.1,-3.38937384197944,-3.533347242193827,20.704793312754006
15.11,-3.4135509058517957,-3.7522048589720187,20.282157488250373
15.120000000000001,-3.456946178346527,-3.985519048581994,19.879523324497914
15.13,-3.519153868754713,-4.234289672600099,19.497798022666537
15.14,-3.5999077945269593,-4.499633044164994,19.138046730684483
15.15,-3.699077905437909,-4.782755604755552,18.801515427956026
15.16,-3.8166646045396635,-5.084926777419253,18.489655926675937
15.17,-3.952790928381081,-5.407449545983644,18.204153082558417
15.18,-4.1076924965344634,-5.751627132543968,17.946954112975966
15.19,-4.281704984969831,-6.118723953913868,17.720299673676124
15.200000000000001,-4.475248718340856,-6.509918836323822,17.526756020957773
15.21,-4.68880981277876,-6.92624826911027,17.369247155767
15.22,-4.922917135031193,-7.368537306256935,17.25108527804055
15.23,-5.1781141802351875,-7.837315618448702,17.17599714073886
15.24,-5.45492481800281,-8.332716217097856,17.148142952113364
15.25,-5.753811729581251,-8.854354601022777,17.172123308452026
15.26,-6.075126280605751,-9.401186633376053,17.252968242477987
15.27,-6.419048578068885,-9.971344494295398,17.39610087310433
15.280000000000001,-6.785516593396078,-10.56195176253302,17.60726642506865
15.290000000000001,-7.174143557687296,-11.168921272374694,17.892415723245254
15.3,-7.584123426980482,-11.78674308748634,18.25753095025906
15.31,-8.014125163110055,-12.408274900737075,18.708380942393433
15.32,-8.462177969981873,-13.024553449166946,19.250194232036925
15.33,-8.925551540701198,-13.624652915749577,19.88724125787154
15.34,-9.400637837195992,-14.195624153926445,20.62232361727811
15.35,-9.882843881172498,-14.722555710979973,21.45617885757006
15.36,-10.366508280391056,-15.188802111525513,22.386824692121905
15.370000000000001,-10.84485734365039,-15.576424028917227,23.40888649906722
15.38,-11.310019006103866,-15.866875677672281,24.51297497609453
15.39,-11.753113512121406,-16.04195404077299,25.68520345064219
15.4,-12.164437859055479,-16.084990751770235,26.90695100402512
15.41,-12.533755429478488,-15.982221744092634,28.154980974266614
15.42,-12.850692467890974,-15.724217575179827,29.40200702895259
15.43,-13.105229333178775,-15.307208938604079,30.61775567597775
15.44,-13.288258182653502,-14.734111416943378,31.770505231512825
15.450000000000001,-13.392162587559156,-14.015055572468993,32.82899557300873
15.46,-13.411362157151965,-13.167272742401838,33.76451779533332
15.47,-13.342760289480406,-12.214272757799183,34.55293086116987
15.48,-13.186038345238588,-11.18436321652752,35.17633470265078
15.49,-12.943755348537696,-10.108675419920623,35.62416739920911
15.5,-12.621236499145374,-9.01894997684547,35.893583616183776
15.51,-12.226261685908614,-7.945371833534573,35.98909192108121
15.52,-11.768591039007752,-6.914721345778022,35.92154964900241
15.530000000000001,-11.259383149272432,-5.949033981806325,35.7067061917025
15.540000000000001,-10.710569785048998,-5.064859003054365,35.36353010782893
15.55,-10.134248382754919,-4.273104433103997,34.91254904581267
15.56,-9.542142392200049,-3.579374586033628,34.37438497403471
15.57,-8.945163322930364,-2.984659636093728,33.768599374346024
15.58,-8.353090921700343,-2.4862249463525883,33.11289314485746
15.59,-7.774372437617165,-2.07856348235115,32.42264826189912
15.6,-7.216030281678906,-1.754306240611332,31.710759840314978
15.610000000000001,-6.683660175547395,-1.505022292964193,30.987688641854252
15.620000000000001,-6.181498755747839,-1.3218737877281617,30.261661588691236
15.63,-5.712539647568816,-1.1961176875140105,29.53895597682822
15.64,-5.278679168522005,-1.1194638896788607,28.824216557374836
15.65,-4.880876074398268,-1.084309440124183,28.12076937611482
15.66,-4.519313354600322,-1.0838725729671772,27.430909644389587
15.67,-4.193553505613429,-1.1122502521382425,26.756151689327318
15.68,-3.9026816764358614,-1.164420474363861,26.097436881240547
15.69,-3.645433472399757,-1.2362071059330768,25.455300610415506
15.700000000000001,-3.420306021094868,-1.3242213198509358,24.830002397143762
15.71,-3.225652206171484,-1.4257902654428094,24.221624640422377
15.72,-3.0597588492786003,-1.538880669015117,23.630145862023703
15.73,-2.920910159742809,-1.6620226953294812,23.055494001901558
15.74,-2.8074380605034466,-1.7942375653834737,22.49758467628061
15.75,-2.7177611086364446,-1.9349710525790624,21.956348531155278
15.76,-2.65041371624761,-2.084033979967444,21.431751042899823
15.77,-2.604067285737937,-2.241550132562186,20.923807408327477
15.780000000000001,-2.577544734042695,-2.407911508367222,20.432594563453037
15.790000000000001,-2.569829715763394,-2.5837405005029335,19.95826188280946
15.8,-2.5800716803319754,-2.769858383735547,19.501041734003508
15.81,-2.6075877232701914,-2.9672593353999215,19.06126078208459
15.82,-2.6518620220534497,-3.177089125011286,18.639352738844764
15.83,-2.712543485961665,-3.400627536881034,18.235873116379246
15.84,-2.78944209737366,-3.639273528398007,17.851516455831874
15.85,-2.882524278444775,-3.894532059095185,17.48713644601905
15.860000000000001,-2.9919074800425354,-4.16800144015796,17.14376930818529
15.870000000000001,-3.1178540563639356,-4.461359940128939,16.82266078826073
15.88,-3.260764355309693,-4.776350230897257,16.525297051602056
15.89,-3.4211688174388106,-5.11476006051972,16.253439700182373
15.9,-3.599718730850267,-5.478397289606367,16.009165007944762
15.91,-3.797175131243041,-5.869057122316689,15.794907270860437
15.92,-4.0143951615817866,-6.2884790025942205,15.613505861688282
15.93,-4.252315010982181,-6.738290240083429,15.468255124724664
15.94,-4.511928336089049,-7.219932999669556,15.362955592658448
15.950000000000001,-4.794258831865044,-7.73457087435519,15.301964096074732
15.96,-5.100325368855488,-8.282970932117111,15.290239098564783
15.97,-5.43109786493479,-8.865356992475627,15.333375957125684
15.98,-5.787441837084206,-9.48123011113627,15.437624718542585
15.99,-6.170049425056006,-10.12915306426511,15.609880488405748
16.0,-6.579354658082066,-10.806497343312206,15.857633386130773
16.01,-7.015430940452183,-11.509154198721259,16.188861779810257
16.02,-7.477869287266184,-12.231216077784769,16.61184922146897
16.03,-7.96563690767224,-12.964641874085414,17.134902899202295
16.04,-8.4769174964538,-13.698929126081193,17.765950488103094
16.05,-9.008937248636288,-14.420828743709276,18.51199446801962
16.06,-9.55778430995137,-15.114152453888611,19.378410177440536
16.07,-10.118234158929482,-15.759738351082271,20.368088248071196
16.080000000000002,-10.683599101313847,-16.335652652803542,21.480445571758377
16.09,-11.245626102661404,-16.817711156333168,22.71036248842719
16.1,-11.794472557876222,-17.18039552356338,24.047146020713406
16.11,-12.318792707611205,-17.39821034031156,25.47366448315732
16.12,-12.805966208470641,-17.447471491972937,26.965837492886095
16.13,-13.242492689492828,-17.308434433165964,28.492682378754463
16.14,-13.614560403078036,-16.96757103269153,30.01709615067583
16.15,-13.908773245007193,-16.41970595131705,31.49747801645491
16.16,-14.112990855273809,-15.669658122270407,32.89016891640331
16.17,-14.21720645491596,-14.733032673165264,34.15251851688022
16.18,-14.214364001562872,-13.635896085604688,35.24622410936344
16.19,-14.101007986369162,-12.413240745831848,36.140470440457236
16.2,-13.87767113422142,-11.106370731623267,36.81438074720207
16.21,-13.548937732345264,-9.759559361863648,37.2583879711954
16.22,-13.123167474626625,-8.416475684203538,37.474333239838145
16.23,-12.611915906150342,-7.116907076582853,37.47434236382997
16.240000000000002,-12.029130698028956,-5.8942130149265255,37.27875062772555
16.25,-11.390228637361359,-4.773765659705748,36.91348351282529
16.26,-10.711162483367644,-3.7724248458978824,36.407330605241114
16.27,-10.007571917404828,-2.8989161033144453,35.789483278736036
16.28,-9.294085300506632,-2.154867581755128,35.087581102283615
16.29,-8.583807000879688,-1.536224369810915,34.32637177578125
16.3,-7.887995736879208,-1.0347830126572053,33.52697023904106
16.31,-7.21591715353072,-0.6396500868552899,32.706623116738996
16.32,-6.574840289673857,-0.33850142333342603,31.87884732762378
16.330000000000002,-5.97014203547362,-0.11858472411075494,31.05380829388134
16.34,-5.405484212747779,0.032541608301543096,30.238821330755975
16.35,-4.883032270879955,0.1265087870439905,29.438887724437855
16.36,-4.403690768454445,0.17383650198139017,28.657206073312288
16.37,-3.9673373237585343,0.18378532707372683,27.895624627333703
16.38,-3.5730426504536625,0.164320438655577,27.15501953332137
16.39,-3.2192692023865597,0.12215076910127767,26.43559696235933
16.4,-2.9040447165989685,0.06281521755266348,25.737124973330353
16.41,-2.625109644131799,-0.009205283873833459,25.0591049313441
16.42,-2.380039265133831,-0.09036490185942307,24.400893596738104
16.43,-2.1663423946866835,-0.17792938763517333,23.76178665832605
16.44,-1.981539183045009,-0.26985837506607596,23.14107326603467
16.45,-1.823220753686195,-0.3646972754333709,22.538069539699126
16.46,-1.6890934259313322,-0.4614806913309441,21.95213741282412
16.47,-1.5770101258468658,-0.5596480224626317,21.382693690031797
16.48,-1.4849913634718466,-0.658971131103457,20.829212936179236
16.490000000000002,-1.4112378896805404,-0.7594934433409904,20.29122679544766
16.5,-1.3541368707460235,-0.8614795860239286,19.76832154789906
16.51,-1.3122631508113776,-0.9653745279267106,19.260135120265087
16.52,-1.284376922520822,-1.0717711571146051,18.766354342473168
16.53,-1.2694188995607432,-1.1813852501816189,18.28671294746941
16.54,-1.2665038840795755,-1.2950368490012747,17.820990618788542
16.55,-1.2749134470539398,-1.4136371403821024,17.369013272570843
16.56,-1.2940882894803352,-1.5381800221243014,16.930654698059364
16.57,-1.323620724829724,-1.66973762740251,16.50583965755074
16.580000000000002,-1.3632476160786444,-1.809459162367311,16.094548551959825
16.59,-1.412844011152191,-1.9585724850060628,15.696823783587295
16.6,-1.4724176459921168,-2.118387913098131,15.31277798796124
16.61,-1.542104421858004,-2.290303792363937,14.942604358317102
16.62,-1.6221649100105595,-2.4758133794272177,14.58658934730126
16.63,-1.7129818896941,-2.6765125943733348,14.245128099582052
16.64,-1.8150588813112392,-2.8941081701301936,13.918743045318378
16.65,-1.9290195926689373,-3.1304256651472455,13.608106166797798
16.66,-2.05560814868805,-3.387416704939108,13.314065537204092
16.67,-2.195689920106228,-3.6671646681586774,13.037676818150786
16.68,-2.350252699989413,-3.9718878228955585,12.780240485674142
16.69,-2.5204078930744442,-4.3039386352487705,12.543345623498727
16.7,-2.707391275942055,-4.665797598631412,12.328921162830866
16.71,-2.912562748529891,-5.060059450043074,12.13929543715348
16.72,-3.137404321128853,-5.48940902848211,11.977264824949806
16.73,-3.383515356231863,-5.956583271060415,11.846172024290778
16.740000000000002,-3.652603801095149,-6.464314918937683,11.74999407176673
16.75,-3.9464717943047742,-7.015252413905449,11.693439488865325
16.76,-4.266993599276057,-7.611849225983532,11.682052783173798
16.77,-4.616083305108076,-8.256214522010607,11.722322782750064
16.78,-4.995649145293891,-8.949915791802619,11.821788732177957
16.79,-5.407530638581542,-9.693723025190714,11.989134486735011
16.8,-5.8534141022958,-10.487283671629324,12.234256254674213
16.81,-6.33472151803186,-11.328718528068853,12.568282947229754
16.82,-6.852467397475568,-12.21413179517241,13.003520235595223
16.830000000000002,-7.40707844453747,-13.13703506351669,13.553280133548267
16.84,-7.998171793547396,-14.087696519846123,14.231548154496021
16.85,-8.62428990411908,-15.052444965609352,15.052431611021001
16.86,-9.282594410250883,-16.01298487202,16.029328593244895
16.87,-9.968528003793514,-16.945814208116815,17.173762498831483
16.88,-10.675463320954638,-17.82187939908573,18.49384842374579
16.89,-11.39437093073601,-18.606645588583003,19.99240306227224
16.9,-12.113554175367968,-19.26079339119057,21.664785718450176
16.91,-12.81851464523565,-19.74175637791881,23.4966660722426
16.92,-13.492024428077615,-20.006261946098096,25.462044663169745
16.93,-14.11448390535213,-20.013908277800365,27.52197724018877
16.94,-14.664629591073677,-19.731591868253904,29.624526536834235
16.95,-15.120619233081962,-19.138314581444494,31.70642379507973
16.96,-15.461459707132839,-18.229611868708783,33.69671496575318
16.97,-15.668664220016474,-17.020661698260845,35.52228306159655
16.98,-15.727946454335433,-15.547173915210253,37.11464392158145
16.990000000000002,-15.630705647161994,-13.86349112732448,38.416953822265114
17.0,-15.375052653946263,-12.03791666120529,39.389928579305824
17.01,-14.966185138337142,-10.145959638421521,40.01549319589043
17.02,-14.416031616165201,-8.262716678898899,40.29746576105136
17.03,-13.742219898264741,-6.455794990670121,40.25927922123557
17.04,-12.966546167302639,-4.779960998126012,39.93941462714221
17.05,-12.113193214297038,-3.2741769778476426,39.385636618408974
17.06,-11.206955934243268,-1.9610750440530542,38.64918628974368
17.07,-10.271686721538057,-0.8484198869906256,37.77984654171225
17.080000000000002,-9.329095684841521,0.06815317552670841,36.82239533117659
17.09,-8.39795697340724,0.8018636403753778,35.81456057403929
17.1,-7.4937032537828685,1.3715713281538098,34.78629391029316
17.11,-6.628345427710726,1.7990048638691967,33.760025756939655
17.12,-5.810634495628778,2.106609328041375,32.7515329143323
17.13,-5.046381647983618,2.316032875356547,31.771098766854397
17.14,-4.3388638240858945,2.4471772765564874,30.824730267024126
17.150000000000002,-3.6892584319454222,2.517695343717794,29.915282966213024
17.16,-3.0970679124824096,2.5428125648714217,29.0434176856982
17.17,-2.560509648930119,2.5353648527843706,28.208364065994807
17.18,-2.0768582741674155,2.5059669646550677,27.40849831999022
17.19,-1.6427356552188705,2.4632493611199227,26.641759288845076
17.2,-1.2543492049605338,2.4141212877916023,25.90593317586515
17.21,-0.9076823383911847,2.364033415711348,25.198837245777657
17.22,-0.5986424907266304,2.317224587676788,24.518429369827224
17.23,-0.32317267694531154,2.276944813827202,23.862865573586955
17.240000000000002,-0.07733249750023816,2.245651521104925,23.230522887880188
17.25,0.14264593618878496,2.225178988832765,22.620000426411256
17.26,0.3403222845345233,2.21688253595908,22.030107967471224
17.27,0.5190282557534738,2.221759833074018,21.459848443247253
17.28,0.6818603046292153,2.2405520168848327,20.90839857320951
17.29,0.8316817806255347,2.2738272979649197,20.37509030719157
17.3,0.9711320847847827,2.322049606880137,19.8593946490492
17.31,1.1026408588400223,2.385634598976026,19.36090870182733
17.32,1.22844562653395,2.4649950800169655,18.87934631536215
17.330000000000002,1.3506116408577045,2.5605776484227305,18.414532450848444
17.34,1.4710529676595572,2.6728920874388833,17.96640124516721
17.35,1.591554061921236,2.8025347872180832,17.534997716717342
17.36,1.7137912737204186,2.950207233125414,17.12048307226576
17.37,1.8393538616264091,3.1167303605459535,16.723143628383223
17.38,1.9697641963664998,3.3030553441290347,16.343403435640823
17.39,2.1064969105438807,3.5102711553130765,15.98184077780416
17.400000000000002,2.2509967935583077,3.7396089793205296,15.639208803427922
17.41,2.4046952462921825,3.9924433234055563,15.316460626260733
17.42,2.5690250981916423,4.270289362408496,15.014779296003743
17.43,2.7454335496752913,4.5747957447370196,14.735613082511701
17.44,2.935392933872392,4.907731709803918,14.480716521098637
17.45,3.1404088910306838,5.270966934275912,14.252197615244821
17.46,3.36202541311967,5.666442017474188,14.052571458894556
17.47,3.601826041085231,6.096126926908745,13.884820286401125
17.48,3.8614302785819516,6.561964050435038,13.752459533263488
17.490000000000002,4.142484020175545,7.065791750869868,13.659608827798744
17.5,4.446642477424126,7.609243521349791,13.611065846313167
17.51,4.775543725768682,8.193617057327774,13.612379545479786
17.52,5.130770599558187,8.81970690641832,13.669917311205152
17.53,5.513798255626672,9.487594016888126,13.790917900924876
17.54,5.9259243516855005,10.196385769284143,13.983518587237805
17.55,6.368178518145024,10.943901368877754,14.256740570875005
17.56,6.841207755797373,11.72630038838617,14.620411580231107
17.57,7.345134735588798,12.537657542770445,15.084998905561106
17.580000000000002,7.879386942643637,13.369495349064575,15.661320606871863
17.59,8.442496492389719,14.210299084572226,16.36009854348334
17.6,9.031873598480555,15.045056060252005,17.191316240568046
17.61,9.643561435212352,15.854883595109829,18.163350390353674
17.62,10.271986752583214,16.616835685381062,19.281860772615676
17.63,10.909729036468635,17.304003323680448,20.548453663325617
17.64,11.547340708694357,17.88604062174353,21.95918152598756
17.650000000000002,12.173260482818055,18.33024765902187,23.503006970080808
17.66,12.773869158151959,18.6033081617853,25.160435556491645
17.67,13.333738453322168,18.673703461837253,26.902594970281037
17.68,13.836115000555218,18.514698570535348,28.691082224842436
17.69,14.263659954542899,18.107631769596747,30.478884016872385
17.7,14.599428743698683,17.445067962720046,32.212569360916525
17.71,14.828028486872586,16.5332519063983,33.83574844749829
17.72,14.936841096375463,15.393283019393877,35.29351286833196
17.73,14.917161243226813,14.060574680871543,36.53728719882615
17.740000000000002,14.765084401589952,12.582457178211607,37.5293254467628
17.75,14.48200090905397,11.01417105037619,38.24606518805996
17.76,14.07460750302149,9.413862367736195,38.6797429191135
17.77,13.55442661275306,7.83741231705657,38.83803370521668
17.78,12.936905755695088,6.333936324943292,38.74189636888297
17.79,12.24023334471914,4.942580272135953,38.42215056009401
17.8,11.484038283678426,3.6909056616255578,37.91548785714888
17.81,10.688135413009483,2.594807805166438,37.26060050332222
17.82,9.87144452715041,1.6596493802425232,36.49494258194002
17.830000000000002,9.051161024912128,0.8821637232192873,35.65240070389224
17.84,8.242205525824165,0.2526818363071158,34.761924008437234
17.85,7.456938433010533,-0.24267648589995222,33.84699752669763
17.86,6.705098384626294,-0.6200837424346832,32.92575501235856
17.87,5.993910884943827,-0.8964745856613459,32.01150716141855
17.88,5.328312189683596,-1.0884277330681695,31.113486159446264
17.89,4.711239684799205,-1.2114233917044805,30.237654287441835
17.900000000000002,4.1439497669255605,-1.2794098096790463,29.387475062492037
17.91,3.6263347866585183,-1.304604575654605,28.56458957699115
17.92,3.1572202207404696,-1.2974615580683293,27.769374011225892
17.93,2.734631075907983,-1.2667459846258313,27.001376473951424
17.94,2.3560224037185664,-1.2196734501378013,26.259644189984208
17.95,2.018472890324943,-1.1620809723070444,25.542958080912236
17.96,1.7188431051535153,-1.0986084244117222,24.84999331863146
17.97,1.4539015069103614,-1.0328765029162592,24.179423341178676
17.98,1.22042203804323,-0.9676530525192699,23.529982436741662
17.990000000000002,1.0152573513325893,-0.905003474509838,22.900499184600836
18.0,0.8353916008459104,-0.8464235152459104,22.289910292953977
18.01,0.6779764329258485,-0.7929543465763526,21.697261947717816
18.02,0.5403534247179779,-0.7452808073422562,21.12170378087905
18.03,0.42006579802691535,-0.7038141955716537,20.562478987544072
18.04,0.3148618216014737,-0.6687612404211462,20.018912925803164
18.05,0.22269192609410482,-0.6401809472397015,19.490401661433413
18.06,0.14170120350066018,-0.6180309683198282,18.976401305300953
18.07,0.07021865105378229,-0.6022050511938631,18.476418575048413
18.080000000000002,0.006744248656465571,-0.5925629844799111,17.99000274299518
18.09,-0.05006527287181343,-0.5889543163242443,17.516738967633955
18.1,-0.101411311261278,-0.5912369736146703,17.05624291444798
18.11,-0.14836842187911362,-0.5992917681878671,16.608156528840887
18.12,-0.19189913308387851,-0.6130336432814623,16.172144812243253
18.13,-0.2328682942855323,-0.6324203917541479,15.747893459644516
18.14,-0.2720567915011526,-0.6574594682002506,15.33510723458502
18.150000000000002,-0.31017453534040595,-0.6882134203130109,14.93350898066035
18.16,-0.3478726812170139,-0.7248043804581291,14.542839193579137
18.17,-0.3857550837678368,-0.7674179857915234,14.162856102993178
18.18,-0.42438901925554584,-0.8163070335278885,13.793336237906905
18.19,-0.4643152331114785,-0.8717951261079663,13.434075473364603
18.2,-0.5060573864275083,-0.9342805178819038,13.084890579638184
18.21,-0.5501309865422969,-1.0042403393103598,12.74562131891384
18.22,-0.597051894048147,-1.0822353453148224,12.416133159314295
18.23,-0.6473445024959619,-1.1689153099564868,12.096320702951349
18.240000000000002,-0.701549688505599,-1.2650251686819818,11.786111954660704
18.25,-0.7602326293984811,-1.371411990414975,11.485473592330745
18.26,-0.823990583158279,-1.4890328430773245,11.194417439633947
18.27,-0.8934607215885312,-1.6189635956903643,10.913008388987057
18.28,-0.9693281018496808,-1.7624086756210884,10.64137407834561
18.29,-1.0523338537537272,-1.9207117677975283,10.379716691779512
18.3,-1.1432836496161156,-2.0953674000053364,10.128327332612564
18.31,-1.2430565091032457,-2.2880332997631614,9.88760351123795
18.32,-1.3526139719194845,-2.50054332732968,9.658070399470859
18.330000000000002,-1.4730096443336893,-2.7349206777031485,9.440406631076229
18.34,-1.605399088706146,-2.9933908910119857,9.235475574786564
18.35,-1.7510499746527592,-3.2783940010740626,9.044363171162987
18.36,-1.9113523413676738,-3.5925948674653774,8.868423605040586
18.37,-2.087828726455342,-3.938890353233972,8.709334273919712
18.38,-2.282143788971783,-4.3204114981111665,8.569161695837277
18.39,-2.4961128823867447,-4.740518158113866,8.450440154097068
18.400000000000002,-2.731708803080156,-5.202782691490547,8.356264961410178
18.41,-2.991065634651886,-5.710958115738348,8.290402180219246
18.42,-3.276478207049522,-6.268924684610704,8.257416363747879
18.43,-3.590395168284904,-6.880606984484618,8.262817241191575
18.44,-3.9354029992121093,-7.5498513903866655,8.313225053744558
18.45,-4.314197463276184,-8.280251060837287,8.416552164629936
18.46,-4.729537954991451,-9.074902682038376,8.582195219914125
18.47,-5.184178992525088,-9.936076147979797,8.821227013098296
18.48,-5.680771726338261,-10.864775800502146,9.14656967924619
18.490000000000002,-6.221726907139457,-11.860170685292514,9.573120229340141
18.5,-6.8090294794530815,-12.91887305220611,10.117785131929043
18.51,-7.443994214899476,-14.034051418678136,10.799362435130345
18.52,-8.126952183207202,-15.194380301628144,11.638188487509362
18.53,-8.856860302139134,-16.38285754715259,12.655444116978618
18.54,-9.630831986256771,-17.575566814884656,13.871997584445973
18.55,-10.443597602992284,-18.74053091019837,15.306658516338365
18.56,-11.28692065515555,-19.83689096464934,16.973743469820533
18.57,-12.149020384371678,-20.81474773040042,18.87992969544235
18.580000000000002,-13.01408321733812,-21.61609020128959,21.020519483141754
18.59,-13.861980338364361,-22.177268939248954,23.375463997069897
18.6,-14.668338012316893,-22.433383573625193,25.90578662252206
18.61,-15.405116896610943,-22.324679659503275,28.551338034642463
18.62,-16.041828567291002,-21.804556903024924,31.230985952669418
18.63,-16.547436323538363,-20.848133015454373,33.84622882756748
18.64,-16.892850258443872,-19.45966913639218,36.28868825559662
18.650000000000002,-17.053754616257784,-17.676842130748458,38.450979090470895
18.66,-17.013347312360057,-15.570144619952645,40.239307904086466
18.67,-16.764491940604522,-13.236712124043898,41.58525306540357
18.68,-16.310834194990615,-10.789376688621518,42.45400827046336
18.69,-15.666625323031973,-8.343167760914891,42.84714677563175
18.7,-14.855273566629139,-6.002210155814671,42.799458271153306
18.71,-13.906917679202236,-3.849691566973031,42.37102366715753
18.72,-12.855493835378743,-1.9424591613330908,41.636779116199186
18.73,-11.735802320427144,-0.31038951463161624,40.67603885808364
18.740000000000002,-10.580986623970638,1.0404720476118166,39.56389173901863
18.75,-9.420670726419845,2.1225660137997293,38.36544713147794
18.76,-8.279825580809838,2.960803660864356,37.133003502388036
18.77,-7.178300175135263,3.587021288239786,35.90560795164237
18.78,-6.130874973673982,4.035532150010746,34.710224739572446
18.79,-5.147671480551791,4.33996562466237,33.56375381780536
18.8,-4.234764666907186,4.531294437324625,32.47530978643442
18.81,-3.394876846795399,4.636810538913307,31.448379802033443
18.82,-2.6280681422880234,4.679778149964069,30.482661234931978
18.830000000000002,-1.9323714995520351,4.679521768402344,29.575511187645517
18.84,-1.3043456973494125,4.651760958633039,28.72302021065824
18.85,-0.7395374722936071,4.609059883969847,27.92076280713985
18.86,-0.23285491366216682,4.561306947415742,27.164290986227446
18.87,0.22113967800307543,4.5161753151939985,26.449435518951077
18.88,0.6280066193148395,4.479539260842133,25.772470660633186
18.89,0.9932639552167593,4.455836500647542,25.130186865274005
18.900000000000002,1.3222700677881671,4.448375531766824,24.51990510523683
18.91,1.620144179433691,4.459591595952573,23.93945703163229
18.92,1.891716518519769,4.491256894191582,23.387147725606088
18.93,2.141501267314966,4.544651181932713,22.86171212017322
18.94,2.3736866407631703,4.620698591611961,22.362272051247164
18.95,2.592137509405073,4.7200758846084225,21.888298009924263
18.96,2.8004068745237225,4.843296566166594,21.439577717597135
18.97,3.0017532392640343,4.9907745251738795,21.01619237667764
18.98,3.19916151388297,5.162870139151963,20.618500658199423
18.990000000000002,3.395365565646104,5.359921129994276,20.24713001517495
19.0,3.5928708921986847,5.582259866811017,19.90297463779628
19.01,3.7939761773053586,5.83021828099716,19.5871992041995
19.02,4.000792693170336,6.1041210770303325,19.301247461968806
19.03,4.215260655663186,6.404267485158908,19.046854550347803
19.04,4.439161727851751,6.7309014088160035,18.826061801744498
19.05,4.674126912783031,7.084169477047306,18.641232511347432
19.06,4.921639088112377,7.464066236228954,18.49506680838028
19.07,5.183029423729991,7.870365533046163,18.390613279072596
19.080000000000002,5.459466901965943,8.3025370935005,18.331274362983144
19.09,5.751940144777317,8.759647449209435,18.32080176350318
19.1,6.061230764983698,9.240244780762307,18.36327718882273
19.11,6.387877526982085,9.742228037333721,18.46307270606596
19.12,6.7321307619806525,10.26270196915064,18.624783923464555
19.13,7.093896777493878,10.79782160113838,18.8531282459607
19.14,7.472672482093162,11.342632299206826,19.152799789138438
19.150000000000002,7.867471170190792,11.890915009968477,19.52827249242391
19.16,8.276741431676152,12.435050471186493,19.983543960205903
19.17,8.698282506948143,12.965921009039652,20.5218150924497
19.18,9.129161105787249,13.47287351953824,21.145105210936325
19.19,9.565636696490643,13.943771588438414,21.85380966110267
19.2,10.003104408124452,14.36516723858647,22.646217065974362
19.21,10.436066711571831,14.722621908735038,23.518016343194173
19.22,10.85814655145064,15.001200124345806,24.461838299383043
19.23,11.262155053632155,15.186146205352125,25.46689105027026
19.240000000000002,11.640225712697244,15.263733291544295,26.518759449900784
19.25,11.984023484462305,15.222245509530465,27.599441947016913
19.26,12.285031100397454,15.053021127463603,28.687689395780485
19.27,12.534906252760816,14.75145263931767,29.75968600744504
19.28,12.725892786307545,14.317816798053407,30.790072325236423
19.29,12.851258127550691,13.757802343690608,31.753257678609362
19.3,12.905719958090655,13.082622335846198,32.62491379906458
19.31,12.885819899912411,12.308643466801,33.38349470710748
19.32,12.790202656635214,11.456531235047208,34.01160382057235
19.330000000000002,12.619766531639991,10.549984955986542,34.49703700895693
19.34,12.377664894425882,9.614203439365125,34.8333718845001
19.35,12.069155806918019,8.674264559094294,35.02004147151612
19.36,11.70131538617337,7.7536096697149475,35.06190935434769
19.37,11.28264608486012,6.872796115516207,34.96843531037655
19.38,10.822621160476578,6.048626582688,34.75256993071812
19.39,10.331209836561431,5.2936974522139355,34.42953573813361
19.400000000000002,9.818424304125463,4.61634525101609,34.0156415098884
19.41,9.29392135215996,4.020922718664602,33.52724366921884
19.42,8.766680331630205,3.508309660054467,32.97992495101095
19.43,8.244767649993317,3.07655820888907,32.38791693511454
19.44,7.735187876420461,2.7215826099443334,31.763757300808976
19.45,7.243813890292712,2.4378235360071825,31.118148602743407
19.46,6.775383676699738,2.2188400106687256,30.459973251554867
19.47,6.333549152989814,2.0578035445915512,29.796417101135866
19.48,5.920962262545303,1.9478864398440325,29.133158482970778
19.490000000000002,5.539384843528009,1.8825484511393737,28.47458759008296
19.5,5.189810856178417,1.8557333973793648,27.82403031860061
19.51,4.872591937733088,1.8619908150766138,27.1839593621475
19.52,4.58755960182673,1.8965384569354968,26.556182623443092
19.53,4.334139499336059,1.9552804029015773,25.94200453967889
19.54,4.111454909108834,2.0347935933763996,25.342359768967306
19.55,3.9184180054421267,2.1322932982049836,24.757921107967867
19.56,3.753808477099285,2.2455857673748847,24.189184830466665
19.57,3.6163397969385187,2.373014270248128,23.63653717127365
19.580000000000002,3.5047139173524746,2.5134030045435343,23.10030570095049
19.59,3.4176654492103316,2.666001957511915,22.580799055963652
19.6,3.353996519335435,2.830434703711303,22.078338058240032
19.61,3.3126035341319,3.00665028257682,21.59328077974291
19.62,3.2924970368531783,3.194879665934986,21.12604364411721
19.63,3.292815757637418,3.39559685441176,20.67712024240231
19.64,3.3128358367883712,3.6094842915184744,20.247099187164967
19.650000000000002,3.3519760655418214,3.8374020206792574,19.836682040134335
19.66,3.409799843233005,4.080359805337861,19.446702115539637
19.67,3.4860144006462708,4.339491262678646,19.07814477320558
19.68,3.5804676892073566,4.616028909082564,18.732169657691337
19.69,3.6931431855719445,4.91127886574213,18.410135196256448
19.7,3.824152710770039,5.22659381488867,18.113625521576733
19.71,3.973727211232532,5.563342623348818,17.84447981551016
19.72,4.142205294186904,5.922874857163834,17.60482385607958
19.73,4.330019150550445,6.306478200424191,17.39710326643491
19.740000000000002,4.537677333680233,6.715326571945076,17.224117583552395
19.75,4.765743692623431,7.150416523377619,17.089053753791294
19.76,5.014811586649256,7.612489333903413,16.99551698715438
19.77,5.285472340280328,8.101936140538674,16.947556026452297
19.78,5.578276746581134,8.6186835347347,16.949678779759825
19.79,5.893688310430862,9.162057422194307,17.006852905069476
19.8,6.232026872323428,9.730623727777184,17.1244843312303
19.81,6.593401309189353,10.322005915697506,17.308364901707378
19.82,6.9776302295163495,10.932681508481325,17.564578464891483
19.830000000000002,7.384150040139798,11.557763068401412,17.899353045892084
19.84,7.811910551491331,12.190773677271636,18.31884561341296
19.85,8.259259506214976,12.82343295330434,18.82884598896656
19.86,8.723819157565169,13.445477019489076,19.434388436923335
19.87,9.202360353429357,14.044544176769888,20.13926441481259
19.88,9.690682493875853,14.606166384610788,20.945438923747624
19.89,10.183511095347223,15.113913328972993,21.8523867820757
19.900000000000002,10.674428195604188,15.549738347713255,22.85638427403577
19.91,11.155853906514428,15.894570546416702,23.949815162740954
19.92,11.619099230996394,16.129181593677266,25.120575357361155
19.93,12.054509744857334,16.235326207044423,26.351682641766736
19.94,12.45171578012786,16.19711175786865,27.62120960521596
19.95,12.799996451718089,16.002498243527846,28.902650837893816
19.96,13.08875202801753,15.644773859777805,30.165802218483567
19.97,13.308062652785027,15.123807400406536,31.378167851404374
19.98,13.449293561695093,14.446863123045654,32.50682399342125
19.990000000000002,13.505691254740096,13.628790459262698,33.52057403689618
20.0,13.472905743332278,12.691475056103124,34.39214731917505
20.01,13.349374584229485,11.662550278478923,35.10015235238777
20.02,13.136516637369485,10.573496242780816,35.63051027528924
20.03,12.838706175716858,9.457364751864555,35.977169919273386
20.04,12.463027036627823,8.346433091648095,36.14202622148007
20.05,12.018835921533155,7.2700904256119685,36.134098682474686
20.06,11.517187567468342,6.253199682267307,35.968141934296554
20.07,10.970187872307896,5.315075370151242,35.66292992356036
20.080000000000002,10.390342564127687,4.46910312346796,35.23946836351049
20.09,9.789960038854607,3.722928006521842,34.71935363485988
20.1,9.180651030932358,3.0790738595567184,34.12342859084849
20.11,8.572949084222687,2.5358304624570494,33.4708086053484
20.12,7.976058142199978,2.088253324827966,32.77828283011859
20.13,7.397719529901748,1.7291507845037528,32.060046580450454
20.14,6.844181272095071,1.4499722029784097,31.327693841397366
20.150000000000002,6.3202479985384485,1.2415493437795477,30.590391206852146
20.16,5.829388784114487,1.0946744279950664,29.855160455324555
20.17,5.373882002994922,1.0005205254706997,29.12721037020862
20.18,4.954979509846399,0.9509231585587559,28.410274354489946
20.19,4.57307627945591,0.938547991984787,27.70692553094975
20.2,4.227875400387892,0.9569704261113378,27.018853578193596
20.21,3.918541652279829,1.0006908043508402,26.34709693038231
20.22,3.6438396300943205,1.0651053466710247,25.692230306492245
20.23,3.402254482245817,1.146448890553898,25.054511347449306
20.240000000000002,3.19209485539063,1.2417216894252392,24.433992055830217
20.25,3.0115786779542204,1.3486091993065266,23.830601347404095
20.26,2.8589030685298895,1.4654010815608867,23.24420482658307
20.27,2.73230001933042,1.590913546807713,22.67464725617119
20.28,2.630079660268268,1.7244175871807244,22.12178235973734
20.29,2.5506629212341223,1.8655744957430525,21.58549373453281
20.3,2.492605328653042,2.0143792590464207,21.065709857574017
20.31,2.454613534146058,2.171111848971042,20.562415483183443
20.32,2.4355560041877333,2.3362960652352336,20.07566117202613
20.330000000000002,2.434469117863097,2.510665336725925,19.60557225624198
20.34,2.4505597368411567,2.6951347367352367,19.15235821964466
20.35,2.4832051345968083,2.890778372719643,18.716323238932727
20.36,2.5319510045230045,3.098811251139662,18.29787847336703
20.37,2.596508110286117,3.320574673466909,17.897556589215384
20.38,2.6767479962629324,3.557524175490595,17.51602894580021
20.39,2.7726980395582603,3.8112189660680382,17.15412583805613
20.400000000000002,2.8845359953809906,4.083311742522869,16.812860172945054
20.41,3.0125840611545303,4.375537648114322,16.493454940861543
20.42,3.157302357765789,4.68970098323125,16.197374814319787
20.43,3.3192815944608616,5.027658077825606,15.92636214852036
20.44,3.499234542391805,5.39129447094495,15.682477551858538
20.45,3.697985785888624,5.782494219189743,15.468145013586497
20.46,3.916459045533551,6.203098768818618,15.286201287878704
20.47,4.155661169106644,6.65485238260315,15.139948796485022
20.48,4.416661663039065,7.139330630875041,15.03321067326145
20.490000000000002,4.700566388572442,7.657847973781399,14.970385669012273
20.5,5.0084837785889285,8.211340044189397,14.95649938996196
20.51,5.341481655877776,8.800215994629218,14.997246678121941
20.52,5.700532475814371,9.424176360617214,15.099017782600509
20.53,6.0864446171234965,10.081992554690679,15.268898269169274
20.54,6.499777267696462,10.771245669673865,15.514629383232943
20.55,6.940736592498226,11.488025165277373,15.84451194508316
20.56,7.409051358021932,12.22659275779845,16.267233133685547
20.57,7.9038271926210415,12.979023987843442,16.791592315817773
20.580000000000002,8.423380389239322,13.73484999220626,17.426100416200466
20.59,8.965054826691564,14.480735157078348,18.178428719921065
20.6,9.52502938964738,15.200242168215363,19.054689496825215
20.61,10.098128292310752,15.873753013378268,20.058544864053044
20.62,10.677652820193003,16.478629654314542,21.19016421044989
20.63,11.255259687312387,16.98970629246495,22.445085683996293
20.64,11.82091741884737,17.380199365339507,23.813082729625563
20.650000000000002,12.362976235714594,17.623093572685384,25.277187439538398
20.66,12.868386592708518,17.693005581487487,26.813067997741197
20.67,13.323094342430291,17.56843992422155,28.388981535472702
20.68,13.712624507347227,17.234241957746345,29.966506833145672
20.69,14.022840446199679,16.683941569078087,31.502186949686184
20.7,14.240833058619021,15.921601780380199,32.95007541547117
20.71,14.355861097294518,14.962776274931269,34.26499732142187
20.72,14.36023688610518,13.834267011063176,35.40614883605191
20.73,14.250040714847763,12.572558899281391,36.34052227024978
20.740000000000002,14.025558382405055,11.221057999877182,37.04561284041869
20.75,13.691370715468489,9.826506864052003,37.51096455247246
20.76,13.25607531122905,8.435120806541624,37.73832879846541
20.77,12.731677443669529,7.0890290489568395,37.74048079876373
20.78,12.132735356127473,5.823506209497252,37.5389865832366
20.79,11.475374182819237,4.665280832366027,37.161369541667796
20.8,10.776287891904007,3.6319750827843853,36.63816034543747
20.81,10.051832288796472,2.732529556821164,36.00023974842025
20.82,9.317281684559488,1.9683418562189814,35.276742918666784
20.830000000000002,8.586286526125921,1.3348074106723389,34.49363731005325
20.84,7.870537053009588,0.8229800229812491,33.672953916880665
20.85,7.179613834768167,0.4211390636502409,32.83256484363055
20.86,6.520991525836935,0.11613170505547254,31.986360667316077
20.87,5.900156506982712,-0.10556831573694597,31.144679273258916
20.88,5.320800055058616,-0.2570894468645565,30.314859432391334
20.89,4.785053741575421,-0.3506487608573989,29.501824113831447
20.900000000000002,4.293740676050431,-0.39724996569270915,28.708630852688746
20.91,3.846623369620551,-0.4065431287812311,27.936954015543677
20.92,3.4426354261810572,-0.386800090587359,27.1874844436151
20.93,3.080089520901561,-0.3449670177938123,26.460245762518035
20.94,2.7568581037069597,-0.28676400154611925,25.754834764291687
20.95,2.4705260777057365,-0.21680951693564737,25.070597169645673
20.96,2.2185165517100582,-0.13875422121205863,24.40675116213678
20.97,1.9981918744901033,-0.055413795855811285,23.76247047954992
20.98,1.8069327299617837,0.031105570901729593,23.136937371153117
20.990000000000002,1.6421982753102535,0.11929269029486925,22.529373927586214
21.0,1.5015702676127904,0.20812959457338137,21.939058492779345
21.01,1.382783943446204,0.29700294534059035,21.36533225114434
21.02,1.2837481563782596,0.38562830836011636,20.807599724040085
21.03,1.2025569835512375,0.47398650467169673,20.265325821432636
21.04,1.1374947133588582,0.5622709961277929,19.738031258209578
21.05,1.0870358389995012,0.6508451560624436,19.22528752453727
21.06,1.0498414174217168,0.7402082614885346,18.726712156140632
21.07,1.0247529148290642,0.8309690869480193,18.24196474524387
21.080000000000002,1.0107844502198513,0.9238260581755893,17.77074393265529
21.09,1.0071141671165003,1.0195530200766294,17.31278549846659
21.1,1.0130753091757754,1.1189897773879391,16.867861601270683
21.11,1.0281474455511574,1.2230366705169653,16.435781187166288
21.12,1.051948184128506,1.3326525485201004,16.016391588065897
21.13,1.0842256223589337,1.4488555926126478,15.609581345528365
21.14,1.1248517136413891,1.5727265246281479,15.215284325896487
21.150000000000002,1.1738166693995538,1.7054138036767317,14.833485231475272
21.16,1.231224470589627,1.848140469371507,14.464226658960579
21.17,1.2972895249048142,2.0022123298706225,14.107617909569232
21.18,1.372334475024321,2.169027215827013,13.763845815343226
21.19,1.4567891365378707,2.350085024829584,13.433187913373501
21.2,1.551190519276342,2.546998261938189,13.11602837486833
21.21,1.6561838601890255,2.7615027362283264,12.812877179630163
21.22,1.772524566890196,2.995467995175322,12.524393118711016
21.23,1.9010809354460412,3.2509069606649135,12.251411308000295
21.240000000000002,2.042837460249849,3.529984062553354,11.994976000935754
21.25,2.1988984935778815,3.835020935372254,11.756379594644647
21.26,2.3704919323285716,4.168498435109469,11.5372088220828
21.27,2.558972503045245,4.533053326564871,11.33939919897582
21.28,2.76582407572086,4.931467464551977,11.16529882615181
21.29,2.9926602526004498,5.366646618144376,11.017742600888429
21.3,3.2412222390904404,5.841585238869826,10.900137714158467
21.31,3.5133726973373265,6.359312426145842,10.816560930121863
21.32,3.811083895616428,6.92281308032986,10.77186745508778
21.330000000000002,4.136417985586695,7.534916760424421,10.771810061024047
21.34,4.4914966553706535,8.198145124903219,10.823165340611872
21.35,4.878456718266605,8.914507145998817,10.933861289318507
21.36,5.299387419919683,9.685229781280864,11.113096534687385
21.37,5.756244424804585,10.510410871153063,11.371436130004257
21.38,6.250734666445815,11.388581377242213,11.720861582584188
21.39,6.784165677057404,12.316166710087488,12.17474350516177
21.400000000000002,7.3572529163578135,13.286843282520422,12.747694090118891
21.41,7.969879398813925,14.290798507606302,13.455244271825904
21.42,8.620804141516548,15.313922533508496,14.313278815552676
21.43,9.307320356190816,16.336990315711876,15.33715517956716
21.44,10.02487173042496,17.334934456610537,16.54043462205548
21.45,10.76664636140266,18.27636132234546,17.933174966706947
21.46,11.523183284955472,19.123519088159536,19.519783874004077
21.47,12.282045474456702,19.83297271114034,21.29651901291889
21.48,13.027633340054177,20.35725392708199,23.24885116852631
21.490000000000002,13.741229364599814,20.647702397917854,25.349068439651763
21.5,14.401370090682446,20.6585645472164,27.554662066161356
21.51,14.984626954663822,20.35215255750435,29.808137343180523
21.52,15.466834156236914,19.70450965137843,32.03885675278466
21.53,15.82472723067867,18.710660550912245,34.1672746828053
21.54,16.037858576286638,17.388287053410526,36.11144579211933
21.55,16.09055795684449,15.778713777273518,37.7950643128866
21.56,15.973639414626923,13.944511332857974,39.15571154581355
21.57,15.685552806870598,11.963771694291806,40.15169813952595
21.580000000000002,15.232753733257079,9.921962950787318,40.766065694311536
21.59,14.62920746962716,7.902914957562792,41.00695684017916
21.6,13.895111182539777,5.980669773761108,40.90446148103364
21.61,13.05506298490035,4.213591880686589,40.50486978451535
21.62,12.135985403254102,2.641435582690371,39.86372851081184
21.63,11.165110127840785,1.2852974479118788,39.03910321881192
21.64,10.168264563440077,0.149800498910849,38.08608756511806
21.650000000000002,9.168600249007495,-0.7734083303779419,37.05307650176331
21.66,8.185802019339874,-1.5017347899316307,35.97983298429574
21.67,7.235738209406002,-2.0579576597716844,34.897047964545195
21.68,6.33046564007577,-2.4671844089529977,33.82694717702847
21.69,5.478486477232832,-2.754586972157412,32.784497531226464
21.7,4.685159041895757,-2.9438901661913848,31.778849356526205
21.71,3.9531816876489096,-3.0564914667881204,30.814763191937843
21.72,3.283090063818934,-3.1110584690221734,29.893875233646604
21.73,2.6737283094035647,-3.1234565373890164,29.015737109935003
21.740000000000002,2.122671391515605,-3.106884183274213,28.178620040268427
21.75,1.6265881618792395,-3.072124082679438,27.380104527061043
21.76,1.181543063760421,-3.0278458199875358,26.617490860000313
21.77,0.7832395519896707,-2.9809192167734033,25.88806900513616
21.78,0.4272110544383126,-2.9367139011660943,25.189283703228668
21.79,0.10896647011845667,-2.899372306466964,24.518825105417843
21.8,-0.17590263470025197,-2.872050718031478,23.874669046958772
21.81,-0.43164637661865657,-2.857127471531248,23.255085196666265
21.82,-0.6623063868204322,-2.8563799047621337,22.658626315783707
21.830000000000002,-0.8716858568174894,-2.8711328985823954,22.084107855461664
21.84,-1.0633353290601024,-2.902382310879102,21.53058406904062
21.85,-1.2405505070278826,-2.9508966391533016,20.997324581629112
21.86,-1.4063790229616826,-3.0173000470464597,20.483793787914845
21.87,-1.5636336766534182,-3.102139579012514,19.98963438871255
21.88,-1.7149101471372872,-3.2059390329846718,19.51465569636956
21.89,-1.8626075867577214,-3.3292415981877808,19.058826931913813
21.900000000000002,-2.008950841695238,-3.472643009898957,18.622275519194066
21.91,-2.156013312557283,-3.6368166297843945,18.205290289945843
21.92,-2.3057396804170627,-3.822531528261951,17.808329501806874
21.93,-2.459967884054187,-4.030664319676279,17.43203360433838
21.94,-2.620449848332285,-4.262205175562463,17.07724274045784
21.95,-2.7888705356948433,-4.518258108414484,16.745019022362253
21.96,-2.966864925590109,-4.8000352699962185,16.43667365484187
21.97,-3.1560325220984886,-5.108844635964026,16.1537989779672
21.98,-3.3579489490250856,-5.446070044533449,15.89830544655301
21.990000000000002,-3.574174114362523,-5.813142114877544,15.672463432378011
22.0,-3.8062563119961923,-6.211498088143458,15.478949497274241
22.01,-4.055731477537763,-6.6425281140647545,15.320896402876542
22.02,-4.324116627807675,-7.1075049635376,15.201945547937221
22.03,-4.612896292401483,-7.6074936137152,15.126299697658355
22.04,-4.923500497542707,-8.143236684554083,15.09877272246521
22.05,-5.257272600171687,-8.715011399327462,15.124831521098987
22.06,-5.615425017264605,-9.322453743651895,15.210623293457004
22.07,-5.998980690029735,-9.964346024185451,15.36297880250343
22.080000000000002,-6.408698024117301,-10.638365380387967,15.589379224566752
22.09,-6.844977142096115,-11.34079337626974,15.897870737078726
22.1,-7.307745693788689,-12.066191077347604,16.296907406834084
22.11,-7.796323351556696,-12.807050532113703,16.795099757854025
22.12,-8.309265663403156,-13.553442808365775,17.400844523484547
22.13,-8.844190356994307,-14.292694929983343,18.12181189696608
22.14,-9.397592673259568,-15.009142935030422,18.96427196679494
22.150000000000002,-9.964660962587512,-15.6840245991669,19.932254231164038
22.16,-10.53910951049647,-16.295590470121372,21.026555422715976
22.17,-11.113051950907876,-16.819521217895858,22.243642881901927
22.18,-11.676944767075739,-17.2297364896218,23.57454294539318
22.19,-12.219634772666122,-17.499657846440105,25.00385223683068
22.2,-12.728545041306928,-17.60393908961436,26.509055275327228
22.21,-13.190028156632259,-17.52059861535362,28.06035986069794
22.22,-13.589901866989388,-17.23338603156626,29.621253979355473
22.23,-13.914159521129633,-16.734106744543283,31.149927662234575
22.240000000000002,-14.149817658534918,-16.02454333864862,32.6015831047888
22.25,-14.285830509951316,-15.117587330830922,33.931487627957154
22.26,-14.313973401906214,-14.037258911830936,35.09844087644617
22.27,-14.2295827765003,-12.817452984823476,36.06818219906714
22.28,-14.032046663101271,-11.499481010675868,36.81621029898161
22.29,-13.724968130409085,-10.12872187108905,37.32955757470307
22.3,-13.315971080583589,-8.750879474955529,37.607248962287684
22.31,-12.816172371898423,-7.408412982759449,37.659430264254084
22.32,-12.239393608814298,-6.137638926245894,37.505399993444776
22.330000000000002,-11.601218696342755,-4.9668306111237985,37.17095260222458
22.34,-10.918013511116865,-3.9154185216744963,36.68550157374309
22.35,-10.206012612721704,-2.9941914024713463,36.079401267892734
22.36,-9.480551029796752,-2.20625829408763,35.38176213057221
22.37,-8.755485491523656,-1.548474035565199,34.61890320565518
22.38,-8.04281713079205,-1.0130444315498564,33.81345074479167
22.39,-7.352502164968532,-0.5890868328056544,32.98399665899966
22.400000000000002,-6.692420701276205,-0.2639992545827537,32.145181661642525
22.41,-6.068466321796581,-0.02456464099761324,31.308058096658876
22.42,-5.484718599182141,0.14222571899119424,30.480603550658216
22.43,-4.9436647478962215,0.24860798204098197,29.66828520681785
22.44,-4.446442973929871,0.3056993120282884,28.874606389410395
22.45,-3.993087037753436,0.3233213377350446,28.101594708519166
22.46,-3.5827580017496468,0.3099476751022206,27.350212903618715
22.47,-3.2139545397173457,0.2727361426551409,26.620688498153072
22.48,-2.8846973701130803,0.21761430900387452,25.912767588995504
22.490000000000002,-2.5926863972300227,0.14939483747258941,25.225902869161033
22.5,-2.335431181216792,0.07190386713401457,24.559387695833106
22.51,-2.110356620457436,-0.0118889045814837,23.912447825669908
22.52,-1.9148864207263065,-0.09974566511756465,23.284301212173677
22.53,-1.746507216429401,-0.1900457107323122,22.6741945879751
22.54,-1.6028162351395632,-0.28168263727813103,22.08142380844144
22.55,-1.4815552578363982,-0.37397429745115895,21.505343319644886
22.56,-1.3806333949966219,-0.4665854325382406,20.94536873103935
22.57,-1.2981409215161943,-0.5594623430772847,20.40097534995942
22.580000000000002,-1.2323561231995936,-0.6527786576819209,19.871694660701216
22.59,-1.1817468241319495,-0.746891113727469,19.35711007531599
22.6,-1.1449679993590796,-0.842304222315489,18.856852809007943
22.61,-1.1208566371364859,-0.93964271473775,18.37059840286841
22.62,-1.1084248021648129,-1.0396307324586591,17.89806419707333
22.63,-1.1068516659995125,-1.1430768096894894,17.439007920452465
22.64,-1.115475112076218,-1.2508637948763994,16.993227484993792
22.650000000000002,-1.1337833885571074,-1.3639429566283254,16.56056203911383
22.66,-1.161407170039453,-1.4833316150842135,16.140894328676406
22.67,-1.1981122964155975,-1.610113727454119,15.734154430769918
22.68,-1.2437933811010073,-1.7454429335192894,15.340324956081723
22.69,-1.2984684187332716,-1.890547630900706,14.959447857501367
22.7,-1.3622744716196442,-2.04673769880293,14.59163303315215
22.71,-1.4354644720568102,-2.2154125205362774,14.237068970360713
22.72,-1.518405141573376,-2.3980699668716543,13.896035742838807
22.73,-1.6115759955371236,-2.596315990975763,13.568920746661748
22.740000000000002,-1.7155693697072556,-2.8118744471080825,13.256237641598364
22.75,-1.8310913712756216,-3.046596673894237,12.958649052718723
22.76,-1.958963617479603,-3.3024702715569245,12.676993681856292
22.77,-2.1001255762498836,-3.581626341576408,12.412318576785824
22.78,-2.2556372611845434,-3.8863442348881923,12.165917402813381
22.79,-2.426681952160361,-4.219052555970006,11.939375648043862
22.8,-2.61456850677143,-4.582324776886103,11.73462375552697
22.81,-2.8207326889154345,-4.978867306281214,11.553999190343637
22.82,-3.046736760194537,-5.411497209763351,11.400318383529237
22.830000000000002,-3.2942663468822015,-5.883105965802661,11.276959297514813
22.84,-3.5651232983489876,-6.39660464405961,11.187954957572964
22.85,-3.861212879869585,-6.954844699757863,11.13809758965643
22.86,-4.184523182501113,-7.560507198737658,11.13305185918393
22.87,-4.537094077898086,-8.215951773925129,11.179473935514167
22.88,-4.920972397781621,-8.923015085157155,11.285130481959971
22.89,-5.338149293881575,-9.682747242250203,11.459007915021083
22.900000000000002,-5.790474980162267,-10.495073957655306,11.711397088530985
22.91,-6.279545365753353,-11.358372766513234,12.053931665946848
22.92,-6.806554613095321,-12.268954463515026,12.499549706861632
22.93,-7.37210765687086,-13.22044733339482,13.062337588902484
22.94,-7.975987577819089,-14.203093585692319,13.757204101519147
22.95,-8.616874973801218,-15.202986722006731,14.59932220302694
22.96,-9.29202078692683,-16.201307325437572,15.603269897114796
22.97,-9.996881192520737,-17.173653952777876,16.78180537776728
22.98,-10.724733812497734,-18.089613960577147,18.14423265383736
22.990000000000002,-11.466308954053389,-18.91277015031529,19.69436147907435
23.0,-12.20948714324963,-19.601380022672245,21.428147994495312
23.01,-12.93913268000699,-20.109973565473037,23.33122299666713
23.02,-13.637147821940713,-20.392064059351775,25.376663545918316
23.03,-14.282836640044136,-20.404025517950185,27.52351063525402
23.04,-14.853653187513258,-20.109946039747978,29.716626335396565
23.05,-15.326368003543807,-19.486939966305233,31.888446476696352
23.06,-15.678617975162338,-18.530067654715587,33.96295551487006
23.07,-15.890714926472885,-17.25579514601561,35.861773656866674
23.080000000000002,-15.947498035106776,-15.702966505161159,37.51167681189301
23.09,-15.839953607950962,-13.930642681555092,38.85233944589812
23.1,-15.566321594823323,-12.012837767039509,39.84281808706417
23.11,-15.132475790876041,-10.030961745499859,40.465441965740105
23.12,-14.551493435267759,-8.065378576783953,40.72635094977876
23.13,-13.842484892937481,-6.187677665544838,40.65273531403177
23.14,-13.028889115787806,-4.454972636360434,40.28759354547094
23.150000000000002,-12.136517696819086,-2.9069197813414203,39.68327531608085
23.16,-11.191634810688361,-1.565443150311407,38.89511256201077
23.17,-10.219303254459284,-0.43660296722543923,37.97613421428866
23.18,-9.242135923548272,0.4862254822701876,36.97338806081159
23.19,-8.279497892742487,1.2186910507007984,35.92593969201297
23.2,-7.3471290982872555,1.7819677156929754,34.86429963618956
23.21,-6.457111247791495,2.199809429820942,33.81087745899547
23.22,-5.618084113201023,2.4963195715083373,32.781046693677276
23.23,-4.835618744709462,2.6944286393352663,31.784472959357224
23.240000000000002,-4.112669689985594,2.814978465743676,30.826458475753363
23.25,-3.4500475752521584,2.876274145842006,29.909154479071482
23.26,-2.846872371782891,2.8939658471075345,29.032571320154414
23.27,-2.300983662949385,2.881143317522629,28.195369730321413
23.28,-1.8092963302209877,2.848553178357952,27.39544855820397
23.29,-1.368098439380649,2.8048753493299214,26.63035968927305
23.3,-0.9732933775177,2.7570167256587883,25.897585472568846
23.31,-0.6205912467973433,2.710396622890685,25.194712355087738
23.32,-0.30565587897262053,2.669209987935296,24.519529781067355
23.330000000000002,-0.024214169076513692,2.636661928602431,23.870077782005662
23.34,0.2278658422670795,2.615171787321698,23.244661206891486
23.35,0.4545222945523323,2.606547679433768,22.641843770414823
23.36,0.6594671175807267,2.6121338241433714,22.060431218290354
23.37,0.846169546170998,2.6329336081498522,21.499449912973763
23.38,1.0178518657996454,2.6697114668668664,20.958124924814015
23.39,1.1774943547461723,2.7230765551260188,20.435860134360393
23.400000000000002,1.3278469487922977,2.7935509351369907,19.932221772058373
23.41,1.4714456351967355,2.88162470736727,19.446926118285084
23.42,1.610631987736615,2.9878001895511423,18.979831657136728
23.43,1.7475745905903306,3.1126269298116256,18.53093574065693
23.44,1.8842913728783546,3.2567290297955793,18.100375714608383
23.45,2.022672094644126,3.420825954052969,17.688434436708814
23.46,2.1645003950789308,3.605747710089692,17.295550150196018
23.47,2.3114749400584627,3.8124449947206016,16.922330735542015
23.48,2.465229292712883,4.041994610095749,16.569572433226792
23.490000000000002,2.627350180875502,4.29560014940021,16.238283196497367
23.5,2.799393850854069,4.5745876290805825,15.929710882149418
23.51,2.982900178998025,4.880395392169421,15.645376506023029
23.52,3.1794041609528865,5.214557216298937,15.387112761781092
23.53,3.3904443123758536,5.578677121456673,15.157107905469095
23.54,3.617567392649516,5.974393879840318,14.95795491613436
23.55,3.8623287029183286,6.40333268152698,14.792705516895818
23.56,4.126287010123253,6.867040812088044,14.664928132254904
23.57,4.410992909625263,7.366903573548504,14.578768103760751
23.580000000000002,4.717969163618085,7.904036073484433,14.539007411108448
23.59,5.048681249584227,8.479145999403347,14.551119661069604
23.6,5.404496040504061,9.092362219181775,14.621314118604113
23.61,5.7866262484998465,9.743024206679964,14.756559978423757
23.62,6.196058048821318,10.429428180931298,14.964578862632345
23.63,6.633459242762476,11.148527875799644,15.253789713882753
23.64,7.099065534395265,11.895591552902454,15.633186018547557
23.650000000000002,7.5925431492655475,12.663822862264034,16.11212107669442
23.66,8.112827322324414,13.443962098415899,16.699973649305665
23.67,8.657938374092417,14.22389681721467,17.40566508829736
23.68,9.224780433879243,14.988326771987264,18.237001943294512
23.69,9.808932559919363,15.718546932374437,19.19982760386268
23.7,10.40444809429326,16.39243174813328,20.296985690689482
23.71,11.003685310020291,16.984719522921583,21.527129235213668
23.72,11.59719999231414,17.4677010222612,22.883454173200995
23.73,12.173737099653286,17.81240236976478,24.352490877244563
23.740000000000002,12.720361874683846,17.990309492041384,25.91314540303342
23.75,13.2227679436756,17.975603383809087,27.536227930309728
23.76,13.665788272082303,17.747763826337778,29.184718459894015
23.77,14.03411257135253,17.294268818525687,30.81497644606855
23.78,14.313182478432966,16.6129987712409,32.37898627965999
23.79,14.490197686605322,15.713891416315535,33.82754784652019
23.8,14.555130114476867,14.619427489166162,35.11410201014196
23.81,14.501619502080874,13.363680151420967,36.198682868433394
23.82,14.32762217002507,11.989915852751189,37.051381146422585
23.830000000000002,14.035710050459846,10.547030664261351,37.65473855744722
23.84,13.632966765215079,9.085357032471093,38.00467970384772
23.85,13.130490774487795,7.652501312013263,38.10987943256723
23.86,12.54257692975331,6.289833927877792,37.98977303508958
23.87,11.88569223057835,5.030071324481041,37.67165327481363
23.88,11.177380057827047,3.8961287689652986,37.18740310697618
23.89,10.435218754232952,2.9011681646892447,36.570378420904476
23.900000000000002,9.67593158077681,2.0495803604243683,35.85281855570466
23.91,8.914706110488064,1.3385555267066578,35.06398274995748
23.92,8.164742261946571,0.759900359455341,34.22904292530654
23.93,7.437016739863609,0.3018271902242706,33.36864158881842
23.94,6.740231029111456,-0.04946775932472519,32.498958627285894
23.95,6.080900258617912,-0.3085300672161421,31.632114989452063
23.96,5.46353906058391,-0.48969903542659254,30.776758794010593
23.97,4.8909050481832095,-0.6064615357739614,29.938713623462736
23.98,4.364267935777059,-0.6710589743791211,29.121606743954118
23.990000000000002,3.8836805026231467,-0.6942906539293483,28.327428827847633
24.0,3.448235201421809,-0.6854593652793814,27.557002932629178
24.01,3.056296552775197,-0.6524129664859992,26.810358485000425
24.02,2.7057043389733324,-0.6016454423612231,26.087016933738656
24.03,2.39394609607983,-0.53843035364444,25.386201278008482
24.04,2.118299721642751,-0.4669676452489661,24.7069835573107
24.05,1.8759484267310405,-0.39053115984701514,24.048384024959265
24.060000000000002,1.6640710108075578,-0.3116089643112086,23.40943416887339
24.07,1.4799107317580864,-0.23203198943748266,22.789213698473258
24.080000000000002,1.320826040572532,-0.1530888035581536,22.1868695183191
24.09,1.1843262673780868,-0.07562586421309019,21.601622794805042
24.1,1.0680950642121925,-0.00013354771240844943,21.03276859797979
24.11,0.9700040845937258,0.07318117975709017,20.47967129251799
24.12,0.8881190455106284,0.1443342850272619,19.941757841500998
24.13,0.8206999951279379,0.21351509170250205,19.418510434214365
24.14,0.7661973113437972,0.28104629259972824,18.909459307936256
24.150000000000002,0.723244688250036,0.34735228723811573,18.414176258164026
24.16,0.690650131706541,0.41293466884375696,17.932269081627506
24.17,0.6673857813586765,0.47835379454063476,17.46337703827789
24.18,0.652577202854722,0.5442154906198976,17.0071673256358
24.19,0.6454926483219051,0.6111620641578525,16.56333251111883
24.2,0.6455326625308323,0.679866907753592,16.131588850260417
24.21,0.652220313699859,0.7510320926373418,15.711675420397226
24.22,0.6651922486887928,0.8253884449987008,15.303354013119769
24.23,0.6841907096718916,0.903697690105336,14.906409749769548
24.240000000000002,0.7090566007254089,0.9867563282102426,14.520652409619522
24.25,0.7397236557978544,1.0754009753265592,14.145918488541293
24.26,0.7762137321608522,1.170514960828225,13.782074036352697
24.27,0.8186332337908313,1.2730360227170712,13.429018353744237
24.28,0.8671706555283046,1.3839649804230565,13.086688665273002
24.29,0.9220952297889901,1.5043752941333606,12.755065924307253
24.3,0.9837566516727462,1.6354234385337878,12.434181950180813
24.310000000000002,1.052585854224695,1.7783600267111883,12.124128148550144
24.32,1.129096802063191,1.9345416154339374,11.825066124566566
24.330000000000002,1.2138892672719535,2.105443103941627,11.537240566609059
24.34,1.307652544903209,2.2926706015588785,11.260994857621306
24.35,1.4111700549748774,2.497974580409762,10.996789963111532
24.36,1.52532476144147,2.723263042068264,10.7452272508486
24.37,1.6511053137539276,2.970614302803434,10.507076017821285
24.38,1.789612780096842,3.242288830113808,10.283306634536332
24.39,1.942067789096021,3.54073932905655,10.07513036261937
24.400000000000002,2.109817823441609,3.8686179618891905,9.88404705308044
24.41,2.2943443076924783,4.228779165279859,9.711902078487256
24.42,2.497268994883394,4.624275976777596,9.560953973721082
24.43,2.720358971591775,5.058347061520852,9.433954326181782
24.44,2.9655293554337296,5.534390701221227,9.334241419063874
24.45,3.234842436436966,6.055920827229283,9.265848917450432
24.46,3.5305015957542207,6.626498707153771,9.23363038823994
24.47,3.85483780149299,7.24963210177364,9.243399505433805
24.48,4.210285812345847,7.9286315985378355,9.302084193737029
24.490000000000002,4.5993464003301545,8.666411464515418,9.417890409969973
24.5,5.024529931895181,9.465219921569108,9.600467369415544
24.51,5.48827554485605,10.326281592677356,9.86106032324935
24.52,5.99283899554819,11.249333656751208,10.212628961036696
24.53,6.540141170366852,12.232038068588574,10.669898664329606
24.54,7.131568519853114,13.269256731929286,11.249297918656636
24.55,7.767716712788942,14.35218716934249,11.968718525701455
24.560000000000002,8.448070279160167,15.46737617847979,12.847017316919818
24.57,9.170614837086363,16.595661843460366,13.903162294502192
24.580000000000002,9.931385853179908,17.711143342560227,15.154918929436796
24.59,10.723970052644134,18.780344310824876,16.616984009052114
24.6,11.538993609617268,19.761814809247156,18.298519168196666
24.61,12.363655210315986,20.60649530927256,20.200130230043005
24.62,13.181390107843468,21.25921557941374,22.31049412201328
24.63,13.971778251352593,21.661678510823847,24.60305029654396
24.64,14.71082616587082,21.75713133185162,27.033416819706677
24.650000000000002,15.3717453928115,21.496613151326503,29.538388853768872
24.66,15.926306131556105,20.84619337019314,32.03741458671016
24.67,16.346755062847965,19.794070292877052,34.43719689091681
24.68,16.60815726338451,18.35597318675054,36.63947281350443
24.69,16.69088054099352,16.577249262945372,38.55115327555253
24.7,16.58283225512141,14.53050316199165,40.09512007366422
24.71,16.281033696916744,12.308668385473492,41.219451921977324
24.72,15.792205114536342,10.014630197822456,41.90299917111597
24.73,15.132223888778963,7.749509726955218,42.15609509936836
24.740000000000002,14.324554003815551,5.602041422375423,42.016483239193526
24.75,13.397950190342302,3.64101054804982,41.541747902802385
24.76,12.383852052246713,1.911704465161347,40.80021302950657
24.77,11.313879856834715,0.4362172170559262,39.86226007992624
24.78,10.217746440868586,-0.783367511841363,38.79346143231321
24.79,9.12175708120764,-1.7602222410553447,37.65015511426344
24.8,8.04793045804876,-2.517658465576444,36.47740328966917
24.810000000000002,7.013671389413055,-3.0845063248972324,35.30884685871866
24.82,6.031870529057463,-3.4914456469260498,34.16781019725523
24.830000000000002,5.111291892822772,-3.7684076200410903,33.06905071613312
24.84,4.257122360211979,-3.942950869223759,32.02069035148308
24.85,3.471584161410072,-4.039413446752795,31.02603159597801
24.86,2.754541194330422,-4.0786210053364185,30.085103328584466
24.87,2.104056566662968,-4.077955900062107,29.195884193214024
24.88,1.5168793882364389,-4.051634823723266,28.355214207579927
24.89,0.9888532581007,-4.011086948758623,27.55943725236818
24.900000000000002,0.5152479995883434,-3.9653622282650685,26.80482828226128
24.91,0.09102129353890487,-3.9215279611097396,26.0878581655088
24.92,-0.28898080282323385,-3.885031436573845,25.405342182282205
24.93,-0.6298748693567182,-3.8600191520223324,24.754509286015942
24.94,-0.936633493597544,-3.8496106641409034,24.133020420056965
24.95,-1.2140127331623547,-3.8561292579285382,23.538956504390484
24.96,-1.4665065067403522,-3.8812935678448075,22.97079050369454
24.97,-1.6983218652966432,-3.9263749490652358,22.427353235873994
24.98,-1.9133701291337697,-3.9923253521985376,21.907799092072935
24.990000000000002,-2.1152697886025202,-4.079880057059373,21.4115753747529
25.0,-2.307357845356931,-4.189639074667892,20.93839728426932
25.01,-2.492706921493864,-4.322130440725594,20.48822949096353
25.02,-2.6741459970519146,-4.477858050511591,20.06127455114756
25.03,-2.8542830656842795,-4.657336144438097,19.657968029830585
25.04,-3.0355283370921584,-4.861112048596311,19.2789799801528
25.05,-3.220116874850901,-5.089778300921683,18.925222323678977
25.060000000000002,-3.4101297496972434,-5.343974843810912,18.597861620057525
25.07,-3.6075129196222533,-5.62438153099496,18.298336665282182
25.080000000000002,-3.8140931262804303,-5.931700775049793,18.028380279508163
25.09,-4.031590128324183,-6.266629750430298,17.79004450723619
25.1,-4.2616245818493566,-6.629821168868245,17.585728225443713
25.11,-4.505720831885531,-7.021831270402485,17.41820580923706
25.12,-4.765303803470019,-7.443053345841365,17.2906550087853
25.13,-5.041689085090454,-7.8936348614492795,17.20668151381655
25.14,-5.336065193490562,-8.373376150299245,17.170336792721876
25.150000000000002,-5.649466914701941,-8.881608748965412,17.186124669548143
25.16,-5.982738556985826,-9.4170519066169,17.258990738103673
25.17,-6.336485962561832,-9.977646725793262,17.394287134537723
25.18,-6.711016254641949,-10.560368996227806,17.597703479001687
25.19,-7.106264607054683,-11.161024269083542,17.87515311851504
25.2,-7.5217078932076245,-11.774032307507593,18.23260244278652
25.21,-7.956265988734138,-12.392212916750875,18.67583044755221
25.22,-8.40819286047664,-13.006591357336633,19.21010652042776
25.23,-8.874961451801914,-13.606248890154745,19.839777448626954
25.240000000000002,-9.35314880564635,-14.17825190511374,20.56776085920306
25.25,-9.838330801342972,-14.707700380009557,21.39495264845744
25.26,-10.324999128156344,-15.177941215162468,22.31957108129133
25.27,-10.806516288222968,-15.570991657231529,23.336480036465076
25.28,-11.275126883070856,-15.868209412546717,24.436556913163713
25.29,-11.722044318851895,-16.0512261208397,25.606193692676182
25.3,-12.137630336407865,-16.103127803221547,26.827037099709823
25.310000000000002,-12.511679448530783,-16.00982062212636,28.076078474549035
25.32,-12.833810837196182,-15.761467907883205,29.326188202779427
25.330000000000002,-13.093956700277886,-15.353834964899042,30.547147862582875
25.34,-13.282919762086022,-14.789345720515728,31.707165561447685
25.35,-13.39295627999133,-14.077654639941088,32.77477436075755
25.36,-13.418327986652708,-13.235578836975874,33.72092714687791
25.37,-13.355760790967263,-12.286319181723998,34.52103650324634
25.38,-13.204752527755558,-11.258012232697723,35.15668682860883
25.39,-12.967687269055103,-10.181771905679389,35.616780547775164
25.400000000000002,-12.649737602320723,-9.08947100538529,35.89796748503087
25.41,-12.258564288419553,-8.011553612658261,36.00432657696784
25.42,-11.803849032760656,-6.975149856140749,35.94639193165868
25.43,-11.296715405994195,-6.002692773541346,35.739710687114886
25.44,-10.749101914795588,-5.111134997701656,35.40316828695004
25.45,-10.173149297327505,-4.311758528600192,34.95731337486046
25.46,-9.580653299990152,-3.610487379532441,34.422869694720944
25.47,-8.982618053270077,-3.008563511493473,33.819554801465735
25.48,-8.38892761002676,-2.5034326323108598,33.16525463029909
25.490000000000002,-7.808137452746477,-2.0897008071026555,32.475543850309506
25.5,-7.247375793609364,-1.760054024885085,31.763502017869158
25.51,-6.712336971807971,-1.506069755866442,31.039755723706946
25.52,-6.207345885383735,-1.3188838397359701,30.312673619258057
25.53,-5.735472287568607,-1.1897031528708095,29.58864894157039
25.54,-5.298675844306658,-1.1101729770077053,28.872417545159443
25.55,-4.897966082872621,-1.0726185244899122,28.16737428964685
25.560000000000002,-4.533564973991866,-1.0701844077672709,27.47586422965799
25.57,-4.205063351808782,-1.0968959582283186,26.799436064750047
25.580000000000002,-3.911565388324406,-1.1476639550582566,26.139053369730537
25.59,-3.651817777765767,-1.2182508440749502,25.495264469340633
25.6,-3.4243221440971556,-1.3052127904361217,24.86833495480101
25.61,-3.227430519785705,-1.405828428510915,24.258348341079117
25.62,-3.0594246435308503,-1.5180221898891597,23.6652807615386
25.63,-2.9185803822606586,-1.6402876770226476,23.089055318442497
25.64,-2.803218884206496,-1.7716146783450655,22.529581069806063
25.650000000000002,-2.7117461879075693,-1.9114220177818702,21.986780851522184
25.66,-2.642683004433655,-2.059497409874341,21.46061134463905
25.67,-2.5946863010325605,-2.215944766840966,20.951078078246987
25.68,-2.5665641761505946,-2.3811389022170353,20.45824744511937
25.69,-2.557285351236885,-2.555687236881482,19.98225731050002
25.7,-2.5659844295189855,-2.740397889505372,19.523327409298588
25.71,-2.59196389612286,-2.93625338763114,19.081770440432948
25.72,-2.6346936635350424,-3.144389139074741,18.65800456273233
25.73,-2.693808804523382,-3.366075733879915,18.252567857613254
25.740000000000002,-2.7691059621282417,-3.6027040870235187,17.866135233288322
25.75,-2.860538782497163,-3.8557723671047595,17.499538188309938
25.76,-2.9682125792666154,-4.126873574208571,17.153787814434466
25.77,-3.092378305101861,-4.4176825204088574,16.830101386018235
25.78,-3.2334257734120984,-4.729940819531802,16.52993284061754
25.79,-3.3918759371717977,-5.06543830054745,16.25500738643633
25.8,-3.5683718878717317,-5.4259890145928065,16.007360356691418
25.810000000000002,-3.7636680814538326,-5.813399705033215,15.789380243869493
25.82,-3.9786171254372693,-6.229428253427091,15.603855556645794
25.830000000000002,-4.214153268858142,-6.675729209394692,15.454024709088047
25.84,-4.47127152224333,-7.153783078611129,15.343627526330051
25.85,-4.751001099587874,-7.6648056180604796,15.27695607396316
25.86,-5.054371623888154,-8.209633035983533,15.25890132247108
25.87,-5.382370285265404,-8.788578818968185,15.294990572359614
25.88,-5.735887910186439,-9.401258066515286,15.391408526923621
25.89,-6.115651731591273,-10.046375928610107,15.554992371732403
25.900000000000002,-6.522142604160673,-10.72147832084839,15.793188226596627
25.91,-6.955494575389309,-11.422665928881358,16.113953010422552
25.92,-7.415375223372333,-12.144277078547388,16.525582415444283
25.93,-7.900846162968036,-12.878551835116706,17.03644290819158
25.94,-8.410204789351798,-13.615299117223584,17.654584412323484
25.95,-8.94081086811735,-14.341600803706108,18.387211984709705
25.96,-9.488905159202824,-15.041601330072666,19.240001230600182
25.97,-10.049431940941364,-15.696446683670631,20.21625558421968
25.98,-10.615882934930443,-16.284450142860873,21.31592595951018
25.990000000000002,-11.180186233128666,-16.781568923862622,22.534545776823176
26.0,-11.732669425976956,-17.162269760268128,23.86217595857179
26.01,-12.262129693090747,-17.400835193708513,25.28250046949499
26.02,-12.75604311972997,-17.47311011883404,26.772253769463163
26.03,-13.200938742701158,-17.35860864083192,28.301182600099256
26.04,-13.582948083358211,-17.04280189236451,29.83272858493183
26.05,-13.888517871626837,-16.519306901346397,31.325550583281395
26.060000000000002,-14.105244345280115,-15.791624379600549,32.73588256524433
26.07,-14.222756849350123,-14.874062927943465,34.02055824747691
26.080000000000002,-14.233553810305764,-13.791563615065126,35.140363347865204
26.09,-14.133683535299168,-12.578304170397795,36.063250357500905
26.1,-13.923171613970302,-11.275186241974623,36.76691760944535
26.11,-13.606127059233646,-9.926534669643871,37.24033942521448
26.12,-13.190505583905031,-8.576497983596983,37.48402413255228
26.13,-12.687560243397417,-7.265685329867549,37.509020947996824
26.14,-12.111054810499782,-6.028495855945016,37.33492507273209
26.150000000000002,-11.476343618212573,-4.89142314477915,36.9872812977452
26.16,-10.799428507753934,-3.872407255755819,36.4948294680274
26.17,-10.096090485354585,-2.9811201581297704,35.886977760345026
26.18,-9.38116700559809,-2.21994752929409,35.19176746574069
26.19,-8.668013672912346,-1.5853835833785705,34.43445096622101
26.2,-7.968158971080726,-1.0695741252484714,33.63668044053133
26.21,-7.29113724236991,-0.6618018097193668,32.81621952756093
26.22,-6.6444704530194105,-0.3497808186624946,31.98704788119664
26.23,-6.033762840761036,-0.12069639624956524,31.159721851081997
26.240000000000002,-5.462872501018367,0.03802268938548933,30.341871053272964
26.25,-4.934128046808696,0.1381765583952586,29.53873821414446
26.26,-4.448564592416415,0.19047162341134322,28.753699225714087
26.27,-4.006159900369355,0.20435761951931036,27.98872634913181
26.28,-3.606057610061491,0.18798110329392986,27.24477756060515
26.29,-3.2467695391724596,0.148218444253968,26.522108865579384
26.3,-2.926352968743287,0.09075887375961744,25.8205148636573
26.310000000000002,-2.6425616529245284,0.020215487288167744,25.13950720612118
26.32,-2.392971201812736,-0.05975156713647742,24.47844212588239
26.330000000000002,-2.1750806688038073,-0.14631040330960315,23.836608004674947
26.34,-1.9863928213592277,-0.2373380518626823,23.213282773722995
26.35,-1.8244758461575559,-0.33131049914471206,22.6077693683331
26.36,-1.6870092623090645,-0.4272042013526286,22.019415815674115
26.37,-1.5718166834900646,-0.5244098514437489,21.447625020260045
26.38,-1.4768878483405419,-0.6226583269913417,20.89185801366957
26.39,-1.4003920740159428,-0.7219582257932676,20.35163338045605
26.400000000000002,-1.340685010501464,-0.8225441005585142,19.82652475116922
26.41,-1.2963103021279485,-0.9248343604927847,19.316157637853287
26.42,-1.2659975088817625,-1.029397763906567,18.82020644251628
26.43,-1.2486574095649476,-1.136927445803446,18.338392160087558
26.44,-1.2433756041800665,-1.2482214827698188,17.870481093004603
26.45,-1.2494051544096818,-1.364169077184377,17.41628476849856
26.46,-1.266158847663381,-1.4857415319239802,16.975661180860257
26.47,-1.2932015399624996,-1.6139872770713692,16.548517453356677
26.48,-1.3302429235269295,-1.7500302957119305,16.134814016163322
26.490000000000002,-1.3771309736667503,-1.895071372347181,15.734570419286309
26.5,-1.4338462536933734,-2.0503916512636713,15.347872937298725
26.51,-1.500497193235897,-2.2173580403205824,14.974884172185458
26.52,-1.577316401745539,-2.397430025037178,14.615854919509028
26.53,-1.6646580322309223,-2.592167465232972,14.271138630237624
26.54,-1.7629961674515398,-2.8032389277949177,13.941208875130533
26.55,-1.8729241588199905,-3.032430059395327,13.62668029974832
26.560000000000002,-1.9951548037913167,-3.2816514157519707,13.328333644589017
26.57,-2.130521196840338,-3.552945031124861,13.047145493997723
26.580000000000002,-2.2799780280085384,-3.8484888228417518,12.784323504771354
26.59,-2.4446030265046255,-4.1705976678969305,12.541347943018774
26.6,-2.6255981491487144,-4.521719646523756,12.32002041332342
26.61,-2.824289987683933,-4.904425502899366,12.122520678167401
26.62,-3.0421287070807357,-5.321388805541889,11.951472408672196
26.63,-3.280684619664307,-5.77535357872291,11.810018537094049
26.64,-3.541641236935635,-6.269085303143722,11.701906535732686
26.650000000000002,-3.8267833116492502,-6.805300139256247,11.631583340033107
26.66,-4.137977977207376,-7.386566017819965,11.60429864862039
26.67,-4.477146603026325,-8.015167910700406,11.626213815250724
26.68,-4.846224413599555,-8.69292823859865,11.70451130114774
26.69,-5.247104279298214,-9.420972181020852,11.84749644580386
26.7,-5.681560415342612,-10.199426956562627,12.064678881676782
26.71,-6.151147095692235,-11.027044468771981,12.366815022139951
26.72,-6.6570670306848125,-11.900738866039013,12.76588555048625
26.73,-7.200003980673602,-12.815035679449526,13.27497283312556
26.740000000000002,-7.779914797834091,-13.76143877354143,13.907993252375007
26.75,-8.395777846585984,-14.72773713822119,14.67922999847161
26.76,-9.045298220262568,-15.697297313950077,15.602605514621002
26.77,-9.724576005333686,-16.648420064147427,16.690633868181802
26.78,-10.427752667361425,-17.553881076554887,17.953008045506355
26.79,-11.146662786956792,-18.380820784086616,19.394813281648464
26.8,-11.870533517116304,-19.091188115102085,21.014422717293602
26.810000000000002,-12.58579069195777,-19.64296024754657,22.801230084004658
26.82,-13.276045117894858,-19.99233161221332,24.733500825467182
26.830000000000002,-13.922339754055702,-20.096964625222295,26.776757316684918
26.84,-14.503731135305364,-19.920204642827077,28.883214326218695
26.85,-14.998249507018981,-19.435890224751358,30.992788487193195
26.86,-15.384228051189728,-18.633086535184404,33.036059829511274
26.87,-15.641915987577194,-17.519830818244927,34.93923395590095
26.88,-15.755207271040247,-16.12492626632135,36.6306765515776
26.89,-15.713249628848725,-14.4970503162919,38.04808972575786
26.900000000000002,-15.51167431598029,-12.700960822991432,39.145055526067374
26.91,-15.15322355175468,-10.811264927752852,39.89565553521452
26.92,-14.647649516458454,-8.904835341065077,40.2962487064117
26.93,-14.010892836785645,-7.053286401876075,40.364152793177986
26.94,-13.263681278542387,-5.31683704831161,40.133698660976805
26.95,-12.429782855731288,-3.7404406545174833,39.65066092884515
26.96,-11.534179475996917,-2.3524417573647005,38.966259325093056
26.97,-10.601398049439853,-1.1654521390023482,38.13177282700989
26.98,-9.654164930676695,-0.1787815746282776,37.19443690282908
26.990000000000002,-8.712463659860289,0.6183444174394108,36.194869223960204
27.0,-7.792998845830762,1.2434488124050271,35.16592288718284
27.01,-6.909014526451747,1.7178140589284305,34.13265984742606
27.02,-6.070386818415183,2.0640844354046055,33.113067937230426
27.03,-5.283904131590454,2.304525194848103,32.119173160349426
27.04,-4.5536564125247905,2.459886816215426,31.158277431803377
27.05,-3.8814705214526772,2.5487639723826163,30.234142545087206
27.060000000000002,-3.267346371059735,2.5873230458966097,29.348021000950858
27.07,-2.709864445255781,2.5892818956787544,28.499493963057045
27.080000000000002,-2.2065481872954202,2.566047150127899,27.687115347560074
27.09,-1.7541741625362226,2.526938409635206,26.90888259177877
27.1,-1.349029217019456,2.479450449093144,26.16256392691215
27.11,-0.9871177057736998,2.4295218542406634,25.445913535560614
27.12,-0.6643239244371568,2.3817912860599924,24.75680328631353
27.13,-0.3765357253855153,2.3398313629166636,24.093295169360854
27.14,-0.11973538543352752,2.306355869585305,23.45367355325126
27.150000000000002,0.10993656097428953,2.2833995075058966,22.83645172556416
27.16,0.31613938460995045,2.2724714020750474,22.240363220223333
27.17,0.5023076424634241,2.2746846127249882,21.664345266091402
27.18,0.6716402633668664,2.290864322604826,21.107519273074704
27.19,0.8271000482836655,2.3216374641843487,20.569171499018438
27.2,0.9714209567091243,2.3675064218417674,20.04873579061319
27.21,1.1071210422473996,2.4289092376816432,19.54577944656307
27.22,1.236519322352523,2.5062684877520316,19.059992708934185
27.23,1.3617552234961359,2.600030722934857,18.591182065216667
27.240000000000002,1.4848095394229786,2.7106980975455484,18.139267373831967
27.25,1.6075260829084026,2.8388535457565256,17.704282760348704
27.26,1.7316334065402497,2.9851806128413094,17.286381234518842
27.27,1.8587661209175477,3.1504788032742335,16.885843023709604
27.28,1.9904854539202805,3.3356750671929007,16.50308768831501
27.29,2.128298776113921,3.5418318053335947,16.13869016649384
27.3,2.273677867735113,3.7701515235868506,15.79340097955592
27.310000000000002,2.428075723914909,4.021978003745428,15.468170907427087
27.32,2.592941687680533,4.298793567452329,15.164180507611004
27.330000000000002,2.769734664648457,4.6022116851807935,14.882874890889989
27.34,2.9599341079502195,4.933963809698161,14.626004169129976
27.35,3.1650483645769993,5.295878881928972,14.395669936022971
27.36,3.38661984185191,5.6898534553109075,14.194378003820427
27.37,3.626226281361715,6.1178098044132,14.02509736127029
27.38,3.885477213475249,6.581638722927655,13.891324890166533
27.39,4.166004405338115,7.083122985210798,13.79715471424058
27.400000000000002,4.469444807919782,7.6238366747111845,13.74735007025993
27.41,4.797414156706554,8.205014834808429,13.74741418371997
27.42,5.151468997305706,8.827387285568689,13.803654680804552
27.43,5.533054515836937,9.490970159039902,13.923233448410588
27.44,5.943435198780588,10.19480902195879,14.11419045449069
27.45,6.3836051012851,10.936668795266613,14.385425807415048
27.46,6.854174480324505,11.712668618742457,14.746619335734508
27.47,7.3552299148788345,12.516865083799814,15.208061508936597
27.48,7.886166015871028,13.34079572974464,15.780364274023063
27.490000000000002,8.445488712219738,14.173007229603408,16.474016593651587
27.5,9.030593218826883,14.998609876511937,17.298749134304245
27.51,9.637524474745527,15.79892168827706,18.262678534914116
27.52,10.260734306263894,16.551290124995763,19.371217631088662
27.53,10.892857769202413,17.22920322697774,20.625767807103266
27.54,11.524540501423758,17.802817995019474,22.02225621040658
27.55,12.144358142946356,18.24003175965359,23.549643735173646
27.560000000000002,12.738875649544193,18.508189542399585,25.18860341901977
27.57,13.292895363722801,18.576445439847728,26.91063853604415
27.580000000000002,13.789934234653055,18.418674286890134,28.677950998427498
27.59,14.212949390605198,18.01667139146004,30.44435324171904
27.6,14.545296408735144,17.363214026900657,32.157413368960924
27.61,14.771859224216337,16.464440121731368,33.76182511945241
27.62,14.88024295000699,15.34098689820542,35.203726078298324
27.63,14.861883549731562,14.027468577551996,36.43541386675864
27.64,14.71291491828886,12.570156870574657,37.419721458485334
27.650000000000002,14.434653830976433,11.023100058000873,38.13329224977771
27.66,14.033616565971323,9.443267387732973,38.56817721113863
27.67,13.521056844368546,7.8855196673383325,38.73152035605578
27.68,12.912093945569323,6.398213063793319,38.64350037357461
27.69,12.224561974362583,5.02004707949372,38.33403001379292
27.7,11.477741980011817,3.7784470257296148,37.83888795765621
27.71,10.691134360167188,2.6894363140272652,37.195944905598544
27.72,9.88339653949169,1.758699053882236,36.44198703014643
27.73,9.07152330242958,0.9834058360774354,35.61041271339143
27.740000000000002,8.270298077477202,0.3543709221702954,34.729858827458045
27.75,7.49200308873585,-0.14181065913766272,33.82365062544015
27.76,6.746349552761659,-0.5208800439626877,32.90988142274029
27.77,6.040576254580895,-0.7994036507296611,32.00190598929168
27.78,5.3796631604285405,-0.9936614095681398,31.109053763884827
27.79,4.766612357458072,-1.1189017114077537,30.237412182477804
27.8,4.202757901708272,-1.1889003835300485,29.390579219258033
27.810000000000002,3.688076343172847,-1.2157521331743364,28.57032724084376
27.82,3.2214790586998774,-1.2098272487792503,27.777153021958306
27.830000000000002,2.801075222189528,-1.1798371754585724,27.010710813532878
27.84,2.4244000579053733,-1.1329652931780068,26.270138324578625
27.85,2.0886070978655327,-1.075031179804264,25.55429171996693
27.86,1.7906258036409284,-1.0106666302832275,24.861907506134113
27.87,1.5272874601220663,-0.9434894230086742,24.19170830014292
27.88,1.295423017878572,-0.8762664501047638,23.54246726669249
27.89,1.0919368077296638,-0.8110617330529797,22.913043319701924
27.900000000000002,0.9138599696631177,-0.749367437163305,22.30239652683826
27.91,0.758387166345965,-0.6922176418219071,21.70959078918458
27.92,0.6228997828643468,-0.6402856095727083,21.133788899413222
27.93,0.5049784096948351,-0.5939658434373859,20.574243522909928
27.94,0.40240700260291745,-0.5534424830281475,20.030286460945376
27.95,0.31317073274860224,-0.5187456717952285,19.50131768573376
27.96,0.23544919400291914,-0.48979750059890304,18.98679502183082
27.97,0.16760632708264245,-0.4664490425541577,18.486224928637288
27.98,0.10817815237105868,-0.4485098701359393,17.99915456470457
27.990000000000002,0.05585917367712791,-0.4357713064410216,17.525165145291954
28.0,0.009488120898823345,-0.42802451991870427,17.063866508346702
28.01,-0.03196646280708051,-0.4250744329996503,16.614892756770843
28.02,-0.06942041780511193,-0.42675028420854844,16.177898829000377
28.03,-0.10368768651189952,-0.4329135630269498,15.752557853196626
28.04,-0.13549337953112636,-0.44346392823885006,15.338559154309106
28.05,-0.16548608518134678,-0.4583436241829678,14.935606802396155
28.060000000000002,-0.1942493729086392,-0.47754082513455787,14.5434186114565
28.07,-0.2223124831276132,-0.5010922654520593,14.161725518663564
28.080000000000002,-0.25016022770896607,-0.5290854514084106,13.790271293324478
28.09,-0.27824214860934016,-0.5616606988886848,13.428812542775564
28.1,-0.3069809987213471,-0.5990131983963374,13.077118998854356
28.11,-0.3367806203529826,-0.6413952740582335,12.734974083886023
28.12,-0.3680333040370627,-0.6891189755439111,12.402175769770993
28.13,-0.40112671462324356,-0.7425591200304589,12.0785377583346
28.14,-0.4364504736305355,-0.8021568845963489,11.763891026234646
28.150000000000002,-0.4744024872831959,-0.8684240367910617,11.458085794109664
28.16,-0.5153951090151908,-0.9419478816948912,11.160993998039572
28.17,-0.5598612238719236,-1.0233969966402106,10.872512362608571
28.18,-0.6082603404030613,-1.113527818953139,10.592566199833072
28.19,-0.6610847734492515,-1.2131921465394966,10.321114087998236
28.2,-0.7188659986813349,-1.323345604663921,10.058153620244706
28.21,-0.7821812567287126,-1.4450571233834832,9.803728455959748
28.22,-0.851660480963824,-1.579519456948116,9.557936960266279
28.23,-0.9279936180474878,-1.7280607566844062,9.320942780016374
28.240000000000002,-1.0119384035215213,-1.8921571793044276,9.09298778076722
28.25,-1.1043286451149665,-2.0734464690703986,8.874407860543153
28.26,-1.2060830526933606,-2.273742389254199,8.665652265196869
28.27,-1.3182146341234384,-2.495049788452292,8.46730715927847
28.28,-1.4418406482979027,-2.7395799606753095,8.280124357583198
28.29,-1.578193066859216,-3.0097657816077787,8.105056297232041
28.3,-1.7286294403417646,-3.3082758597033366,7.943298527846066
28.310000000000002,-1.894643986606368,-3.6380266071596146,7.7963412147412035
28.32,-2.077878611749485,-4.002190682933978,7.666031378723619
28.330000000000002,-2.2801334258801833,-4.40419965036275,7.554647819523169
28.34,-2.503376114988111,-4.847737878857816,7.46499085893586
28.35,-2.7497492586250085,-5.336723645865375,7.400489145611617
28.36,-3.0215743201017635,-5.875271996006068,7.365325708185377
28.37,-3.321350555630319,-6.467632118098312,7.364585106538186
28.38,-3.6517464613734862,-7.1180897408137636,7.404422731193576
28.39,-4.015580570174994,-7.830822280407454,7.492255773531527
28.400000000000002,-4.4157873916815635,-8.609691213603755,7.636972759843024
28.41,-4.855363038894983,-9.457952526976033,7.8491542988879495
28.42,-5.3372836031381095,-10.3778624560459,8.141291171173293
28.43,-5.864387678828012,-11.370152777156145,8.527976284888641
28.44,-6.439212737843814,-12.433348923245388,9.026033475944107
28.45,-7.063773594809048,-13.562907261960577,9.654527926348605
28.46,-7.739270498179622,-14.750158217067863,10.434579986105549
28.47,-8.465715256763566,-15.981064053898931,11.388877629068917
28.48,-9.241467507402518,-17.234839767331,12.540756437831375
28.490000000000002,-10.062681433171061,-18.482548518970063,13.91269790460589
28.5,-10.922677964383173,-19.685873249534815,15.52410097122529
28.51,-11.811280640843245,-20.79638056482014,17.388229096523844
28.52,-12.7141857355404,-21.75571524825338,19.508351859393898
28.53,-13.612477142994727,-22.497255491377988,21.873309838422703
28.54,-14.482437364289325,-22.94975516401509,24.45303905907603
28.55,-15.29583447416476,-23.0433155541767,27.194957596212067
28.560000000000002,-16.020861390873787,-22.71759089425606,30.02243395280609
28.57,-16.62384585817746,-21.931434262574133,32.83664409459985
28.580000000000002,-17.071722887406025,-20.672366282229504,35.52277646555237
28.59,-17.335073982641134,-18.96360217027871,37.96064753839391
28.6,-17.391331246510624,-16.86630390787724,40.038467039109776
28.61,-17.227592276876216,-14.475525421595169,41.66717370417395
28.62,-16.842471463592286,-11.909920026561316,42.792067570488726
28.63,-16.246565851235143,-9.297146050561263,43.398870044517324
28.64,-15.46140986500831,-6.758242770777299,43.512836594095795
28.650000000000002,-14.517135913124365,-4.3944428529392,43.191546820909196
28.66,-13.44932663395965,-2.2788891354162786,42.51365421675363
28.67,-12.295654903710645,-0.4540584776823102,41.56656694814132
28.68,-11.092847658642581,1.0658853574351979,40.43566128615051
28.69,-9.874332659838304,2.2895360450552804,39.19658863284552
28.7,-8.668714581085458,3.2413940719753054,37.911077577533135
28.71,-7.499046515762059,3.9552497185323183,36.6257658444152
28.72,-6.3827496589323065,4.468717671475693,35.373171840093114
28.73,-5.331989269318569,4.819268290393162,34.17386823386722
28.740000000000002,-4.354321354808069,5.041700098059918,33.0390958368899
28.75,-3.4534589500083577,5.166789050433431,31.97330784539109
28.76,-2.630050311281369,5.220788546556179,30.976367315321276
28.77,-1.8824018536245695,5.22548004849786,30.04529337153565
28.78,-1.2071106828152058,5.19853783387525,29.175559317523884
28.79,-0.5995940255015993,5.154041072168877,28.36200113156733
28.8,-0.05451693788666312,5.103026328082818,27.599414833007266
28.810000000000002,0.4338725829630506,5.0540186200123465,26.88292073480926
28.82,0.8714885302035613,5.013509864788911,26.208162276120927
28.830000000000002,1.2642185430809505,4.986372783638526,25.571393523303808
28.84,1.6177896899335464,4.976209387320877,24.969496091643258
28.85,1.937677202410138,4.985638804069241,24.3999547693613
28.86,2.2290466352420206,5.016531561735369,23.86081199277744
28.87,2.496721543258113,5.070197919768242,23.350614428324736
28.88,2.745170225151509,5.147537377879984,22.868359926537767
28.89,2.9785063347904908,5.249155606110689,22.413449627832243
28.900000000000002,3.200499201794566,5.375454041898005,21.985647647794913
28.91,3.414590550575304,5.526696430845533,21.585049236811077
28.92,3.623914985832887,5.703055710782093,21.212057345527363
28.93,3.831322148440473,5.904643869984086,20.867366942730325
28.94,4.039398862548949,6.131526745984186,20.55195608295273
28.95,4.250489913347659,6.383725160335046,20.267082502540802
28.96,4.466716332953448,6.661203297007172,20.01428435849595
28.97,4.689990244674993,6.963844822681759,19.795383558472874
28.98,4.922025437111599,7.291416918220903,19.61248992245019
28.990000000000002,5.164342922214672,7.643522153084677,19.46800413795478
29.0,5.418270788879813,8.019538009672294,19.364617102348408
29.01,5.6849377104646495,8.418543885251546,19.30530277875999
29.02,5.9652595177830765,8.839235610527124,19.293301130535596
29.03,6.259918328854461,9.279827983743218,19.332087063669647
29.04,6.569333857346586,9.737946596048387,19.4253206431238
29.05,6.8936267321419455,10.210511391927083,19.576773236598477
29.060000000000002,7.232573983883671,10.693616037591454,19.790223802150212
29.07,7.5855573264197504,11.182409307980738,20.069319452960006
29.080000000000002,7.951505516471361,11.670987347752696,20.417394943940916
29.09,8.328832940966018,12.152308724319592,20.837247129649302
29.1,8.715377668455064,12.618147447501013,21.330863078197147
29.11,9.108343488115134,13.059102170195265,21.89910471905761
29.12,9.504251878341638,13.46468196846005,22.54135888712887
29.13,9.898911262227553,13.823489549357761,23.255169413780514
29.14,10.287412104099536,14.123520386538168,24.03587713821557
29.150000000000002,10.664157080420928,14.35259003812011,24.876303448713347
29.16,11.022935353397585,14.498890903036942,25.766521622144886
29.17,11.357048501053091,14.551663704982175,26.69376556542094
29.18,11.659492593554448,14.501948937269237,27.642524920761815
29.19,11.923196115452992,14.343361704992637,28.594866367833955
29.2,12.141307093039924,14.072813759088215,29.531001809457685
29.21,12.30751548502341,13.691094045180705,30.430095368536392
29.22,12.416389657845247,13.203218865125285,31.271265834620472
29.23,12.463699945042567,12.618478343413534,32.034705241671695
29.240000000000002,12.44669930459247,11.950137726985853,32.70280539623149
29.25,12.36433206615274,11.214796341406227,33.26117018240935
29.26,12.217347158921905,10.431455967531447,33.69939769848817
29.27,12.00830156902169,9.620393836828914,34.01154354309124
29.28,11.741451707522973,8.801963686182745,34.196220297976275
29.29,11.422542846798333,7.995455112188087,34.256339463252544
29.3,11.058517623450927,7.218125939577703,34.19854993817398
29.310000000000002,10.657172026521962,6.484489083121339,34.032462084005466
29.32,10.226790317467549,5.8058928527275615,33.769762859871044
29.330000000000002,9.775788958143263,5.190391298054052,33.423324907583215
29.34,9.31239469057596,4.642866857055626,33.006394584321306
29.35,8.844374768027949,4.165345786968102,32.53191716672465
29.36,8.37882945326492,3.757438464467064,32.012028532500175
29.37,7.922049540174115,3.4168395773622056,31.4577169963398
29.38,7.47943567713062,3.1398338323589203,30.878639874337114
29.39,7.055472080037683,2.921767126944918,30.28306779483587
29.400000000000002,6.653744836803294,2.757457877674191,29.6779250947225
29.41,6.276994175065126,2.641536141674795,29.068895217718797
29.42,5.927190409807604,2.5687081957260225,28.460563962521846
29.43,5.605624400386521,2.5339511076399392,27.856578992241424
29.44,5.313004866265269,2.5326458718040867,27.25980990608515
29.45,5.0495565568064835,2.5606594822418813,26.672498550155435
29.46,4.8151148499198895,2.6143865400100594,26.096393674890315
29.47,4.609213752749358,2.6907602265546147,25.53286740168067
29.48,4.431165441545863,2.7872411845774314,24.983013300771976
29.490000000000002,4.2801303966949105,2.901791361530518,24.44772736596449
29.5,4.155177878173502,3.032838397741755,23.927773991948737
29.51,4.055336975922074,3.1792347990424825,23.423839404061
29.52,3.9796387932176214,3.3402149756432995,22.936575017431046
29.53,3.9271505132117492,3.5153522665268873,22.466633038015136
29.54,3.8970021900305447,3.704517289559358,22.014696352933854
29.55,3.8884071221685956,3.90783833782,21.581504453409483
29.560000000000002,3.900676628288643,4.125664054106984,21.167876828334478
29.57,3.933229970213226,4.358528230265397,20.77473498019936
29.580000000000002,3.985600067025945,4.607116270571152,20.403123955036452
29.59,4.057435526551325,4.872232607197556,20.054234042537907
29.6,4.148499392112058,5.154768143124205,19.729423083816084
29.61,4.258664867372126,5.455666610227817,19.430239610399827
29.62,4.387908142809552,5.775888558594166,19.158446813942984
29.63,4.536298305585118,6.116371532976967,18.916047094296072
29.64,4.703984171637663,6.4779848450721245,18.705306634590567
29.650000000000002,4.89117773640952,6.861477224033282,18.528779084753918
29.66,5.098133801377577,7.267415539318313,18.389326977510887
29.67,5.325125202096154,7.696112767561445,18.290138932133058
29.68,5.572412947195497,8.14754346078354,18.234740002920088
29.69,5.840210488272536,8.621245226088947,18.22699169128098
29.7,6.128641294884215,9.116205226099206,18.27107716665231
29.71,6.437688930856569,9.630731554867875,18.371466161567213
29.72,6.767138950009652,10.162310655086378,18.532852888150856
29.73,7.116512192238367,10.707453849284411,18.760059292171423
29.740000000000002,7.484989514112129,11.261538684166602,19.057895218872186
29.75,7.871328686730698,11.818654218662969,19.430966911670765
29.76,8.27377519156826,12.37146361964322,19.88342610955796
29.77,8.689969984001442,12.91110230170647,20.418654364171946
29.78,9.116858984940095,13.42713494682723,21.038881637741984
29.79,9.55061105805458,13.907599309481597,21.744745308890206
29.8,9.98655340068729,14.339167581022506,22.534805740674088
29.810000000000002,10.419135368368702,14.707455666513615,23.405047434589292
29.82,10.841933371485423,14.997505156527618,24.348409619900757
29.830000000000002,11.247710093929667,15.194450269827557,25.354404959428695
29.84,11.628540261199344,15.28436148913312,26.408896723009047
29.85,11.976011921632905,15.255229375974533,27.494109083105567
29.86,12.281506289247385,15.098018788326959,28.588937581738016
29.87,12.536550644576417,14.807690861592029,29.669603725543816
29.88,12.73322825599696,14.384065529301061,30.710658198052368
29.89,12.864618175043491,13.832389920180704,31.68628476929163
29.900000000000002,12.925228136983163,13.163494914689409,32.571800113766436
29.91,12.911378011305075,12.393465974835586,33.34519595687069
29.92,12.82149132519234,11.542820427478482,33.98854284298145
29.93,12.656259351390753,10.635259589101217,34.489079595817195
29.94,12.418655620190302,9.696133518349754,34.83985193620133
29.95,12.113796388944213,8.750801951919547,35.039830904725704
29.96,11.74866132190428,7.823085997042765,35.09352175353486
29.97,11.331704830963877,6.933979764533319,35.01014833179456
29.98,10.87239930398264,6.100737441810249,34.80255058715811
29.990000000000002,10.380755301980235,5.336383988572,34.48595469133087
30.0,9.866860887405892,4.649632744036648,34.07676647498975
30.01,9.340474079065247,4.04514336911698,33.59150679758452
30.02,8.810691306087174,3.5240250924645187,33.04596350692011
30.03,8.28570301685878,3.0844831706895435,32.45458998081791
30.04,7.772637184400933,2.722516182000238,31.830143153626132
30.05,7.277483492221364,2.432591565441796,31.183528597721992
30.060000000000002,6.805085888421951,2.2082502142837543,30.523807129086958
30.07,6.3591887793733095,2.0426130378016643,29.85831451387157
30.080000000000002,5.942521865732948,1.928780363228927,29.192850022678734
30.09,5.556909840980339,1.8601278165294413,28.531897628127293
30.1,5.203395243978306,1.8305101257047585,27.87885298910391
30.11,4.882365169799952,1.8343880502563847,27.236238264759297
30.12,4.593674934486504,1.8668944955975113,26.60589429244234
30.13,4.336763938141446,1.9238548914013018,25.989145392039212
30.14,4.110760768653502,2.0017749548051698,25.386936064672277
30.150000000000002,3.914576007007455,2.097806631308925,24.799941387696688
30.16,3.74698225566556,2.2097006929450993,24.22865430024421
30.17,3.6066816607679706,2.3357523863776195,23.67345355031807
30.18,3.492361693245896,2.4747447542672627,23.134656115687665
30.19,3.4027402490799754,2.6258928176584413,22.612557635316634
30.2,3.3366012745847486,2.7887906798747846,22.10746395397161
30.21,3.292822160264698,2.963362749061254,21.61971639620618
30.22,3.270394109464646,3.149819627435574,21.149712912521693
30.23,3.2684366009255195,3.3486187330781436,20.69792681574208
30.240000000000002,3.2862069459966223,3.5604293628530868,20.26492446447855
30.25,3.323105804758097,3.786101637541512,19.851382954561352
30.26,3.378679379488361,4.026638563514559,19.458108641785746
30.27,3.452618854265296,4.283170275827201,19.086057128748163
30.28,3.544757498987355,4.556929376655669,18.73635519067541
30.29,3.6550657058320546,4.849226135613279,18.410324973993028
30.3,3.7836440758708267,5.161422163201009,18.109510659510065
30.310000000000002,3.930714522065122,5.494900997423655,17.835707620398754
30.32,4.096609200537056,5.851033852203682,17.590993902243156
30.330000000000002,4.281756923174781,6.231138565276133,17.377763583982013
30.34,4.486666540153846,6.636429559974048,17.19876121664534
30.35,4.711906610905834,7.067956416192433,17.05711604958461
30.36,4.95808050867345,7.526528460297187,16.95637410626531
30.37,5.2257959326968,8.01262267913351,16.900525327001485
30.38,5.515627643988016,8.526272310780174,16.894021920329106
30.39,5.828072113463638,9.066933766126397,16.941782734425963
30.400000000000002,6.163492702547919,9.633330229670772,17.049176874430948
30.41,6.522054026441848,10.223271555376545,17.22197799232928
30.42,6.90364433456491,10.833452133659698,17.46627877473688
30.43,7.307785153770677,11.459231504355303,17.788353368011155
30.44,7.733528166863096,12.094406866259844,18.194454176165518
30.45,8.1793404421994,12.730992454369314,18.690529203130975
30.46,8.642980789220108,13.35902801431672,19.28184766402274
30.47,9.121372264567011,13.966446967402971,19.972525942580386
30.48,9.610478706878434,14.53904348054607,20.76495421819339
30.490000000000002,10.105196533145081,15.060584970877281,21.659137211840868
30.5,10.599276603996257,15.513120175840813,22.651980993845388
30.51,11.085294235559159,15.87752960883266,23.73658108187488
30.52,11.554687599790185,16.134351420866256,24.901592828439963
30.53,11.997884763976769,16.264888359611422,26.130788754031038
30.54,12.404536317614278,16.252559610101418,27.40292204105687
30.55,12.763862943668723,16.084407530152184,28.692012332610748
30.560000000000002,13.065115030200419,15.75261159724496,29.968141320630505
30.57,13.298125166249836,15.25581360621108,31.198787305470194
30.580000000000002,13.45391619376967,14.600035937303694,32.35064349488012
30.59,13.525310827602514,13.798993710057617,33.39176775414511
30.6,13.50747792319672,12.873669054870945,34.293824259150874
30.61,13.39834914124855,11.851125189805426,35.034126020193135
30.62,13.198850185163407,10.76266798957414,35.59719212301015
30.63,12.91291231215645,9.641581421874406,35.97560092591682
30.64,12.547258716492037,8.520738652621652,36.17003746895138
30.650000000000002,12.110990721337705,7.430402441897909,36.18857099770066
30.66,11.615024089310445,6.396475564312165,36.04532156300449
30.67,11.071441227399369,5.439362355644908,35.75875413825533
30.68,10.492828487156876,4.573485462600565,35.349861107069884
30.69,9.891660108548903,3.807397068650264,34.84046361732495
30.7,9.279774931271444,3.1443518266047255,34.251796646416345
30.71,8.667973117721164,2.58317679937256,33.60346405543624
30.72,8.065741805498002,2.1192774674318358,32.912777928589435
30.73,7.481103658975207,1.7456468921002344,32.19444319096603
30.740000000000002,6.9205720716390395,1.4537843774013846,31.460517816675154
30.75,6.3891913517781935,1.2344696443905334,30.720568604361915
30.76,5.890638823638543,1.0783717931868608,29.981946936629203
30.77,5.42736723414507,0.9764962828511734,29.25012188796172
30.78,5.000768996341422,0.9204878112547863,28.529024199169147
30.79,4.6113476500002575,0.9028139596163638,27.82137033752208
30.8,4.258885785432323,0.9168559850700986,27.128949088327865
30.810000000000002,3.9426021408232392,0.9569312973096906,26.452863125587484
30.82,3.66129344873718,1.0182686052445034,25.793724855766467
30.830000000000002,3.413458828280648,1.0969526170512984,25.151810014111295
30.84,3.1974061414444943,1.1898512184904386,24.527174657434205
30.85,3.011340845432626,1.2945345945770383,23.919741959538634
30.86,2.8534385807869427,1.4091929261795377,23.32936509246731
30.87,2.721903136475381,1.532557079960327,22.755871860005314
30.88,2.6150116128664793,1.6638250446847604,22.199095912595542
30.89,2.531148630279671,1.8025956524096545,21.658898490955284
30.900000000000002,2.468831357281909,1.9488102621283434,21.13518382200909
30.91,2.426726998009509,2.102702489881351,20.627910576955394
30.92,2.403664209247072,2.2647556719347994,20.137101215741414
30.93,2.3986397348269772,2.435667490055961,19.662850583264873
30.94,2.410821359628316,2.6163210267441435,19.205334777774183
30.95,2.439548105755591,2.8077614204084322,18.764821063942517
30.96,2.484328423583164,3.0111772306789355,18.34167943355001
30.970000000000002,2.544836971967988,3.227885582776729,17.93639630804434
30.98,2.620910434953617,3.4593201216471816,17.549590813509802
30.990000000000002,2.7125426852806713,3.7070207585838264,17.18203402547674
31.0,2.81987947555948,3.972624124275468,16.834671565486275
31.01,2.943212712860347,4.257853542608144,16.508649920762544
31.02,3.0829742479344753,4.564507199842165,16.20534683950429
31.03,3.2397289819977404,4.894442995266623,15.926406112098956
31.04,3.4141669573151323,5.249558314326039,15.673776964570607
31.05,3.607093947819859,5.631762657473926,15.449758141388102
31.060000000000002,3.8194198978269545,6.04294068490711,15.257046510120238
31.07,4.052144366160144,6.4849028020896915,15.098789641281593
31.080000000000002,4.3063379164774105,6.959319926864083,14.978641253443946
31.09,4.583118151325124,7.467638575430344,14.900817604935803
31.1,4.883618820558383,8.010971935915434,14.870151786434919
31.11,5.208950153871339,8.589962255743593,14.892141342473595
31.12,5.560148292049682,9.204609795528489,14.972982643416259
31.13,5.938111456902533,9.854064010437698,15.119582878686714
31.14,6.343520361428328,10.536373810664122,15.339537428912498
31.150000000000002,6.776740403555359,11.248196128114293,15.641056774655658
31.16,7.23770352798168,11.984466079608028,16.032823251618847
31.17,7.725768440696922,12.738038339122406,16.52375436477606
31.18,8.239559318432478,13.499318464783007,17.122646898931848
31.19,8.77678549530344,14.255915227502618,17.837676070451813
31.2,9.33404804781042,14.992360324977803,18.675728365750853
31.21,9.906643879936636,15.689959186076791,19.64155789911963
31.220000000000002,10.488383795733435,16.326853377576175,20.736776637487598
31.23,11.071447775697623,16.878386974022046,21.958720633658793
31.240000000000002,11.646307391176933,17.31786956880682,23.29927759031167
31.25,12.201750515041455,17.617809256257516,24.7438122148304
31.26,12.725045093575515,17.751642040813103,26.270376235360317
31.27,13.202274210012806,17.695905552914915,27.849424871485837
31.28,13.618861676374971,17.432698786560586,29.444261576985134
31.29,13.960284813514933,16.95215248500477,31.012378859689942
31.3,14.212940161816316,16.2545370979861,32.50774460505708
31.310000000000002,14.365093095646749,15.351595665513864,33.88390893379852
31.32,14.407811357987852,14.266741940074944,35.09760942704707
31.330000000000002,14.335764680454332,13.033922220065417,36.11238713266943
31.34,14.147775869227434,11.69517983645928,36.90165182988478
31.35,13.847036227225505,10.29722496425025,37.4506925726303
31.36,13.440946131785326,8.887521862472603,37.75731702358071
31.37,12.94059948393738,7.510495071439485,37.83107202794583
31.38,12.35998459508789,6.204399810447961,37.691269545173306
31.39,11.715011222597349,4.999224558932067,37.36423924691316
31.400000000000002,11.022486803364558,3.915757853106083,36.880306144534316
31.41,10.2991546591164,2.965728430886403,36.27094767592831
31.42,9.560879361135147,2.1527716437474336,35.56645596346743
31.43,8.82202883008891,1.473906739489537,34.79426968785435
31.44,8.095067988576641,0.9212199727914179,33.977992843390176
31.45,7.390351054044296,0.4835103686914135,33.13701269922965
31.46,6.71608158925144,0.1477376789022411,32.28657429827236
31.470000000000002,6.078401030630626,-0.099808503206501,31.438156616066614
31.48,5.481565619965728,-0.27263712013551133,30.600011994286863
31.490000000000002,4.9281758546893135,-0.3834591421433712,29.777761208513514
31.5,4.419429298798402,-0.44382217216679865,28.974970375499264
31.51,3.9553749944432575,-0.463925091057589,28.193666036410217
31.52,3.535154594740093,-0.4525638375114982,27.43476812601726
31.53,3.157221095784857,-0.4171663783086847,26.698436690819445
31.54,2.8195304926887825,-0.3638835518040292,25.98433809848734
31.55,2.519704886889232,-0.29771087578321803,25.291841572269348
31.560000000000002,2.2551677207688288,-0.2226236639590385,24.62015868363568
31.57,2.0232531398399365,-0.14171358092390585,23.968438198587798
31.580000000000002,1.8212922005445293,-0.0573191241137338,23.33582733345425
31.59,1.6466789374179855,0.028854341468800365,22.7215086710084
31.6,1.4969193211921732,0.11562720036886129,22.124720112711955
31.61,1.3696659859745763,0.20225161668965397,21.54476351758154
31.62,1.2627413541827073,0.2883308179539327,20.981006204378716
31.63,1.1741514934019346,0.37375091922924875,20.432878299974835
31.64,1.1020927328926624,0.4586242680261984,19.899867989733224
31.650000000000002,1.044952769623032,0.5432431496856208,19.38151603208915
31.66,1.0013077163550739,0.6280426591262391,18.877410398489143
31.67,0.9699162936454184,0.7135715781499052,18.387181551149894
31.68,0.9497121461036423,0.8004701711044812,17.910498638663725
31.69,0.9397950710097837,0.889453907523885,17.44706674313135
31.7,0.9394217831320741,0.9813022263115222,16.996625228171716
31.71,0.9479967011905702,1.0768515640272154,16.55894719640648
31.720000000000002,0.9650631263371794,1.1769919744842268,16.133840054242047
31.73,0.9902950885439648,1.2826667645600636,15.721147191326946
31.740000000000002,1.023490060163588,1.3948746594511943,15.320750805411608
31.75,1.0645626744722456,1.5146740878818301,14.932575936326424
31.76,1.1135395381681183,1.643189242752209,14.556595813040346
31.77,1.1705551881517913,1.7816176242743815,14.19283866417388
31.78,1.23584921215695,1.9312388095991464,13.841396194734763
31.79,1.3097645277196146,2.0934242137778813,13.502433990652467
31.8,1.3927467924040222,2.2696476095681293,13.176204178707636
31.810000000000002,1.485344897948156,2.461496155212575,12.863060743628425
31.82,1.588212479741868,2.670681635923449,12.56347798731067
31.830000000000002,1.7021103482701838,2.899051550967933,12.278072707784624
31.84,1.8279097179479717,3.14859956671068,12.007630777390949
31.85,1.96659606772092,3.4214746971652996,11.753138908986967
31.86,2.1192734127771087,3.719988355179283,11.515822512044371
31.87,2.2871686926302246,4.0466181236641905,11.29719064999048
31.88,2.471635881440778,4.404006707883678,11.099089203714515
31.89,2.6741592940350034,4.794954023374975,10.923763403811876
31.900000000000002,2.896355386290026,5.222399722590162,10.773930884795808
31.91,3.139972120194429,5.689392637366622,10.65286629130398
31.92,3.406884669037059,6.199042584958919,10.564498160409801
31.93,3.6990858626186816,6.754448730005935,10.51351821680784
31.94,4.018669301821619,7.358597207635174,10.505502210994608
31.95,4.367802494300353,8.014219022363024,10.547039817603059
31.96,4.748686673046902,8.723597434240602,10.645868647256938
31.970000000000002,5.16349916552517,9.488312323331742,10.811003806361034
31.98,5.614313316616686,10.30890774766827,11.052849313131269
31.990000000000002,6.102990109924945,11.184468688336835,11.383270686024415
32.0,6.631034922039812,12.112094767137329,11.81559888850885
32.01,7.199412524892651,13.086263937266578,12.364524526522251
32.02,7.808313899982969,14.098089710531108,13.045828289457427
32.03,8.456870193350479,15.134493778732912,13.875880639530372
32.04,9.14281295552242,16.177344435919576,14.870833825199838
32.05,9.862086558080595,17.202651893023162,16.04542782172753
32.06,10.608429246955644,18.179964148731816,17.41134690568294
32.07,11.3729542685769,19.0721668289249,18.975105791782674
32.08,12.143781635405256,19.835945189474348,20.735524630220745
32.09,12.90579252598604,20.423194116274722,22.680977591951862
32.1,13.640597745615354,20.78363021217719,24.7867652009821
32.11,14.326821871601405,20.868732574650863,27.01313906015571
32.12,14.940796038936288,20.636890318449396,29.304642841436095
32.13,15.457715152534782,20.059275113092607,31.59144307102691
32.14,15.853244603391218,19.125555704563755,33.793122806294036
32.15,16.105462707824387,17.84826510413287,35.82496054998607
32.160000000000004,16.19691805815404,16.264590600568937,37.60607360984512
32.17,16.116498701910533,14.434708532778043,39.068150612572346
32.18,15.86078832000755,12.436517471234316,40.16309277818936
32.19,15.434645517739929,10.357536349076579,40.86795114766188
32.2,14.850879954163766,8.285499894379182,41.18613731048329
32.21,14.129076420381185,6.299498560971005,41.14481458701788
32.22,13.293780891627044,4.463257025657052,40.78930178817
32.230000000000004,12.372362886771503,2.8214547331988067,40.17591286153526
32.24,11.392884123847994,1.39915980975701,39.36475625181517
32.25,10.382244103312665,0.20377302459604052,38.41369098282885
32.26,9.364770497776027,-0.771469009890563,37.374090169678425
32.27,8.361312744110041,-1.5433975977824872,36.28852254845432
32.28,7.388808617804121,-2.134979912807246,35.19007701249862
32.29,6.4602384539026865,-2.572013351190389,34.10286836097277
32.3,5.584859489105034,-2.880635001429912,33.043241646990104
32.31,4.768615293760398,-3.0856377443996004,32.021272512407805
32.32,4.014632087093476,-3.2094730779446667,31.04227966134329
32.33,3.323736021091145,-3.271778724836558,30.10818089676699
32.34,2.694947331467667,-3.289271805005551,29.218615124469913
32.35,2.1259254870373883,-3.2758736965649358,28.37181434083755
32.36,1.613353115728003,-3.242965159544147,27.565245430783886
32.37,1.153255782112078,-3.1997009916077173,26.796058357539554
32.38,0.7412604382682232,-3.1533385387984634,26.061381771760733
32.39,0.37279849986469715,-3.1095529573970766,25.35850457375411
32.4,0.04326085259973267,-3.0727249070809157,24.684976245866388
32.410000000000004,-0.25188766784106575,-3.0461945964045145,24.038652125974263
32.42,-0.5170271802886235,-3.032481069942762,23.417703471501323
32.43,-0.7563286266398045,-3.033468388124092,22.820606740997174
32.44,-0.9737210264515246,-3.050561707121656,22.246122168716102
32.45,-1.1728753863183488,-3.084816775515617,21.69326838413189
32.46,-1.357201321847597,-3.137046393070375,21.161297393284126
32.47,-1.5298531531220885,-3.2079071525784384,20.649672523049567
32.480000000000004,-1.6937428428077712,-3.297969442428759,20.158050769157242
32.49,-1.8515576611941305,-3.4077732996395116,19.686270241520727
32.5,-2.005780891116057,-3.537872308349904,19.234342949802375
32.51,-2.158714236401703,-3.688867353720221,18.80245292687829
32.52,-2.3125008788578354,-3.8614316704819296,18.3909595787815
32.53,-2.469148348755718,-4.056328267246735,18.000406125178888
32.54,-2.6305505391293234,-4.274420457011187,17.631533016287932
32.55,-2.7985083105290567,-4.5166758742519955,17.285296251608944
32.56,-2.9747482045469176,-4.784164001951706,16.962890560129974
32.57,-3.160938814645649,-5.078046859991509,16.665777410831584
32.58,-3.3587043537545056,-5.399562112250884,16.395717786620796
32.59,-3.569634911063249,-5.749997427589853,16.154809552220637
32.6,-3.79529280622556,-6.1306544768160505,15.945529050474924
32.61,-4.037214328440929,-6.54280046635971,15.770776238909688
32.62,-4.296905991876449,-6.987604611372022,15.633922187989008
32.63,-4.575834250508011,-7.466056462318901,15.538857054068378
32.64,-4.875407400771832,-7.978862567457043,15.490035654905846
32.65,-5.1969481708675636,-8.526317657717328,15.492516449800615
32.660000000000004,-5.54165527099823,-9.108146502709157,15.551987998325927
32.67,-5.910551991521819,-9.723312986236097,15.674774796263083
32.68,-6.304419835511716,-10.36979403712133,15.867811761194345
32.69,-6.723715231086965,-11.044318156324493,16.138573639947918
32.7,-7.168467687893924,-11.742071810580352,16.494942448941963
32.71,-7.638158473846449,-12.45638236958394,16.944993161184534
32.72,-8.131580155307107,-13.17839397540659,17.496675944877367
32.730000000000004,-8.64667934751034,-13.896763009328664,18.157373447297683
32.74,-9.18038793380659,-14.597412523318765,18.933315440825652
32.75,-9.728451941886199,-15.263399260465809,19.828842507997493
32.76,-10.285272177253312,-15.874960695292241,20.845527344792345
32.77,-10.843776315388784,-16.409819364897086,21.981188244840123
32.78,-11.395347763566372,-16.843822467726437,23.228864512267847
32.79,-11.929841047186496,-17.15197987673829,24.575865355491956
32.8,-12.435715072673435,-17.3099270630606,26.003045638187032
32.81,-12.900312353510765,-17.295777310042716,27.48449239736975
32.82,-13.310302253397278,-17.092242475931542,28.987810172413432
32.83,-13.652288448036765,-16.688805350248103,30.47515547521734
32.84,-13.913555838890467,-16.083641959487437,31.90508160646173
32.85,-14.082903268568604,-15.284949132216381,33.23511836368336
32.86,-14.151481373948744,-14.31135996011826,34.4248497744207
32.87,-14.113537149921253,-13.191241868842894,35.439107400854795
32.88,-13.966965137730847,-11.960857193130801,36.250814846316494
32.89,-13.713583254248581,-10.66158364577446,36.843037851325214
32.9,-13.359087523315786,-9.336582226041013,37.20992184233545
32.910000000000004,-12.91268715507773,-8.027405975448413,37.35640606104168
32.92,-12.386468705485104,-6.771033500764952,37.29683289235184
32.93,-11.794574507045954,-5.597693899211592,37.0527585172779
32.94,-11.152298771452969,-4.529666220800938,36.65037041221303
32.95,-10.475202879436754,-3.5810436832981862,36.117915517632866
32.96,-9.77833293555715,-2.7583000480889877,35.48345959270387
32.97,-9.075594579416384,-2.0614099046718346,34.77317190662577
32.980000000000004,-8.37930987462612,-1.4852576442092291,34.010200249435464
32.99,-7.699954865365539,-1.0211047725460487,33.21409827337063
33.0,-7.046057502997391,-0.6579477496121442,32.400703309750476
33.01,-6.4242249276715855,-0.38366670489477045,31.582337060137586
33.02,-5.839265517454551,-0.18592431017153785,30.76820471458087
33.03,-5.294372741312235,-0.052816913728521125,29.964888373764552
33.04,-4.7913425723271725,0.026693944346558474,29.17685780815325
33.05,-4.330802259497137,0.06252945124725925,28.40694836801744
33.06,-3.9124343638555708,0.06337843459656053,27.656778307145238
33.07,-3.535185394140246,0.036680424876985765,26.927094478383392
33.08,-3.197452793673032,-0.011325615747464365,26.218046478296184
33.09,-2.897247374238185,-0.07551231720477852,25.52939583061551
33.1,-2.6323306631520067,-0.15175351538783885,24.860669908896316
33.11,-2.400328195474924,-0.2368057404901631,24.211271133115776
33.12,-2.1988207281606957,-0.3281904818151913,23.580551440372616
33.13,-2.0254158448125543,-0.42408284195755597,22.96786078750321
33.14,-1.8778025977909698,-0.5232098237970813,22.37257693490105
33.15,-1.7537918065921847,-0.6247598480619635,21.79412225544283
33.160000000000004,-1.6513444772363879,-0.728303996981004,21.23197195599487
33.17,-1.5685905831106552,-0.8337287711753144,20.685656955188623
33.18,-1.5038401915777522,-0.9411797161175728,20.154763743199556
33.19,-1.4555886577262906,-1.051015034608282,19.638932842176036
33.2,-1.4225173525245567,-1.1637681902123795,19.13785696143213
33.21,-1.4034911564587056,-1.280118479155568,18.651279567061245
33.22,-1.3975537361900934,-1.4008685737867568,18.178994329844553
33.230000000000004,-1.403921432643147,-1.5269280977598847,17.720845750541045
33.24,-1.4219764241286117,-1.6593023664642554,17.276731164918463
33.25,-1.4512596863110885,-1.7990855052421377,16.846604284088894
33.26,-1.4914641499968901,-1.9474572348212325,16.4304804150887
33.27,-1.5424283553563942,-2.105682682297204,16.028443522127453
33.28,-1.6041308145517308,-2.2751146322001614,15.640655323424639
33.29,-1.6766852209061396,-2.4571976714932955,15.267366667201689
33.3,-1.7603365787028393,-2.6534737006848235,14.908931489924665
33.31,-1.8554582703005564,-2.865588276151171,14.565823727981595
33.32,-1.962550023206188,-3.095297211107126,14.238657628668307
33.33,-2.0822366855301695,-3.3444727881461915,13.928211985419457
33.34,-2.215267660014338,-3.6151088171585517,13.635458902449066
33.35,-2.3625167802556426,-3.9093235991311857,13.36159777029266
33.36,-2.5249823329397936,-4.229359617147092,13.108095198114015
33.37,-2.703786831180408,-4.577578456882947,12.876731688492292
33.38,-2.90017601987303,-4.956449044024582,12.669655836652389
33.39,-3.115516436783947,-5.368526757856184,12.489446760449436
33.4,-3.3512906544176966,-5.816420321641588,12.33918527889671
33.410000000000004,-3.609089078362369,-6.302742567477982,12.22253399764326
33.42,-3.890596868547545,-6.830040221122806,12.14382584941004
33.43,-4.1975741726063545,-7.400696763965785,12.10815966811887
33.44,-4.5318274106937615,-8.016801250399055,12.121499906764752
33.45,-4.895168831251152,-8.679974789118418,12.19077546546148
33.46,-5.289360982992674,-9.39114542166135,12.323969571086069
33.47,-5.716042157439657,-10.150261663956757,12.530188523061076
33.480000000000004,-6.176628320792666,-10.955935511043313,12.819691696187595
33.49,-6.672186697251375,-11.805007975098126,13.203858378843961
33.5,-7.203276183260977,-12.692035254518103,13.695058966496175
33.51,-7.769750452011066,-13.608702734929267,14.306389312865331
33.52,-8.370521347505635,-14.543188724913996,15.051218987806191
33.53,-9.00328347220547,-15.479521580939206,15.94249922429875
33.54,-9.664206310756965,-16.397003474476666,16.991778328018665
33.55,-10.347608325240124,-17.26981064223174,18.207886739952304
33.56,-11.045638456907263,-18.06691957652015,19.595287452633208
33.57,-11.748004007807316,-18.752542503648318,21.15214650637822
33.58,-12.441798499532089,-19.287268858267154,22.868266004443303
33.59,-13.111495806060667,-19.630081908537623,24.723133675736054
33.6,-13.73918284480376,-19.74132929870712,26.68446010905092
33.61,-14.30509624017789,-19.586558747193045,28.707661664718298
33.62,-14.78850264508561,-19.140892596173423,30.73675324439546
33.63,-15.168914684248161,-18.393349702046137,32.70698909930483
33.64,-15.42756790402995,-17.35031188560466,34.549305353719475
33.65,-15.549010589275136,-16.037278576058263,36.1962042561004
33.660000000000004,-15.522597927584926,-14.498241004950133,37.588278810911135
33.67,-15.343657705961261,-12.79244584319334,38.68026217489172
33.68,-15.014123035307906,-10.988908992532739,39.44544669509231
33.69,-14.542509371684455,-9.159595581523773,39.8776147527827
33.7,-13.943229885212759,-7.372501731438446,39.99018495891076
33.71,-13.235362665878302,-5.685841515995506,39.81291524489714
33.72,-12.44107177447344,-4.144185284606282,39.387002229757066
33.730000000000004,-11.583920314813904,-2.776863341034355,38.75962859324215
33.74,-10.687295241252164,-1.5984351084809947,37.97891868932726
33.75,-9.773105207311499,-0.6106756895981333,37.089960447813624
33.76,-8.860837334116985,0.19459718129607395,36.13217930562
33.77,-7.966987773296865,0.8324752363164797,35.138028262026026
33.78,-7.104828071294259,1.3221444825771844,34.13275139763722
33.79,-6.284439203561618,1.684562268185501,33.134893445746414
33.8,-5.5129353641850365,1.9407188692251218,32.15723633766184
33.81,-4.794804269594238,2.1104599252184455,31.207904635399064
33.82,-4.132303411042378,2.2117824604831036,30.291460352401444
33.83,-3.5258671224648452,2.260494514828013,29.409881038130997
33.84,-2.974494080824817,2.2701317632095965,28.56337235570747
33.85,-2.476097157179371,2.2520410687320203,27.751005415388047
33.86,-2.027806831040289,2.2155617010505795,26.97119218298622
33.87,-1.6262258309474122,2.1682547559886074,26.22202341942021
33.88,-1.2676367677120797,2.1161477599197487,25.501496878637628
33.89,-0.9481668655028317,2.063973937707149,24.80766217790069
33.9,-0.663915002706527,2.015394497590099,24.138705188539138
33.910000000000004,-0.4110465786997672,1.9731982397453605,23.4929904672919
33.92,-0.18586154206881647,1.9394765774069285,22.869076013013544
33.93,0.01515952944475124,1.9157743232243292,22.265710913631104
33.94,0.19532697298895918,1.9032178470489858,21.68182339832479
33.95,0.35772748224072975,1.9026228217272407,21.116504432849332
33.96,0.5052202987360055,1.9145839917469196,20.568990219259064
33.97,0.6404415371298929,1.939549389726983,20.03864568359914
33.980000000000004,0.7658145025004804,1.9778812907670813,19.524950151876144
33.99,0.8835642703306801,2.029905996960007,19.027485831267025
34.0,0.9957351527597769,2.0959543202957316,18.545929350709272
34.01,1.1042099723308563,2.1763944020430843,18.08004640951264
34.02,1.2107303120299755,2.2716582810540786,17.629689486080526
34.03,1.3169171133761701,2.382263407048976,17.194798535512437
34.04,1.4242911578848891,2.508830089027333,16.775404629256943
34.05,1.534293096101624,2.6520956724641382,16.371636544436427
34.06,1.648302786667982,2.8129260492231345,15.983730383112759
34.07,1.7676577789116936,2.9923249171459245,15.61204238480772
34.08,1.8936708188540106,3.191441016781912,15.257065183833767
34.09,2.027646282098414,3.411573374116929,14.919447852585929
34.1,2.170895438732294,3.6541743624041017,14.600020159294367
34.11,2.3247504351387738,3.920850153682227,14.29982154940102
34.12,2.4905768344825923,4.213357849963325,14.020135427266368
34.13,2.669784489538706,4.533598252329896,13.762529359542912
34.14,2.863836425288392,4.883602828701994,13.528901828449069
34.15,3.0742552799880407,5.265512962234736,13.321536110362775
34.160000000000004,3.3026266868221037,5.681548986879672,13.143161710803959
34.17,3.5505987675447583,6.133965831910229,12.997023505994646
34.18,3.8198766481271544,6.62499129723403,12.886958261691005
34.19,4.1122105884365805,7.156742073650707,12.817477438450663
34.2,4.429375939803704,7.731111638521202,12.793854040272784
34.21,4.773142707545402,8.349623169293166,12.822209584600632
34.22,5.145232011170637,9.013239759614187,12.909594904839155
34.230000000000004,5.547256230202316,9.722123724093272,13.064055266496243
34.24,5.98063915070447,10.475337000421067,13.294666022030237
34.25,6.446512076871782,11.270476142020916,13.611519649722307
34.26,6.945581786757943,12.10323889995417,14.025638577125914
34.27,7.477966604775059,12.966925913805895,14.548781040094006
34.28,8.042998033635861,13.851891752104942,15.193100244634856
34.29,8.638987720143017,14.744975671951996,15.97061192891135
34.300000000000004,9.26296347351902,15.628964868673581,16.892424773974817
34.31,9.910384059898936,16.482171517054283,17.967695935453488
34.32,10.57485086598842,17.278237411665778,19.202295329144572
34.33,11.247845180189513,17.98631105836662,20.59720259883212
34.34,11.91853198357117,18.571761754226532,22.146723823384843
34.35,12.573682877910633,18.99758885709181,23.836700235640567
34.36,13.197778821551436,19.226634478168982,25.64297895137816
34.37,13.773353105287827,19.22459895902997,27.530503684906915
34.38,14.281621347714681,18.96368704302887,29.453426030038184
34.39,14.703414253512983,18.42649787817166,31.356592368036164
34.4,15.020380164340809,17.609563932240487,33.17859377063635
34.410000000000004,15.216363929010782,16.525819274338026,34.85627415478598
34.42,15.278809398438582,15.205317028467269,36.33022543067299
34.43,15.199993034423409,13.693764464074434,37.55046148793452
34.44,14.977893092730676,12.048874015557143,38.481284174705856
34.45,14.616541476219009,10.335026836242307,39.1044308728106
34.46,14.12578808111105,8.617149275829242,39.41993412558476
34.47,13.520510087590933,6.954868897699092,39.44463146424271
34.480000000000004,12.819393179808916,5.397891043504381,39.208770605409455
34.49,12.04347316554318,3.9831788735735754,38.75149990403964
34.5,11.214642280494953,2.7340683219438224,38.116130789884444
34.51,10.354297490304232,1.6610540246602166,37.34592384756614
34.52,9.482253053833574,0.7637411101961629,36.48087416784754
34.53,8.615975488847836,0.03339315759881678,35.55566690386684
34.54,7.770142043007223,-0.5444199220769067,34.59872716182063
34.550000000000004,6.956483198620841,-0.9874240942719192,33.632139346417475
34.56,6.183847937763884,-1.3146850516974211,32.67215784612036
34.57,5.458424758423058,-1.5451537121343677,31.730047360157176
34.58,4.784056746736569,-1.6966844510581678,30.813045128295546
34.59,4.162600226950738,-1.785449614847881,29.925302285714587
34.6,3.594289565259195,-1.8256579097073429,29.068720786883276
34.61,3.0780829833417083,-1.8294882040354754,28.243648171589342
34.62,2.611974423955233,-1.8071641961895395,27.44942352796948
34.63,2.1932642115680046,-1.7671124144610828,26.68478636674931
34.64,1.8187866198807283,-1.7161621564432805,25.948169001810943
34.65,1.4850959019998289,-1.6597594238104705,25.23789563342201
34.660000000000004,1.1886143276763823,-1.6021772036057802,24.552310242826028
34.67,0.9257467355654745,-1.5467118407614746,23.88985248266894
34.68,0.6929663955455085,-1.4958602797832374,23.24909718301172
34.69,0.4868768471881988,-1.451476212790561,22.62876958319197
34.7,0.3042540181561696,-1.4149051724638764,22.027745297148385
34.71,0.14207245198163676,-1.3870997584126608,21.445041458553455
34.72,-0.0024810351828368216,-1.368716781906253,20.87980348165487
34.730000000000004,-0.1320034492403887,-1.3601983637667674,20.33129035964874
34.74,-0.24887910986506456,-1.3618390614445317,19.798860324229842
34.75,-0.3552886033795918,-1.3738410227081639,19.281957922928967
34.76,-0.453221628672211,-1.3963590205472867,18.78010305715144
34.77,-0.5444924855164613,-1.4295370506822935,18.292882197455494
34.78,-0.6307572248334576,-1.47353798965404,17.819941800478027
34.79,-0.7135317074462074,-1.5285676294736963,17.36098385311939
34.800000000000004,-0.7942100063070545,-1.5948942306788216,16.915763433745436
34.81,-0.8740827416270021,-1.672864572576622,16.48408818546509
34.82,-0.9543550631564692,-1.7629173286267912,16.06581962796149
34.83,-1.036164093044046,-1.865594456117544,15.66087628198861
34.84,-1.120595719766419,-1.9815511613015335,15.269238638361633
34.85,-1.20870069161888,-2.1115648819322717,14.890956067627863
34.86,-1.3015099996997932,-2.2565436158531478,14.52615583600982
34.87,-1.4000495671858353,-2.4175338133228927,14.175054467253604
34.88,-1.5053542753759703,-2.5957279376130025,13.837971768947066
34.89,-1.6184813582691338,-2.792471677548707,13.515347926164477
34.9,-1.7405231864614457,-3.0092706603000683,13.207764155208771
34.910000000000004,-1.8726194373020018,-3.2477963545508883,12.915967505340054
34.92,-2.0159686101094563,-3.509890663006621,12.640900495010193
34.93,-2.171838790464464,-3.797568466642226,12.38373636751251
34.94,-2.341577492716253,-4.113017086129708,12.14592084217224
34.95,-2.5266203101969773,-4.458591250629955,11.929221309583989
34.96,-2.7284979721458344,-4.836801689748737,11.735784454379035
34.97,-2.9488412373946287,-5.250294867583424,11.56820325812658
34.980000000000004,-3.1893828382726146,-5.7018206338448545,11.429594195912781
34.99,-3.451955413348161,-6.194183653055609,11.323685131516951
35.0,-3.7384840230380556,-6.73017337278001,11.25491385105102
35.01,-4.050971416543511,-7.312466005964684,11.228536233665002
35.02,-4.391473703242165,-7.943490562542098,11.250741580153926
35.03,-4.7620634741154095,-8.625249458742454,11.328770399429812
35.04,-5.1647767291704545,-9.35908283754731,11.471026735858702
35.050000000000004,-5.601539227684595,-10.14536477055663,11.687172620683912
35.06,-6.074067158867543,-10.983119508595404,11.988186164708477
35.07,-6.583736457543455,-11.869547721284084,12.386356975987544
35.08,-7.131414871744073,-12.799457394959598,12.89518301224751
35.09,-7.717251347822468,-13.764603331383126,13.529122158201762
35.1,-8.34041889352885,-14.752954943277663,14.303141074958406
35.11,-8.998810417952228,-15.747936294226061,15.231995823714538
35.12,-9.688692851165548,-16.727716542419312,16.32917785088503
35.13,-10.404333836197774,-17.664672849494263,17.605471718995027
35.14,-11.137627932395674,-18.525197578854122,19.067105956820985
35.15,-11.877765369092895,-19.270067544150415,20.71354445227268
35.160000000000004,-12.611004465218631,-19.855617598099368,22.53506863817805
35.17,-13.320625474143746,-20.235938383422074,24.510436873431154
35.18,-13.987153064609886,-20.36621931470934,26.605056607974923
35.19,-14.588929155136011,-20.207161076926504,28.770223896040527
35.2,-15.103089383250142,-19.73009117895207,30.944008993224507
35.21,-15.506940335622213,-18.922080974580865,33.054226756880745
35.22,-15.779653808608762,-17.79008617557497,35.023586491248146
35.230000000000004,-15.904103269005372,-16.36305158251198,36.77659980600282
35.24,-15.868591852213886,-14.6911480755398,38.24726615162209
35.25,-15.668190395471637,-12.841862050035756,39.38615719702375
35.26,-15.305439686121812,-10.893405165150984,40.16547848174424
35.27,-14.790274127705315,-8.926606250198283,40.58107902663291
35.28,-14.139169726698093,-7.016825005880016,40.65110356906874
35.29,-13.373665281119699,-5.227346269097746,40.41178374240139
35.300000000000004,-12.518509209299394,-3.605225664296894,39.911460613689314
35.31,-11.599720240448116,-2.1798732207041622,39.20414568841896
35.32,-10.642818413839002,-0.9640346177307979,38.34375895758574
35.33,-9.671404898544948,0.04356189391208942,37.379770099778554
35.34,-8.706175176650284,0.8547330369477582,36.35449973216873
35.35,-7.7643663269409755,1.488268141829884,35.30195881806304
35.36,-6.859580600600506,1.9667540274121027,34.2478827708959
35.37,-6.001897579297827,2.3140518613457197,33.21054685880645
35.38,-5.198181220996943,2.5534863229556546,32.201985709820825
35.39,-4.452497851498027,2.706682854827897,31.229328747036533
35.4,-3.7665786186353456,2.792928521714949,30.29606343026061
35.410000000000004,-3.14027906210823,2.8289180371134006,29.403124778123004
35.42,-2.5720056504158735,2.828759525355618,28.549773225988616
35.43,-2.059092794268085,2.804139314288648,27.734263386155025
35.44,-1.5981236992988948,2.7645717252702826,26.954328176365728
35.45,-1.1851949247287255,2.717683351042798,26.207511670451996
35.46,-0.8161283980106755,2.6694998018252023,25.491384886660768
35.47,-0.4866366397149938,2.6247163001311224,24.803675308828964
35.480000000000004,-0.19244770712061993,2.5869425990208295,24.142335726024577
35.49,0.07060365112451844,2.5589185094720235,23.50557246627245
35.5,0.30651258501116085,2.542699806849871,22.891848071057474
35.51,0.5190630900687031,2.53981621526314,22.29986924016037
35.52,0.7118046493951596,2.5514041094899578,21.72856754012307
35.53,0.8880426241232389,2.578316918162473,21.177077847967674
35.54,1.0508391072573016,2.621216214324937,20.644717670665823
35.550000000000004,1.2030215449005932,2.6806462992244393,20.130969202549657
35.56,1.3471969399259982,2.7570948165902793,19.635465128558046
35.57,1.4857698879733154,2.851041630834997,19.157978640763808
35.58,1.620963059685557,2.9629978914648136,18.69841782006814
35.59,1.7548390430843679,3.0935369004960447,18.256824375348582
35.6,1.8893227028256794,3.2433181042061228,17.833376676984486
35.61,2.026223405165456,3.413105244530641,17.428397032689485
35.62,2.1672566043797095,3.60377942534307,17.0423632036305
35.63,2.314064392737933,3.8163475693008944,16.67592422812307
35.64,2.4682346855132056,4.051946455063564,16.32992069387034
35.65,2.631318747461634,4.3118422244451455,16.005409665432513
35.660000000000004,2.8048467691979413,4.597424925409048,15.703694519522887
35.67,2.9903411713720245,4.91019729996654,15.426359953467395
35.68,3.189327250965281,5.251756626039951,15.175312394892924
35.69,3.4033406859598476,5.623767970034263,14.952825931014486
35.7,3.6339312800402457,6.027926695579436,14.761593663557997
35.71,3.8826621556080836,6.465907502317741,14.604784040000807
35.72,4.151103389481666,6.939296645046609,14.486101160570856
35.730000000000004,4.440818831150859,7.4495033325678985,14.409847246140773
35.74,4.753344551802914,7.997645677589146,14.380984292801477
35.75,5.090157053195483,8.584406053302583,14.405190340033096
35.76,5.452629038650598,9.209850454533399,14.488903641607935
35.77,5.841970249354451,9.873206684952859,14.639345263753885
35.78,6.259150655737176,10.572597221019906,14.864507197669857
35.79,6.704803255004152,11.30472488317565,15.173089009930138
35.800000000000004,7.17910399102077,12.064513547833293,15.574361582099872
35.81,7.681627058358838,12.844712734196314,16.077932107973453
35.82,8.21117530419158,13.635484688135465,16.693381140059042
35.83,8.765587863668333,14.424006082323498,17.429741588675714
35.84,9.341530823940579,15.19413368253565,18.29479332957113
35.85,9.934281810163018,15.926203326555902,19.294158256349196
35.86,10.537525939617183,16.597051721378104,20.43020231836431
35.87,11.14318825825089,17.180365996781926,21.700785913428795
35.88,11.741335657976123,17.647469140320634,23.097952622856077
35.89,12.320187731524747,17.968630732190487,24.606705371036952
35.9,12.866278621491528,18.11494202372374,26.204079171965375
35.910000000000004,13.364807676743261,18.06070643655232,27.858763743228934
35.92,13.800202789907953,17.786174565045318,29.531534343615483
35.93,14.156895103443983,17.280315306129616,31.176691631078455
35.94,14.420268531607483,16.543197296435878,32.74457733126368
35.95,14.577707330642664,15.587504031094944,34.18503039528785
35.96,14.61962874063508,14.438764222546935,35.45141684807242
35.97,14.540366596282617,13.134062645164825,36.50467115053906
35.980000000000004,14.338775338657005,11.719278955315682,37.31670003838926
35.99,14.018455921579386,10.245211310965617,37.8725699172491
36.0,13.587561047308597,8.76318405597952,38.17112326612993
36.01,13.058204272974288,7.320835765704532,38.22398782889481
36.02,12.445559052958064,5.958707234799446,38.053258472066275
36.03,11.766774893227884,4.708032066666127,37.68835336276565
36.04,11.039850634656382,3.5898531181425906,37.1626222394789
36.050000000000004,10.282590445074186,2.615332319409575,36.51021894503477
36.06,9.511734476088153,1.786950505761601,35.76359049067001
36.07,8.74231454848299,1.1002284372819457,34.9517445300764
36.08,7.987245940715787,0.5456247465847661,34.099290286515426
36.09,7.25713611528268,0.11034640055516881,33.226134799233805
36.1,6.5602726205472575,-0.2200941478283321,32.347662407999984
36.11,5.902744721255299,-0.46065066786019127,31.47521963168461
36.12,5.288653928534675,-0.6258514144017011,30.6167522657193
36.13,4.720374373014098,-0.7292093540568524,29.777479695882647
36.14,4.198832105693016,-0.7828794664423835,28.960530786532292
36.15,3.7237808975240814,-0.7975036338773893,28.16749925259522
36.160000000000004,3.294059724916433,-0.782188432687989,27.398901474561463
36.17,2.907823316126642,-0.744570364305017,26.654536332625376
36.18,2.5627417808461703,-0.6909333944903631,25.93375626562189
36.19,2.2561685943368786,-0.6263532278890321,25.23566326605906
36.2,1.9852783116947157,-0.5548506976364899,24.559244646285077
36.21,1.7471766219693114,-0.4795428074352186,23.903462543202824
36.22,1.5389859639518269,-0.40278447904222636,23.26730926631845
36.230000000000004,1.3579101173848889,-0.3262972232420774,22.649838387269238
36.24,1.2012811083377486,-0.2512830813621276,22.050179304098197
36.25,1.0665915356142943,-0.17852355707343792,21.46754109057875
36.26,0.9515151118781999,-0.10846409975164154,20.901209840002117
36.27,0.8539178683509856,-0.04128518070890563,20.350542442825848
36.28,0.7718621266339876,0.023038755740907038,19.81495876923863
36.29,0.7036050138857329,0.08469109818669869,19.293933515183333
36.300000000000004,0.6475929982626937,0.14397427330146256,18.786988463985345
36.31,0.6024536547591296,0.20127906139636279,18.293685568830497
36.32,0.5669856384992682,0.2570608351935084,17.813621033634167
36.33,0.5401476422167029,0.31182165284452307,17.346420428405256
36.34,0.5210469449918299,0.3660972601257827,16.891734794237664
36.35,0.5089280175790013,0.42044817950464364,16.449237653066717
36.36,0.503161532849892,0.47545418108491133,16.018622824066394
36.37,0.5032340349802498,0.5317115397090627,15.59960295197228
36.38,0.508738445086666,0.5898325822883111,15.191908665845393
36.39,0.5193655213345212,0.6504471191145079,14.795288305391294
36.4,0.5348963455726315,0.7142054323862372,14.409508173206971
36.410000000000004,0.555195874038099,0.7817825647182803,14.034353293770717
36.42,0.5802075646024085,0.8538837104794906,13.669628683003044
36.43,0.6099490756262582,0.9312505640071307,13.315161155785091
36.44,0.6445090202112169,1.0146685216804083,12.970801723304781
36.45,0.6840447531384566,1.1049746700441634,12.636428658173337
36.46,0.728781164899197,1.2030665200612354,12.311951333789024
36.47,0.7790104569192,1.3099114683357647,11.99731497646534
36.480000000000004,0.8350928734351186,1.426556979698289,11.692506505586817
36.49,0.8974583676300099,1.5541414914059861,11.397561679859185
36.5,0.9666091817297051,1.6939060364244276,11.112573818089322
36.51,1.0431233219114908,1.8472065702218747,10.837704422525196
36.52,1.1276589080866741,2.0155269598036756,10.573196103404028
36.53,1.2209593747092469,2.200492551860504,10.319388286883061
36.54,1.3238594902713425,2.4038841740413455,10.076736286832938
36.550000000000004,1.4372921482040975,2.627652332850371,9.84583443572914
36.56,1.5622958580809074,2.873931244570222,9.627444102231273
36.57,1.7000228301342375,3.1450521600589303,9.422527573095724
36.58,1.8517474939624878,3.4435552046645643,9.232288943047996
36.59,2.0188752184341867,3.772198630642915,9.058223333204865
36.6,2.2029508970432703,4.1339639455444965,8.902175936526595
36.61,2.4056669220972475,4.532054803725277,8.766412549526995
36.62,2.628869880353829,4.969886789940524,8.65370336276996
36.63,2.874565047302332,5.451064237398488,8.567421799963006
36.64,3.144917419155797,5.979338955912014,8.511660041476201
36.65,3.4422475794324234,6.558544146615458,8.491362429600555
36.660000000000004,3.7690201268223533,7.1924948053444595,8.512477063838183
36.67,4.127821668299029,7.8848435527108975,8.582124318492607
36.68,4.521324485155585,8.63887812154089,8.708778425429667
36.69,4.9522309002543,9.457243842478382,8.902454229328196
36.7,5.423192127664478,10.341571754495053,9.17488519761986
36.71,5.936694033356096,11.291991106130537,9.539670124775226
36.72,6.494900920494716,12.30650516646498,10.012354086420132
36.730000000000004,7.099447446190903,13.380213275068389,10.610393652127328
36.74,7.751168539911174,14.504372643581574,11.352937320468293
36.75,8.449758449758153,15.665314248364973,12.260330988827107
36.76,9.19335383337778,16.843262613929287,13.353238601155585
36.77,9.9780434984503,18.011163596872198,14.651256952136942
36.78,10.797320533619114,19.133699452772913,16.170912631042818
36.79,11.64151250202887,20.166762684549763,17.922974944487777
36.800000000000004,12.49725246163074,21.05775451362831,19.909121102696915
36.81,13.347085966385064,21.747138570335093,22.118165360669718
36.82,14.169341239390015,22.171664421244568,24.52231243050305
36.83,14.938410687367009,22.269515048942427,27.07418310294896
36.84,15.625586353615597,21.98727460970646,29.705600832995774
36.85,16.200542961766686,21.288058952938748,32.32918443541282
36.86,16.633459454915947,20.159506179426717,34.843511664165334
36.87,16.89762000605989,18.619816936768075,37.14191810356993
36.88,16.972170370346014,16.719963620453562,39.12396578118906
36.89,16.84458036166186,14.540777500252648,40.707572522822474
36.9,16.51233812612752,12.184838909541671,41.83919610537837
36.910000000000004,15.983511132592428,9.764562547230751,42.499691257051076
36.92,15.276035579944475,7.388999015824668,42.70453740119341
36.93,14.415870973494924,5.152172153596105,42.49868124036002
36.94,13.43438751142315,3.1251322563881607,41.9476235263146
36.95,12.365468832940744,1.3526604615663267,41.1270849811198
36.96,11.242791414738235,-0.14573561186969086,40.113462754828376
36.97,10.097616732479516,-1.3717777736959562,38.97656459575268
36.980000000000004,8.957263296433172,-2.342862242003468,37.77518938519507
36.99,7.844269801555192,-3.0863383048559494,36.55535939092188
37.0,6.776152087232462,-3.6345204579854125,35.35056884296333
37.01,5.765603532343128,-4.020860917825693,34.18328812450444
37.02,4.820981006573857,-4.277343175788647,33.06705080470219
37.03,3.946939457885325,-4.432938728489826,32.00863467814716
37.04,3.1451114919612126,-4.512878829970429,31.010041070414555
37.050000000000004,2.414762514865247,-4.5384882898780115,30.070133183500985
37.06,1.7533810116478201,-4.527367549777081,29.185900748823784
37.07,1.1571851672779687,-4.493762825230845,28.353379624358762
37.08,0.6215415476867311,-4.449015074508193,27.568283088367444
37.09,0.14130028494323543,-4.402019658062442,26.82640859728584
37.1,-0.28894425514084293,-4.3596583350928,26.123879273288207
37.11,-0.6746565791705867,-4.327185088750407,25.457269837290674
37.12,-1.0212161063608598,-4.308559511048002,24.823655952123524
37.13,-1.333816107424893,-4.306728408628546,24.220615979341307
37.14,-1.617396714793725,-4.323859776853536,23.646205810491267
37.15,-1.8766044917343412,-4.3615346889564135,23.098920885834655
37.160000000000004,-2.1157723082547215,-4.420902870697228,22.57765461488823
37.17,-2.3389144006845846,-4.502807351818599,22.08165889096272
37.18,-2.549732462465701,-4.607882940994549,21.610509950239326
37.19,-2.7516294256647233,-4.736632545504943,21.16408119482679
37.2,-2.9477282584261677,-4.8894846420077185,20.74252355270216
37.21,-3.140893640096316,-5.066834538639365,20.346253305861115
37.22,-3.333754800635704,-5.269071461159645,19.975946943297473
37.230000000000004,-3.5287281403070843,-5.4965929436946555,19.632542383534197
37.24,-3.728038493468924,-5.7498074999686795,19.3172457845402
37.25,-3.933738078516916,-6.029126086130564,19.031543058432817
37.26,-4.147722294765421,-6.334942436802006,18.777215089199473
37.27,-4.371741595340226,-6.667601962246592,18.556355477350518
37.28,-4.6074086914597405,-7.027358543892805,18.371389374963698
37.29,-4.856200336615467,-7.414318274196611,18.225091600526106
37.300000000000004,-5.119452909189527,-7.8283689831040295,18.120601710940658
37.31,-5.3983509714472895,-8.269094320283035,18.061433038218915
37.32,-5.693907947882739,-8.735671281528816,18.051471859319438
37.33,-6.00693805819712,-9.22675046286214,18.094961863234737
37.34,-6.338018688418137,-9.740319104096242,18.196467939802734
37.35,-6.687442525062447,-10.273548274458935,18.36081211117989
37.36,-7.055159058612727,-10.82262749988527,18.592973291966576
37.37,-7.44070553994324,-11.382592874331253,18.897941714469702
37.38,-7.8431282091468955,-11.947158337164463,19.280518615789067
37.39,-8.26089567267054,-12.50856434347789,19.745052600668405
37.4,-8.691807731177256,-13.057463439931333,20.295106534531925
37.410000000000004,-9.132904773873882,-13.582867848250215,20.933053527155362
37.42,-9.580385011061798,-14.072189232652104,21.659608153175828
37.43,-10.029539175378186,-14.511404100130433,22.47330991886902
37.44,-10.474714611176584,-14.885377994922923,23.369990024789743
37.45,-10.909322459256321,-15.178375719858998,24.34226873967757
37.46,-11.325902341296842,-15.374771234237967,25.379147046407002
37.47,-11.716257859488666,-15.459948370176143,26.465769122402197
37.480000000000004,-12.071672674264589,-15.42135246202694,27.583436970381243
37.49,-12.383210448926217,-15.24961637014149,28.709950028593827
37.5,-12.642092573369261,-14.93964830831918,29.820316867616583
37.51,-12.840136040105358,-14.491542225422656,30.887842199135054
37.52,-12.970221728688605,-13.911164178336136,31.88553438210675
37.53,-13.02675297137525,-13.210288149627027,32.78771612349313
37.54,-13.006058235131617,-12.406204583803245,33.57166833805419
37.550000000000004,-12.906692279092708,-11.520798841990969,34.21910931573866
37.56,-12.729598279830782,-10.57918076429967,34.717319504245545
37.57,-12.478108483268311,-9.608021368691077,35.05976862478889
37.58,-12.157780482471864,-8.633799852536336,35.246177954230866
37.59,-11.776086536655711,-7.681171893530658,35.282039020471416
37.6,-11.34199050074329,-6.771638106073636,35.17768989642697
37.61,-10.86545784261432,-5.922629570216837,34.947104358836576
37.62,-10.356947435592634,-5.147052583631987,34.6065685587739
37.63,-9.826929715443704,-4.453264973043894,34.17340580541662
37.64,-9.28546624325507,-3.8454047179721895,33.66487186876102
37.65,-8.741873322476152,-3.3239643083807575,33.09729382617543
37.660000000000004,-8.204479657403269,-2.8865001510512247,32.48547714395261
37.67,-7.680477092680175,-2.5283796571864436,31.842366935828114
37.68,-7.175855368798308,-2.243491754868348,31.178924056334242
37.69,-6.695406877129732,-2.024872446997191,30.50416474944954
37.7,-6.2427853005371094,-1.8652206265841738,29.825311339519725
37.71,-5.8206021428845505,-1.7572979236010917,29.14800729147144
37.72,-5.430546741964513,-1.6942190936275099,28.476559407817707
37.730000000000004,-5.073517747038747,-1.6696468608975654,27.814180275545592
37.74,-4.749756693010206,-1.6779083311304186,27.163213585855164
37.75,-4.458976855867445,-1.714050381027092,26.525332734934782
37.76,-4.200482818218696,-1.7738499633351723,25.901708912516945
37.77,-3.9732780166204527,-1.8537929279700545,25.293148823338765
37.78,-3.7761589709255285,-1.9510323599842159,24.70020458416492
37.79,-3.6077959441399625,-2.063334943730986,24.123259572611797
37.800000000000004,-3.466800506167622,-2.1890216698948377,23.56259442838686
37.81,-3.3517809397072376,-2.326907378853403,23.0184373174924
37.82,-3.261386691715557,-2.4762421789622455,22.491002189559303
37.83,-3.1943431916538674,-2.6366566532660096,21.98051824575154
37.84,-3.149478371062925,-2.808111919179838,21.487253292753202
37.85,-3.125742161370488,-2.9908549770948896,21.011533148508057
37.86,-3.122220143423307,-3.1853793244215725,20.553758819049172
37.87,-3.13814239131404,-3.3923904772648115,20.114422794302705
37.88,-3.172888407347137,-3.6127757962942217,19.694125512898463
37.89,-3.225988892825805,-3.847577826894543,19.293592813050388
37.9,-3.2971249457967597,-4.097970212623427,18.91369500570322
37.910000000000004,-3.3861251245082333,-4.365235106318977,18.555468062507064
37.92,-3.49296066480124,-4.650740869619837,18.22013728874037
37.93,-3.6177389902850243,-4.95591870709235,17.909143733009753
37.94,-3.7606955043223156,-5.282236716463312,17.624173453001184
37.95,-3.922183500381119,-5.631169645687598,17.36718958925458
37.96,-4.102661869836425,-6.004162428782941,17.140466973418626
37.97,-4.302680121755646,-6.402585329075075,16.946628686356785
37.980000000000004,-4.522860056395531,-6.827678262121876,16.78868355285486
37.99,-4.763873253609506,-7.280481623878211,16.670062976800004
38.0,-5.026413352497618,-7.761750751493372,16.594654742996177
38.01,-5.311161917211634,-8.271851055661005,16.566830397650858
38.02,-5.618746520096194,-8.810630975569806,16.591461532205585
38.03,-5.9496895506062994,-9.377270348978703,16.67391871299273
38.04,-6.304346212164035,-9.970102734607064,16.82004493273815
38.050000000000004,-6.682830250292292,-10.58641189429731,17.036093377432472
38.06,-7.084926233479738,-11.222205303888396,17.328617165214084
38.07,-7.509987772737359,-11.87197150126189,17.704296823516078
38.08,-7.95682202410481,-12.528433556190503,18.169690118836076
38.09,-8.423562287443257,-13.182318099995635,18.73088917021077
38.1,-8.907532602716424,-13.822168064171926,19.39307255094688
38.11,-9.405111017600495,-14.434236969130254,20.159946515545073
38.12,-9.91160163084926,-15.002512007062846,21.033080836790496
38.13,-10.421129416566071,-15.508920095824768,22.011161980066372
38.14,-10.9265757793305,-15.93377236359055,23.08920963170132
38.15,-11.419576049364123,-16.2564941908383,24.257830527711157
38.160000000000004,-11.890601651510654,-16.45666595319373,25.50261235164048
38.17,-12.329148188117616,-16.515361242615654,26.80378361224379
38.18,-12.724044882720845,-16.41671510868933,28.136273785953126
38.19,-13.063889870247868,-16.14959056446449,29.470291665591137
38.2,-13.337599767975036,-15.709149523919455,30.772491222540538
38.21,-13.535042344622921,-15.098092270498285,32.00771249827568
38.22,-13.647701109832424,-14.327326721581201,33.14117980848473
38.230000000000004,-13.669304781633578,-13.41587888483882,34.14093223534458
38.24,-13.596347661167774,-12.38995963212616,34.98018119007537
38.25,-13.428432519338998,-11.281243224495665,35.63926481739635
38.26,-13.168386486014311,-10.124557304454727,36.10691485550566
38.27,-12.822129867629027,-8.955293742254847,36.38066310001883
38.28,-12.398311905286734,-7.806894087500513,36.466365227203006
38.29,-11.907758851373234,-6.70873145320126,36.376969935006905
38.300000000000004,-11.36280182328652,-5.68461504295529,36.130773122760345
38.31,-10.776560880202876,-4.752014499234488,35.74944677832757
38.32,-10.162257463332791,-3.921974439571308,35.256117852984865
38.33,-9.53261269021063,-3.1995934565382456,34.67370933451462
38.34,-8.899368707652883,-2.5848904730229973,34.02366902379455
38.35,-8.272949232832637,-2.073873675022657,33.32512570185188
38.36,-7.66225729290201,-1.6596520088320552,32.59444455300935
38.37,-7.074595091729844,-1.333471312599144,31.84511129965378
38.38,-6.515683370996865,-1.0856029201969677,31.087856714011313
38.39,-5.989754928397645,-0.9060527088372186,30.33093430936402
38.4,-5.49969785539864,-0.7850885289474494,29.580476794356084
38.410000000000004,-5.047227190458718,-0.7136030164647247,28.84087473470155
38.42,-4.633067863153234,-0.683338496926536,28.115139057725994
38.43,-4.257136158021852,-0.6870035410359752,27.40522478261647
38.44,-3.9187109086450764,-0.7183092357341817,26.712305501171357
38.45,-3.6165889681946757,-0.7719494496428178,26.036996587003117
38.46,-3.34922211117075,-0.8435447513625702,25.37953037897921
38.47,-3.11483443937542,-0.9295650821328255,24.73988939563314
38.480000000000004,-2.911520690670843,-1.0272422610189798,24.117904722471135
38.49,-2.737326699478538,-1.1344800920339406,23.513326696156604
38.5,-2.590313747923621,-1.2497672570382332,22.925874365301848
38.51,-2.468608775762156,-1.3720962368269782,22.355269272539847
38.52,-2.370442466542326,-1.500890093080775,21.801258094318268
38.53,-2.294177158952855,-1.6359379510126706,21.263627721823557
38.54,-2.2383263918167873,-1.7773393444114283,20.74221553432618
38.550000000000004,-2.2015677112763528,-1.9254571371703746,20.23691692980205
38.56,-2.182750171738642,-2.080878452164053,19.74769163696097
38.57,-2.1808977628274526,-2.2443828690691285,19.27456992444173
38.58,-2.1952098020654898,-2.416917059609071,18.817659527609283
38.59,-2.225059152461526,-2.599574983506181,18.377153910404644
38.6,-2.269988957946167,-2.793582749912553,17.95334234945164
38.61,-2.3297084380425086,-3.0002872409422654,17.546622252762496
38.62,-2.4040881452137524,-3.2211475831367617,17.157514091060488
38.63,-2.493154961912187,-3.4577285283736434,16.78667931331945
38.64,-2.59708699660351,-3.7116947582029196,16.43494162855302
38.65,-2.716208425481244,-3.984805045759845,16.10331205283065
38.660000000000004,-2.8509842152155827,-4.278905088292473,15.79301813328498
38.67,-3.0020145474219,-4.595917651920558,15.505537757291917
38.68,-3.1700286426737994,-4.93782843949057,15.242637919868297
38.69,-3.355877545538789,-5.306665793788,15.006418735825612
38.7,-3.560525276753019,-5.704471974969564,14.79936281895111
38.71,-3.785037578763098,-6.133263299484148,14.624389873293735
38.72,-4.030567271433672,-6.594975901366699,14.484915905214207
38.730000000000004,-4.298334992062784,-7.091393290931242,14.384915809561544
38.74,-4.589603816958353,-7.6240512754343115,14.328987134643501
38.75,-4.905645954492483,-8.194115236620135,14.32241149947883
38.76,-5.247699373476954,-8.802224342076244,14.371208323429219
38.77,-5.61691191000678,-9.44829717668188,14.482173132801053
38.78,-6.014270123182747,-10.13129378037951,14.662889652541153
38.79,-6.440510014129385,-10.848930543282469,14.921701153762577
38.800000000000004,-6.896006787435007,-11.597347340981196,15.267622209724895
38.81,-7.380641267636269,-12.370731319378482,15.710167425728088
38.82,-7.893641583864992,-13.16090956758882,16.259069499229618
38.83,-8.43340054945958,-13.956934217916775,16.923856266078595
38.84,-8.997272065650089,-14.74469867466605,17.71325695352467
38.85,-9.58135412699916,-15.506642414851584,18.634414140787612
38.86,-10.180271752125373,-16.221622594759026,19.691892941435263
38.87,-10.786980309551549,-16.86505007779961,20.886505760814426
38.88,-11.392617719726886,-17.409399485981368,22.21401175863124
38.89,-11.986441706346021,-17.82519885872333,23.66380426877165
38.9,-12.555893659926411,-18.082574257451466,25.217761364524453
38.910000000000004,-13.086831023723446,-18.153359138285175,26.84949198134157
38.92,-13.563962321276303,-18.013674480601072,28.524242487906946
38.93,-13.971500460480572,-17.64675248009628,30.199711662934618
38.94,-14.294020100604577,-17.045639794220335,31.82793406206771
38.95,-14.517466312177087,-16.215317663469673,33.35822602201782
38.96,-14.630221301246834,-15.173763883194972,34.740965150175064
38.97,-14.62410391208988,-13.951591063461422,35.93174456521969
38.980000000000004,-14.495164143859876,-12.590127744908383,36.89528012784514
38.99,-14.244149947356087,-11.138117201587129,37.608420517165456
39.0,-13.876566794181985,-9.647507340637443,38.06174741247458
39.01,-13.402313666468688,-8.168999580364362,38.25952926096415
39.02,-12.834946970523422,-6.7480521291986255,38.218127004444824
39.03,-12.190679436286485,-5.421890447638783,37.96324215221642
39.04,-11.487251625560098,-4.21782078557868,37.5265661126098
39.050000000000004,-10.742814872317709,-3.1528589258275277,36.942405041570105
39.06,-9.97494064473614,-2.2344563747565034,36.244741326769635
39.07,-9.199832517407259,-1.4619763483575707,35.46500995036715
39.08,-8.431774629360815,-0.8285464465635056,34.63067897742991
39.09,-7.6828138581563605,-0.32296777151777867,33.76457424668186
39.1,-6.962647059912397,0.06854662829874747,32.88479878810628
39.11,-6.278670692727303,0.3609318683948104,32.0050649989288
39.12,-5.636146235392345,0.5691745479871777,31.13526693069832
39.13,-5.038438007686236,0.7075459881429454,30.282152720127478
39.14,-4.48728716446072,0.7891192191715831,29.449997691696826
39.15,-3.9830942392045996,0.825510494394681,28.64121674245529
39.160000000000004,-3.5251909517511617,0.8267862109390985,27.856885187445926
39.17,-3.112089140178011,0.8014834354431412,27.097158938045688
39.18,-2.741700279830481,0.756702410767644,26.361598520347595
39.19,-2.411523130438298,0.6982397464292329,25.649408764154238
39.2,-2.1187998131289945,0.6307400653547468,24.959608897158287
39.21,-1.8606423384336457,0.5578511700602181,24.291147899728376
39.22,-1.6341325559507003,0.4823732926996891,23.64297855535982
39.230000000000004,-1.436398909426791,0.4063969427669804,23.01410152435796
39.24,-1.2646734412011384,0.3314265818419255,22.40358850928735
39.25,-1.116332332977484,0.2584891465390051,21.810591471613165
39.26,-0.9889229911923857,0.18822757092549947,21.234343043160354
39.27,-0.880180349057928,0.12098013232352299,20.674151798286434
39.28,-0.7880347050095047,0.05684680998673454,20.12939490163683
39.29,-0.710613074091831,-0.004255988960466903,19.599509782766567
39.300000000000004,-0.646235709235814,-0.06255094465955154,19.083985863172604
39.31,-0.593409160779854,-0.11836423033756699,18.582356923555704
39.32,-0.5508169878187901,-0.17209754576667016,18.09419440455492
39.33,-0.5173090140878859,-0.2242066275097948,17.619101745027596
39.34,-0.49188983253149315,-0.27518520834298404,17.156709747942653
39.35,-0.4737071039821139,-0.32555352367357826,16.706672901812833
39.36,-0.4620400635612125,-0.37585058476090916,16.268666557964416
39.37,-0.4562885404383341,-0.42662955362628335,15.842384858330322
39.38,-0.4559627094170969,-0.4784556607011697,15.427539316150666
39.39,-0.4606737235709759,-0.5319062024886311,15.023857967144021
39.4,-0.47012532315659766,-0.5875722424655482,14.631085027659733
39.410000000000004,-0.48410647486158953,-0.6460617142562034,14.248981016839153
39.42,-0.5024850649303344,-0.7080036921876629,13.877323320765502
39.43,-0.5252026479431663,-0.7740536513013594,13.515907197559047
39.44,-0.5522702383359772,-0.8448995874358622,13.164547243458157
39.45,-0.5837651226966676,-0.9212689088125129,12.823079361531015
39.46,-0.6198286662224566,-1.0039360442880672,12.491363297430416
39.47,-0.6606650854014019,-1.0937307406060899,12.169285831349221
39.480000000000004,-0.7065411600688797,-1.191547041921866,11.856764743012747
39.49,-0.7577868606707068,-1.29835295969272,11.553753698248013
39.5,-0.8147968700968681,-1.4152008495021657,11.26024824263001
39.51,-0.8780329831228201,-1.5432385129059,10.976293131307353
39.52,-0.9480273695835689,-1.683721035819728,10.701991275904842
39.53,-1.025386689114446,-1.838023358521971,10.437514651109606
39.54,-1.1107970446924775,-2.0076535433682956,10.183117577048076
39.550000000000004,-1.2050297581592917,-2.1942666610571058,9.939152880838053
39.56,-1.3089479419408414,-2.399679149535724,9.706091543742044
39.57,-1.42351382539787,-2.6258834043211206,9.484546560950609
39.58,-1.5497967691357633,-2.87506222561368,9.27530188045263
39.59,-1.6889818628536786,-3.1496025634776266,9.07934744588209
39.6,-1.8423789475307297,-3.452107750956339,8.89792154387559
39.61,-2.0114318251498156,-3.785407074755234,8.732561844196006
39.62,-2.1977273111851567,-4.152561076525622,8.585166710110675
39.63,-2.403003636932427,-4.556860370261684,8.458068528155053
39.64,-2.6291575079179506,-5.001814960592691,8.354120928277897
39.65,-2.8782488553564525,-5.491130002923387,8.276801785668797
39.660000000000004,-3.1525019606518843,-6.028662603812802,8.230333733837764
39.67,-3.4543011654205396,-6.618352562430537,8.219823453267473
39.68,-3.786178775823774,-7.264117855372352,8.25142005273907
39.69,-4.150792003822493,-7.969703152199348,8.332491176427387
39.7,-4.550884836886583,-8.738466768726328,8.471812696821209
39.71,-4.989229581730058,-9.57308839515417,8.679763523859615
39.72,-5.468541504070705,-10.475177068506607,8.968510587267074
39.730000000000004,-5.991358553816536,-11.444756934883783,9.352159754994933
39.74,-6.559876780107892,-12.479608638229232,9.846835667990312
39.75,-7.1757310003912735,-13.57444869687806,10.470636764611026
39.76,-7.8397100978118655,-14.719940957845765,11.243391359394492
39.77,-8.55139777218254,-15.90155715206806,12.186118128944456
39.78,-9.308733798317691,-17.09834245769318,13.320073787696085
39.79,-10.107499330441586,-18.281701270686455,14.665259961874716
39.800000000000004,-10.940744194072453,-19.414399937427177,16.238273238848127
39.81,-11.798195823287523,-20.45008218380759,18.049435406022667
39.82,-12.6657187784502,-21.333692006864013,20.099256263705698
39.83,-13.524928325794894,-22.003261868394667,22.374475777476093
39.84,-14.35309484929709,-22.393494261819313,24.84420327388198
39.85,-15.123495859221695,-22.441373231920622,27.456976983230486
39.86,-15.806362077970899,-22.09363636056073,30.139808545360374
39.87,-16.370505817762044,-21.31532888430516,32.800301328569944
39.88,-16.785604057744024,-20.09797892651213,35.332578244806854
39.89,-17.024945482954077,-18.465437589494222,37.6269528060196
39.9,-17.068278280876626,-16.475441619607178,39.58215547312402
39.910000000000004,-16.90427499668652,-14.215691537672667,41.11785698837147
39.92,-16.53212446115929,-11.794604972307615,42.18471009422027
39.93,-15.961898484549035,-9.328449800651066,42.7695229740404
39.94,-15.213595056022015,-6.927643655332529,42.8944457982781
39.95,-14.315049281647052,-4.685147216815823,42.610714274671714
39.96,-13.299129923560535,-2.6690486851298303,41.98886965316147
39.97,-12.20073450455121,-0.9200586926904277,41.10796194343847
39.980000000000004,-11.05404900979764,0.5466888316439193,40.045963172149406
39.99,-9.89039179815652,1.7369550073533158,38.87277232181936
40.0,-8.736781364773046,2.671451928691101,37.64622564757694
40.01,-7.615211226835372,3.379971666622861,36.41077782848421
40.02,-6.54251303611967,3.896426858036998,35.19812774153715
40.03,-5.530644763604304,4.255154728337043,34.028990124900794
40.04,-4.587241247020595,4.4884813882186885,32.915341215880524
40.050000000000004,-3.7162908967061816,4.625345751199561,31.862671030588693
40.06,-2.9188386202971337,4.690712491012578,30.871974048130834
40.07,-2.193650251806289,4.705513590760016,29.94136393357592
40.08,-1.5378025607038324,4.686906126879672,29.06729827035954
40.09,-0.947183758461157,4.648691578150187,28.245454177502026
40.1,-0.4169029865874304,4.601793957697483,27.471318522408232
40.11,0.058384869872984746,4.5547346038895915,26.740559739901364
40.12,0.48422885909781466,4.514070059032201,26.049241446873385
40.13,0.8661946877510528,4.484778044650514,25.393927214457108
40.14,1.209729303591394,4.470587689914504,24.77171452061847
40.15,1.520067170159714,4.4742562571492215,24.18022576936709
40.160000000000004,1.8021694082508841,4.497797489756277,23.61757596515706
40.17,2.060688365417941,4.54266769540656,23.08233022761674
40.18,2.2999514679845228,4.6099156322611385,22.573459606775614
40.19,2.523959348348094,4.700301717303955,22.09030030285211
40.2,2.7363942066915414,4.814391327395702,21.632519094822516
40.21,2.9406351665949173,4.952626176166092,21.200086262935358
40.22,3.1397780346947335,5.115376998888628,20.793256326380973
40.230000000000004,3.336657394828753,5.30298009113913,20.412556331664767
40.24,3.533869375911481,5.515759629412187,20.058781085268716
40.25,3.7337937470048077,5.754037146784687,19.7329945251628
40.26,3.938614227213502,6.018129035513352,19.436536294601026
40.27,4.150336064536857,6.3083324943267876,19.17103246201522
40.28,4.370800047407386,6.624899928762028,18.938409179276537
40.29,4.601692175151749,6.9680014522168365,18.7409078524112
40.300000000000004,4.844548238657995,7.337674835735452,18.5811000852422
40.31,5.100752560507648,7.733762038707345,18.4619002233138
40.32,5.371530126905802,8.155831356552085,18.386572754079086
40.33,5.657931327102898,8.603084297018501,18.35873109899223
40.34,5.960808519216206,9.074246614551312,18.382323466639004
40.35,6.280783689825456,9.567443583070007,18.46160044834181
40.36,6.618206601001504,10.080060681229746,18.60105798842128
40.37,6.973103063132036,10.608592523183141,18.805348361059767
40.38,7.345113383476286,11.148485212238983,19.079151015230302
40.39,7.733421672930343,11.693980415212458,19.426994878727996
40.4,8.136677601456688,12.23797336832791,19.853024315728923
40.410000000000004,8.552913420777378,12.771901609804727,20.36070288532321
40.42,8.979460640211572,13.285686147487818,20.952452897675254
40.43,9.412872618150987,13.767751357805828,21.629235047269862
40.44,9.848861410048563,14.205153132710368,22.390081500239837
40.45,10.282259277542533,14.583845195648646,23.23160772545971
40.46,10.70701696254841,14.889109341758187,24.147542418429065
40.47,11.116251677183914,15.106164848051943,25.128329439422988
40.480000000000004,11.502357164460953,15.22095417457006,26.160867984327698
40.49,11.857185543558732,15.22107629975403,27.228463369839673
40.5,12.172305511242,15.096807599296147,28.311056462770573
40.51,12.43933372841674,14.842117683697285,29.38578112683013
40.52,12.650326351512275,14.455561162657215,30.42786448944561
40.53,12.798206857639483,13.940914392574639,31.411836557211295
40.54,12.877196419408099,13.307436491420304,32.31296073725477
40.550000000000004,12.883206353643393,12.569670041643436,33.10874645308506
40.56,12.814150691361869,11.746756291313742,33.78037244821834
40.57,12.67014197917213,10.861312342560375,34.31384560826275
40.58,12.453544946463246,9.937988287220977,34.700749929530964
40.59,12.168879012630914,9.001873788331693,34.93849941053114
40.6,11.822578844149863,8.076943650430977,35.03008447074667
40.61,11.422638848498066,7.184716316836464,34.98337659021167
40.62,10.978179560888302,6.34325346090793,34.81011359465654
40.63,10.498979488228098,5.566565747363053,34.524717630417136
40.64,9.99501484153414,4.864425004593999,34.14309706454867
40.65,9.4760428695841,4.242529864358215,33.68155780255071
40.660000000000004,8.951254275618712,3.702938310061101,33.15590908865668
40.67,8.429008776455836,3.2446681362944334,32.58080489041662
40.68,7.916657243578372,2.8643716384285076,31.969323403282978
40.69,7.420445378228664,2.5570078213864895,31.33275920848834
40.7,6.945488106445088,2.316457580188181,30.68058657615238
40.71,6.495800804040289,2.136049428585493,30.020546949557886
40.72,6.074372639413978,2.008982106703465,29.358815948767926
40.730000000000004,5.683268133973243,1.9286443028121436,28.70021216099273
40.74,5.323744855507519,1.8888406859496105,28.048418847691423
40.75,4.996377444134221,1.8839381951288292,27.406198565068163
40.76,4.701180528274883,1.908948132600792,26.77558842261886
40.77,4.437725265567714,1.9595591320869679,26.158069792141884
40.78,4.205246105085655,2.032134413244445,25.554710666123043
40.79,4.00273586401011,2.1236845511289557,24.96628174206126
40.800000000000004,3.8290283516318113,2.2318247189393654,24.393348981169673
40.81,3.6828685952693836,2.354723256206191,23.836346176367393
40.82,3.562971279020697,2.4910465938637176,23.29563125176119
40.83,3.4680683518640167,2.639904068189431,22.771529834081935
40.84,3.396946946758836,2.8007949638708034,22.26436925656861
40.85,3.3484788198978253,2.9735592043997996,21.774505695308694
40.86,3.3216425037477855,3.1583324086994664,21.30234667196035
40.87,3.3155392958014036,3.355505509545333,20.848370727918503
40.88,3.3294040970437995,3.5656887396231407,20.413145703533463
40.89,3.3626119843760423,3.789679498720335,19.997346747053125
40.9,3.4146812594764793,4.028433390527674,19.601774927122978
40.910000000000004,3.4852735691437267,4.2830375353638965,19.22737711981169
40.92,3.574191542684257,4.554685106151604,18.875267672762817
40.93,3.6813742419977578,4.844649883558266,18.54675219966593
40.94,3.806890569827901,5.154259470374863,18.24335371065217
40.95,3.9509306303507445,5.484865636453727,17.96684111960653
40.96,4.113794882488479,5.837810079267365,17.71925996674854
40.97,4.295880768600277,6.214383681604417,17.502964930380163
40.980000000000004,4.497666338509122,6.615777133776271,17.32065334830032
40.99,4.719690221310615,7.043020578626373,17.175398496317424
41.0,4.962527127262617,7.496909761757131,17.070680744742614
41.01,5.226757894715799,7.977916071975209,17.010413898628535
41.02,5.512932942801238,8.48607790606996,16.998962991432936
41.03,5.821527866587429,9.020871084932203,17.041148522278657
41.04,6.152889844088376,9.581056717228998,17.142230603516715
41.050000000000004,6.507173552258254,10.16450612409352,17.307864757565135
41.06,6.884265464906212,10.768004412762322,17.54401927594229
41.07,7.283695798498417,11.38703725279836,17.85684233546597
41.08,7.704538066993233,12.015569593001592,18.25246580412002
41.09,8.145297300080104,12.64583062184116,18.736732390714025
41.1,8.603789565637472,13.268126217100832,19.314834234347124
41.11,9.077017589328118,13.870708144015348,19.990855123731706
41.12,9.561049996363579,14.43973755331536,20.767216324372082
41.13,10.050914919024192,14.959387436680807,21.64403842070234
41.14,10.54052215622955,15.412132351681215,22.618449140729627
41.15,11.022631247382147,15.779270910148824,23.6838893263096
41.160000000000004,11.488884976837273,16.04171382689959,24.829493930694635
41.17,11.929927963693766,16.18104480026806,26.039647896808216
41.18,12.335627009263078,16.180822003624936,27.293831449276368
41.19,12.695402818645709,16.028036848731187,28.566867633301175
41.2,12.998671173056534,15.714591179544252,29.829659158941684
41.21,13.235376179379278,15.238606584627256,31.050447549999745
41.22,13.39658074954927,14.60535583304813,32.196548027819375
41.230000000000004,13.475063165314687,13.827621283835583,33.236420613399595
41.24,13.465857469171608,12.925346153082932,34.141852459365246
41.25,13.366673267221557,11.92454682914861,34.88997319063107
41.26,13.178139578947048,10.85557865361985,35.464824442935225
41.27,12.903837250476684,9.750963921839325,35.85826418074047
41.28,12.550111848154785,8.643068389452148,36.070095144995896
41.29,12.1256883337555,7.561930442440241,36.1074384567338
41.300000000000004,11.641134026356395,6.533502283471405,35.98349449503468
41.31,11.10823243333768,5.578470466696935,35.715914944499374
41.32,10.539335125286588,4.711711153157039,35.3250376864226
41.33,9.94675254928137,3.9423322480873506,34.83221230321976
41.34,9.342230485238487,3.274180994975635,34.2583839348774
41.35,8.73654083516664,2.7066601708468174,33.62302824959327
41.36,8.139197520790203,2.2356957241628184,32.943459587369055
41.37,7.5582933226490985,1.8547232128422586,32.23448043125556
41.38,7.000442998873207,1.555597264780559,31.508307970490463
41.39,6.470812184085418,1.3293667771393578,30.77470112550926
41.4,5.973209727491778,1.166891633801841,30.04121397846717
41.410000000000004,5.510222202372578,1.0593011003589932,29.313513105522727
41.42,5.083372168741793,0.9983094208537232,28.595711594217953
41.43,4.69328542791824,0.9764118785992808,27.890687819009642
41.44,4.339856267172676,0.9869867585660383,27.20037018955039
41.45,4.022403115965606,1.02432730128903,26.52597920012623
41.46,3.7398099032730707,1.0836245282948314,25.868225160218156
41.47,3.4906506543845164,1.160917922210119,25.227464399429827
41.480000000000004,3.2732965274116252,1.2530270919245805,24.603819114248353
41.49,3.0860056456523957,1.3574741319940544,23.99726695915294
41.5,2.9269968300408165,1.4724035498849708,23.407706492853613
41.51,2.794508772174461,1.5965043978245863,22.835004066648292
41.52,2.686846396979068,1.7289375478118372,22.27902696596181
41.53,2.60241621365346,1.869269799287602,21.73966677148771
41.54,2.5397523974649956,2.0174156156910903,21.216856102636648
41.550000000000004,2.4975352229629055,2.1735866641177846,20.710581200517076
41.56,2.4746033097927853,2.3382489107277373,20.22089222310389
41.57,2.4699609653157006,2.512086746807318,19.747912662986078
41.58,2.48278172679971,2.69597344242747,19.291848947698863
41.59,2.512409028273718,2.8909471126773876,18.8530010281431
41.6,2.558354747828826,3.0981913095691698,18.431774584252388
41.61,2.620296232225942,3.3190193007870015,18.028695361548497
41.62,2.6980722472307206,3.5548610484815812,17.644426081498032
41.63,2.791678162868608,3.8072518440811027,17.279786328045073
41.64,2.9012605504555804,4.077821477250621,16.935775788763763
41.65,3.0271112396983493,4.36828270853881,16.613601208416434
41.660000000000004,3.169660755630567,4.680417666633074,16.314707381189276
41.67,3.3294709224321486,5.016060594097784,16.04081244932089
41.68,3.5072262797001525,5.377075112882175,15.793947670518122
41.69,3.703723801791996,5.7653238679258205,15.576501639549493
41.7,3.9198602379036327,6.182628033121608,15.391268668803294
41.71,4.156616195708177,6.6307137350108345,15.241500607683937
41.72,4.415035872277343,7.111141983706302,15.130960760487781
41.730000000000004,4.696201092989322,7.625218233596573,15.063977684896003
41.74,5.001198057163635,8.173877291582663,15.045495446725244
41.75,5.331074920568294,8.757539050581489,15.081115294161046
41.76,5.686788093134798,9.375930607987994,15.177121624570287
41.77,6.0691349346653425,10.027870961461828,15.340482501957293
41.78,6.478670453634038,10.711015974048323,15.57881185356217
41.79,6.915605744855301,11.421564079763566,15.90027694921372
41.800000000000004,7.379686366333003,12.15392775852702,16.313431148485908
41.81,7.870049817636994,12.9003826857983,16.826948768467737
41.82,8.385062939106238,13.650716131471336,17.44923724640011
41.83,8.922142616018029,14.391908853983542,18.187902996411623
41.84,9.477566832148728,15.107900038176055,19.0490534467513
41.85,10.046287961954317,15.779501372093957,20.036431026592993
41.86,10.621766099089621,16.384541247261854,21.150397637346387
41.87,11.195846715191239,16.898328484617473,22.386821797787775
41.88,11.758713042920837,17.29452021462471,23.73596440756044
41.89,12.298947689245722,17.54645280551213,25.181508314134668
41.9,12.803737959162271,17.628941365624645,26.699921713435977
41.910000000000004,13.259252819644724,17.52047034524509,28.260370464817274
41.92,13.651204412464997,17.20559217367874,29.825380951200476
41.93,13.965583027322634,16.677242142635215,31.352386779625196
41.94,14.18952347339245,15.938597311321857,32.79616391993981
41.95,14.31222796805891,15.004091594342269,34.11198395421833
41.96,14.325843832360707,13.899276513452213,35.25913139631387
41.97,14.226182141089538,12.65939100135207,36.20429281203169
41.980000000000004,14.013172590889061,11.326743049891501,36.92428594415075
41.99,13.690981615265079,9.947248941505425,37.407684923070605
42.0,13.267769835648433,8.566649791985869,37.6550998603438
42.01,12.755120218721116,7.226976172715698,37.67813104392349
42.02,12.167216546044338,5.963747213387279,37.49726344403262
42.03,11.519882074537884,4.804204190841082,37.13912914674611
42.04,10.829595485728019,3.766653004112538,36.6336105104682
42.050000000000004,10.112587084378614,2.8607901792637804,36.011193698319644
42.06,9.384089552230803,2.0887570292797966,35.3008498324909
42.07,8.657783275945647,1.4466192998400782,34.52856848785672
42.08,7.945444276408267,0.9259917414733586,33.716536093646575
42.09,7.256778202360178,0.5155915254470252,32.882862213911196
42.1,6.599408656409147,0.20258331350142467,32.04171347593651
42.11,5.978981700433091,-0.02634863398528059,31.2037095879453
42.12,5.399348697601194,-0.1842106685517006,30.37645484016095
42.13,4.86279421628549,-0.2831664022774999,29.565108632769192
42.14,4.370282329060178,-0.3342161916507438,28.77293022571215
42.15,3.9217016472410724,-0.3470409198535211,28.00176037347373
42.160000000000004,3.5160958228812227,-0.3299645201651728,27.252423436816517
42.17,3.1518715318233257,-0.28999662090494993,26.525047799951565
42.18,2.8269799936119915,-0.23292486468342405,25.81931097086473
42.19,2.539070972781392,-0.16343425514016258,25.134620014908492
42.2,2.2856201292038434,-0.08523754010143432,24.47023933999841
42.21,2.0640317582275896,-0.0012059163898573283,23.82537744602975
42.22,1.8717195854264335,0.08650669701677235,23.199242905059663
42.230000000000004,1.7061685242434028,0.1763497242619056,22.591078114132173
42.24,1.5649802985813674,0.2672742754694587,22.000177605034388
42.25,1.4459056729709752,0.35864439699232886,21.425896094377116
42.26,1.346865788343853,0.4501610240675373,20.867650098604898
42.27,1.2659648177063605,0.5417979280068812,20.324915842921875
42.28,1.2014958630795365,0.6337486734776991,19.79722534562194
42.29,1.1519417314922875,0.7263834756081011,19.284161927483634
42.300000000000004,1.1159719643350807,0.820214818783319,18.78535594148326
42.31,1.0924372565427865,0.9158707327728649,18.300481203688587
42.32,1.080362192030996,1.0140746925088016,17.829252398634303
42.33,1.0789370395638989,1.1156311986495604,17.371423604115176
42.34,1.0875091974688238,1.221416195634734,16.92678800923193
42.35,1.1055747442476311,1.3323715845172246,16.495178868975394
42.36,1.1327704426694098,1.449503184125772,16.07647173638619
42.37,1.1688664546772287,1.5738815823320667,15.670588030765419
42.38,1.2137599506719647,1.7066453966485509,15.27750003177551
42.39,1.2674697367480257,1.8490065279145178,14.897237430967254
42.4,1.3301319746143223,2.002257040514001,14.529895622300131
42.410000000000004,1.4019970286705956,2.1677773354088297,14.175645970710054
42.42,1.4834274404944991,2.3470452959037464,13.834748362570997
42.43,1.5748970002860945,2.5416460774778034,13.507566414227158
42.44,1.6769908549827452,2.753282178247797,13.194585794923176
42.45,1.790406560980366,2.983783360403484,12.896436208398644
42.46,1.915955952546445,3.235115888314971,12.613917672336951
42.47,2.054567651493708,3.5093903969016416,12.348031834583809
42.480000000000004,2.2072899852686225,3.808867492669062,12.100019165159834
42.49,2.3752940042227118,4.135959905006908,11.871402955720411
42.5,2.559876188344542,4.493229629073403,11.664041130243744
42.51,2.7624603017301097,4.883378012745004,11.480186901784508
42.52,2.984597680705245,5.309226114768331,11.32255926871653
42.53,3.2279650184186566,5.773681874221642,11.194424183382036
42.54,3.4943584231803477,6.279689659446791,11.099686878936316
42.550000000000004,3.785682167339149,6.8301565925599625,11.042995210959544
42.56,4.103930096121348,7.427848676876,11.02985282764312
42.57,4.451157122658072,8.07524822830978,11.066739350509133
42.58,4.8294375948384385,8.774362530049771,11.161232301270935
42.59,5.240806594516056,9.526472197350865,11.322121975315397
42.6,5.687179458291348,10.331806820069765,11.559505531205257
42.61,6.170244071505407,11.189135641055849,11.884839942697704
42.62,6.691319926997613,12.095263243647889,12.310924953114048
42.63,7.251177793555704,13.04442577553099,12.851776861753532
42.64,7.849814465507351,14.027593878069505,13.52234248586132
42.65,8.486178974782595,15.031706316801023,14.337991558439972
42.660000000000004,9.157850505914611,16.038885428717958,15.313718193733353
42.67,9.860674838046465,17.025723274245642,16.462982942761656
42.68,10.588376187775053,17.962775041282836,17.796143746494717
42.69,11.3321752568297,18.814448837226873,19.31846601995278
42.7,12.080461697780201,19.539526870749906,21.027778344965906
42.71,12.818588216598847,20.09257184821884,22.91195566132351
42.72,13.528870079933197,20.426435723290812,24.946560041071436
42.730000000000004,14.19088132465778,20.49596498661764,27.093124212714468
42.74,14.782129021568299,20.262768064165154,29.298674007598038
42.75,15.279151398549232,19.700588694121386,31.497081124253334
42.76,15.659020724967325,18.800478916931514,33.612646304753895
42.77,15.90114312113973,17.574706701516785,35.5659054372672
42.78,15.989152954740334,16.058312060972717,37.281082812579626
42.79,15.912628066635168,14.307546094243383,38.69404593343451
42.800000000000004,15.6683344806067,12.395074061408996,39.75926847832217
42.81,15.26076419752064,10.402623422282796,40.45437099855041
42.82,14.701851641463538,8.412429896052084,40.78132387246502
42.83,14.009911450391566,6.4991190298638895,40.76420787945049
42.84,13.20798575940463,4.723454014416989,40.44424253961988
42.85,12.321880871363819,3.12878811973431,39.87332692223931
42.86,11.378191088711752,1.7403313592720535,39.10745027177907
42.87,10.402558501093539,0.5667345017239931,38.201065111516684
42.88,9.418328210046951,-0.3968363940268317,37.20304577532183
42.89,8.44566070149369,-1.1650004181033689,36.1543755400604
42.9,7.501081751705484,-1.7585358869770154,35.08735025094727
42.910000000000004,6.597397663000754,-2.2012724675313713,34.025902269406515
42.92,5.743880397181288,-2.517700526495396,32.98661365862032
42.93,4.946626755557892,-2.7313133424329585,31.980047889823418
42.94,4.209009224390766,-2.8635887788650636,31.012130519468524
42.95,3.5321554818958076,-2.9334709518824145,30.085412234778612
42.96,2.9154132607635748,-2.9572087965655114,29.20013176999686
42.97,2.356774187533567,-2.948427637103859,28.355055099040733
42.980000000000004,1.8532432104614727,-2.9183375098371322,27.54810299322877
42.99,1.4011493115148599,-2.876009435965298,26.7767969373115
43.0,0.9963989949037289,-2.828673973872964,26.038559403712917
43.01,0.6346773532159117,-2.7820139911428066,25.330903489098127
43.02,0.311603086734342,-2.7404360272005754,24.65154243151428
43.03,0.022844304984430908,-2.7073128488280855,23.99844379817832
43.04,-0.2357982748375832,-2.685194924919886,23.36984744839934
43.050000000000004,-0.4683346888152725,-2.675991522591433,22.764261366117157
43.06,-0.6785503296895017,-2.681123698065261,22.18044535414132
43.07,-0.8699872371991713,-2.7016521551132335,21.617389396010605
43.08,-1.0459382483662716,-2.7383831295282737,21.074291121208585
43.09,-1.2094508423030366,-2.7919553590171553,20.55053511432808
43.1,-1.3633380954433807,-2.862910953287365,20.045675644312446
43.11,-1.5101946622059255,-2.951752669439232,19.55942362637373
43.12,-1.6524161169588858,-3.058989766812382,19.091638158351753
43.13,-1.792220342378395,-3.1851742848420446,18.64232270920136
43.14,-1.931669934229227,-3.3309292661149335,18.211625914207048
43.15,-2.072694820366267,-3.4969701362728567,17.79984690045717
43.160000000000004,-2.217114468729725,-3.6841201501738743,17.40744509127268
43.17,-2.3666591906864145,-3.8933205148268,17.035054493624127
43.18,-2.5229901365854657,-4.125635497515364,16.683502538684042
43.19,-2.687717633087258,-4.382252514511074,16.3538336070932
43.2,-2.86241752884011,-4.664476863249349,16.04733741334809
43.21,-3.0486451975199205,-4.973720399689712,15.765582433356448
43.22,-3.2479467952367345,-5.311483063726758,15.510454518286279
43.230000000000004,-3.461867282138938,-5.679325710968577,15.284200724070251
43.24,-3.691954594424863,-6.078832213755452,15.089478169947618
43.25,-3.9397591914870977,-6.511558248318769,14.92940738255595
43.26,-4.206828002754153,-6.978963598666686,14.807629034309935
43.27,-4.4946915609127736,-7.482324207465002,14.728362183326109
43.28,-4.804842837096486,-8.022619641371529,14.696460991382486
43.29,-5.138705999992626,-8.600391202011174,14.717465350817713
43.300000000000004,-5.497593025234591,-9.215565746561424,14.797638803414468
43.31,-5.88264581944729,-9.867240598860745,14.943984511289553
43.32,-6.294761351861993,-10.553426040875598,15.16422681297099
43.33,-6.734497291517272,-11.270744191801953,15.466742131199227
43.34,-7.201955952608116,-12.014087135148669,15.860418922137066
43.35,-7.696645120245408,-12.776243551139697,16.354422464209307
43.36,-8.217315772310377,-13.547512455491555,16.957837463746934
43.37,-8.761779069317829,-14.315335355332786,17.67916110418765
43.38,-9.326708488818396,-15.063994139044013,18.525623280561724
43.39,-9.907437798991715,-15.774440307809288,19.502321874473857
43.4,-10.49777168246729,-16.424339210169617,20.611181781269153
43.410000000000004,-11.089832885949802,-16.988426169354284,21.849779196630482
43.42,-11.673976918287444,-17.439272898379457,23.210117736977725
43.43,-12.238811014660987,-17.748543706443385,24.67749695841446
43.44,-12.771356097281476,-17.888773146004212,26.229667830564235
43.45,-13.257386104343855,-17.83561507269622,27.836508220960408
43.46,-13.681965811802002,-17.570401405358094,29.46045374928183
43.47,-14.030184841688884,-17.08272439132094,31.05786470284887
43.480000000000004,-14.28805313139882,-16.372650940834518,32.58138634821216
43.49,-14.443486396156985,-15.452133129381421,33.98317603615222
43.5,-14.487277160883705,-14.345232653756867,35.21866090065688
43.51,-14.413927697644288,-13.086943252822895,36.250312996065674
43.52,-14.222224258050602,-11.720649971193303,37.050848727497424
43.53,-13.915460854200358,-10.294544529440564,37.60531981770711
43.54,-13.501271492844026,-8.85753858897566,37.91176245553386
43.550000000000004,-12.991090971626274,-7.455310711060731,37.980357502697224
43.56,-12.399321132160255,-6.127061007006899,37.83134292738519
43.57,-11.742318341533055,-4.90335710442027,37.49212717853003
43.58,-11.037331469920417,-3.805203600775533,36.994130724626054
43.59,-10.301508129451543,-2.8442316644875802,36.3698326886135
43.6,-9.551057321572827,-2.0237426544024197,35.650360264576754
43.61,-8.800618877114399,-1.3402710581617339,34.86378676766088
43.62,-8.06285357991455,-0.7853466152147281,34.034149291519185
43.63,-7.348239075685161,-0.34720343430418793,33.18108822357925
43.64,-6.665038315177053,-0.01227238201471248,32.31995551970511
43.65,-6.019399016266713,0.23362335307468585,31.462228254273327
43.660000000000004,-5.415542264487813,0.4043848803077137,30.61608315851391
43.67,-4.856003095486513,0.5130399413159906,29.78702124320695
43.68,-4.34189313513971,0.5713830895709474,28.97846751942592
43.69,-3.873163178891129,0.5897995118555253,28.192302330644555
43.7,-3.448850761991621,0.5772213339614045,27.42930492529909
43.71,-3.0673037107373435,0.5411730162329448,26.68950633381591
43.72,-2.7263752069273908,0.48787170363830856,25.972458486445447
43.730000000000004,-2.423589135340755,0.422357249462728,25.27743144147228
43.74,-2.1562766301894554,0.34863417053621676,24.603552178686005
43.75,-1.921686037377554,0.269813741341949,23.94989796079549
43.76,-1.717069194788567,0.18824887331296886,23.31555573950744
43.77,-1.5397471943291132,0.10565759042474093,22.699657129578917
43.78,-1.3871587753178352,0.0232330794103308,22.101396488349227
43.79,-1.2568943174989324,-0.05826028099187176,21.52003783471261
43.800000000000004,-1.1467181292806703,-0.13840461050647038,20.95491481527806
43.81,-1.0545814135499647,-0.217059105603223,20.40542669843683
43.82,-0.9786279722103174,-0.2943023897448971,19.87103243045886
43.83,-0.9171944013347921,-0.37038539797105907,19.35124408357468
43.84,-0.8688062428155894,-0.4456935402569901,18.845620520177764
43.85,-0.8321713012619202,-0.5207169344986502,18.35376174703274
43.86,-0.8061711086581401,-0.5960275842820246,17.87530420094616
43.87,-0.7898513237035465,-0.6722624812288194,17.409917061419176
43.88,-0.7824116862312426,-0.7501117250600358,16.957299601530316
43.89,-0.7831960073145666,-0.8303108689555324,16.517179546768087
43.9,-0.7916825599175089,-0.9136368083457892,16.089312398830756
43.910000000000004,-0.8074751404084717,-1.0009066347745732,15.67348168767379
43.92,-0.8302949951409456,-1.0929789709413387,15.26950013362032
43.93,-0.8599737459353307,-1.1907573872869095,14.87721172786894
43.94,-0.8964474011664901,-1.2951955738408092,14.496494771730717
43.95,-0.9397515029530967,-1.407304003089469,14.127265951195126
43.96,-0.9900174335253586,-1.5281578700178178,13.769485563683252
43.97,-1.0474698832533187,-1.6589061337978077,13.423164058474999
43.980000000000004,-1.112425467219974,-1.8007815111633625,13.088370102134311
43.99,-1.185292464882843,-1.9551112832056146,12.765240436454206
44.0,-1.2665716465756929,-2.1233287733999684,12.453991860343578
44.01,-1.3568581396074217,-2.306985332536522,12.154935740092753
44.02,-1.4568442736329938,-2.5077626221389235,11.868495535921321
44.03,-1.5673233276741971,-2.727484916737184,11.595227927685182
44.04,-1.689194077150602,-2.968131039962313,11.33584822956441
44.050000000000004,-1.823466005497292,-3.2318454004724466,11.091260901869132
44.06,-1.9712649976112118,-3.5209473889243146,10.862596095402958
44.07,-2.1338392667248796,-3.8379381207833596,10.651253294864572
44.08,-2.312565176352535,-4.185503141803929,10.458953252842482
44.09,-2.5089524971419856,-4.566509228953931,10.28779950858866
44.1,-2.7246484753957905,-4.983992790038798,10.140350839397485
44.11,-2.9614398741828727,-5.441136556660635,10.01970595584907
44.12,-3.2212518655888536,-5.941230241443493,9.929601563255783
44.13,-3.5061422879265285,-6.487609557688177,9.874524479081286
44.14,-3.818289317512311,-7.083566454277942,9.859837689131403
44.15,-4.159970024247425,-7.7322216027169794,9.891918861742555
44.160000000000004,-4.533526571031361,-8.436348139216095,9.978307673143004
44.17,-4.941315976481619,-9.198133555713213,10.127855010159845
44.18,-5.385638406585587,-10.018864742941757,10.350862318855024
44.19,-5.868637948615115,-10.898520044842435,10.659192623402847
44.2,-6.392168865641267,-11.83525266241637,11.066325635456817
44.21,-6.957619642374994,-12.824753198640492,11.587317667141397
44.22,-7.5656870595849455,-13.859487510079449,12.238612945770232
44.230000000000004,-8.216093604715443,-14.927821899872725,13.037637478040194
44.24,-8.907244489379929,-16.01307407401821,14.00209241666308
44.25,-9.635826364862092,-17.092568048373085,15.148855857025966
44.26,-10.396359591566283,-18.13682569998996,16.492408141606624
44.27,-11.180730578102839,-19.10909443189544,18.042727414955184
44.28,-11.977750566641896,-19.96547979637744,19.802672830592304
44.29,-12.772811159077687,-20.65600332694534,21.764994168092176
44.300000000000004,-13.547731234591096,-21.126905752004333,23.909280796441607
44.31,-14.280907714073882,-21.324421082904347,26.19937093164267
44.32,-14.94788347629556,-21.20001835533096,28.581932191665548
44.33,-15.522417633089045,-20.716734963171213,30.98700873180287
44.34,-15.978077265088572,-19.855760298406224,33.331202568804926
44.35,-16.290266294042087,-18.622005332308643,35.523739617718846
44.36,-16.438483326205112,-17.04721148796799,37.4749831248573
44.37,-16.408490423686196,-15.189395930253042,39.1061641074987
44.38,-16.194022166428276,-13.128154436252245,40.3584932679384
44.39,-15.797703098431445,-10.956381413509455,41.199704905370325
44.4,-15.230976452916753,-8.769957121369828,41.626601247816474
44.410000000000004,-14.513044372133885,-6.657496687020926,41.66317682288821
44.42,-13.669018570010294,-4.6921340505244915,41.35502974459668
44.43,-12.727618533871517,-2.926606481668855,40.76158565712457
44.44,-11.71879630533949,-1.391934965488058,39.947916458289306
44.45,-10.671615427341209,-0.09914045148696582,38.97764641280147
44.46,-9.612600094796662,0.9570563210219147,37.907827601733906
44.47,-8.564642857443763,1.7936881915855978,36.78601472923604
44.480000000000004,-7.546451187668962,2.435073259183895,35.649278439985586
44.49,-6.572443124140369,2.909009510882789,34.5246412130985
44.5,-5.652971535100886,3.243886870214342,33.4303722768233
44.51,-4.794756409968109,3.466726837255949,32.377661531377754
44.52,-4.001422694275579,3.6020187725882433,31.372329970600976
44.53,-3.2740666468083672,3.6711663718996035,30.41637132994733
44.54,-2.611799076159646,3.692358355901191,29.509229193170654
44.550000000000004,-2.01223516030282,3.6807064786168704,28.648788227138542
44.56,-1.471916535436552,3.6485322487644978,27.832101478092586
44.57,-0.9866621887815685,3.605720161859922,27.055895868398935
44.58,-0.551851347577705,3.5600848876625113,26.31690339683256
44.59,-0.16264513770756606,3.517721699383636,25.612062607278645
44.6,0.1858447061130123,3.4833243222587096,24.93862814915643
44.61,0.4984315739355056,3.4604638512893904,24.29421845676376
44.62,0.7797661546874861,3.4518279923533535,23.67682420487003
44.63,1.0342779008625407,3.4594229076723506,23.084793916095666
44.64,1.2661396094550301,3.484741356492954,22.516808085676015
44.65,1.4792499112749422,3.5289012767669887,21.97184938580704
44.660000000000004,1.6772293504315803,3.592758882104336,21.449173740827828
44.67,1.863426519576048,3.677000012157485,20.948285121998023
44.68,2.0409313873281687,3.7822130245777945,20.46891560256147
44.69,2.2125935164258776,3.9089460333755675,20.01101137317679
44.7,2.3810433338261894,4.057750820614052,19.57472490923324
44.71,2.548714988092313,4.22921529078635,19.160413199471783
44.72,2.7178696254636563,4.423985902178457,18.76864180948079
44.730000000000004,2.8906181434330245,4.642781092962142,18.400194503911436
44.74,3.0689426474259416,4.886396314968445,18.056088142467075
44.75,3.254715948825355,5.155700887679091,17.737592561938715
44.76,3.449718506340446,5.451626482140076,17.446255131081355
44.77,3.6556522317373394,5.775146634118169,17.183929591028807
44.78,3.8741505586365212,6.127246265731965,16.952808645197692
44.79,4.10678411252827,6.5088797676775805,16.75545951076032
44.800000000000004,4.3550612247556,6.920915770266619,16.5948612561385
44.81,4.620422407522512,7.364066332425821,16.474442187937537
44.82,4.904227757943266,7.838797941831716,16.39811477409943
44.83,5.207736097749144,8.34522150815683,16.37030455360882
44.84,5.532074498793241,8.882958538371877,16.39596814649043
44.85,5.878196719367259,9.45098104240613,16.480593815409367
44.86,6.2468290215800755,10.04742361275908,16.63017604880219
44.87,6.638401911017939,10.669367790468758,16.851153401908807
44.88,7.052966611815884,11.31260155938219,17.15029651176509
44.89,7.490095660107455,11.971360915676271,17.534531109535298
44.9,7.948767983691694,12.638066230579811,18.01067950984904
44.910000000000004,8.427240364437425,13.303073731608471,18.5851042444221
44.92,8.922909373378628,13.954471767501461,19.26324029580947
44.93,9.432170804367164,14.57796199921832,20.04900909147267
44.94,9.950287289876275,15.156875924442447,20.944119430255235
44.95,10.471278968102395,15.67238484427643,21.94727894120492
44.96,10.987856330556868,16.103963053535708,23.053364742620257
44.97,11.491417927087632,16.430155323262063,24.252632197598132
44.980000000000004,11.972137299899057,16.629676179837542,25.53007199235737
44.99,12.41916195549539,16.68282701024757,26.865050996525216
45.0,12.820940956449876,16.573158159660984,28.23138149120367
45.01,13.165685868495425,16.28923333815459,29.597945389234532
45.02,13.44195242371629,15.82628642326246,30.929946700113426
45.03,13.639309051673063,15.187515834569126,32.19077590549671
45.04,13.749036916739067,14.384760234352616,33.344355141162445
45.050000000000004,13.76478925162198,13.438356191725777,34.35771708166325
45.06,13.683130841289966,12.376093612535257,35.20348558280924
45.07,13.503885291977307,11.231338446239713,35.86190306074899
45.08,13.230238901943938,10.040547724894232,36.32210446298882
45.09,12.868582267021173,8.840516861326643,36.58246320186307
45.1,12.42810755798812,7.665740668717145,36.64999972558397
45.11,11.920212601453507,6.54622773195727,36.539004419088414
45.12,11.357785480020542,5.505998617858566,36.269142182087066
45.13,10.754451527395053,4.562356620470625,35.86335260728235
45.14,10.123858511289523,3.7258844170866414,35.34583679958764
45.15,9.479059001134003,3.0010210846593712,34.74034856846936
45.160000000000004,8.832026673855237,2.3870247112228897,34.06891214248746
45.17,8.193320835473298,1.8791233799102354,33.35099705663493
45.18,7.571894602828808,1.4696881219883458,32.603110915249594
45.19,6.975029007736488,1.1493087496010532,31.838729025730174
45.2,6.408368055109338,0.9077028233323845,31.068464457759546
45.21,5.876027615473273,0.7344299676984398,30.300386098047372
45.22,5.380752534873551,0.6194141382457169,29.54040768027611
45.230000000000004,4.924100017252172,0.553295036804488,28.79269062092484
45.24,4.506631932935357,0.5276386884617975,28.060022952947403
45.25,4.12810334826299,0.5350390665230561,27.344153045680844
45.26,3.787638724923233,0.5691402887158358,26.646069139771196
45.27,3.4838906552344864,0.6246044477551678,25.966224098629635
45.28,3.2151786278534606,0.6970450456076743,25.304709824130803
45.29,2.9796072182310973,0.7829411434405629,24.661388327173377
45.300000000000004,2.775164385010708,0.8795431469364126,24.035987270916177
45.31,2.5998013576303647,0.9847777596796754,23.428167566423422
45.32,2.4514960439697404,1.0971570309477796,22.837569783077512
45.33,2.328302073933533,1.215694494920223,22.263845073428957
45.34,2.2283856080611324,1.33983001717454,21.706675215168506
45.35,2.150051942162442,1.4693640063610878,21.165785361762012
45.36,2.0917637750848,1.6044010062242895,20.640952225757353
45.37,2.0521528089042613,1.7453022686543571,20.132009712838123
45.38,2.030026140658277,1.8926466550424466,19.638853475054052
45.39,2.0243686961426475,2.047199070439439,19.16144544100104
45.4,2.0343427577671216,2.2098855655943184,18.699819087012724
45.410000000000004,2.059285454628734,2.3817742184175983,18.25408601419945
45.42,2.0987049157567776,2.5640609084125763,17.82444427085115
45.43,2.1522756369764116,2.7580591097161093,17.41118879059129
45.44,2.219833476794365,2.9651928384741066,17.01472428902156
45.45,2.3013705749688507,3.186991888315452,16.635580963382658
45.46,2.3970303761396177,3.425088464822946,16.274433360943345
45.47,2.5071028366719705,3.681214277752986,15.932122813580422
45.480000000000004,2.6320197918468278,3.957197059918682,15.609683869729384
45.49,2.7723503583951477,4.254955345340887,15.308375181122445
45.5,2.9287961393664745,4.5764901471818,15.029715308928353
45.51,3.1021858792209067,4.923871918397635,14.775523886906491
45.52,3.2934690811967955,5.299220845400177,14.547968497441381
45.53,3.503707940463573,5.70467810900983,14.349617451778315
45.54,3.734066759272962,6.142365242732682,14.183498380400783
45.550000000000004,3.9857977886372775,6.614328127981289,14.05316208253847
45.56,4.260222180643661,7.122461503952377,13.96275038915989
45.57,4.558704434759681,7.668409172243338,13.917065778009901
45.58,4.88261838385854,8.253434412138999,13.921639041345506
45.59,5.233302403194212,8.878254611533224,13.98278933239852
45.6,5.612001163763886,9.542833953130472,14.107668288071494
45.61,6.0197909364555295,10.246128467900359,14.304276546478828
45.62,6.457485260510395,10.985779297372492,14.581436815211804
45.63,6.925517834421651,11.757753162197188,14.948702798843401
45.64,7.4237999352698605,12.555934534621969,15.416178099306155
45.65,7.951550747622224,13.371682676494316,15.994214380046706
45.660000000000004,8.507100966008409,14.193379317012731,16.692954911931462
45.67,9.087673242078232,15.006009781671144,17.521690102573537
45.68,9.689147777589024,15.790841548256571,18.487998574023145
45.69,10.305827795419605,16.525287752442924,19.59666429473217
45.7,10.930227644990811,17.183065087920312,20.848390784415088
45.71,11.552915297128738,17.734768865287474,22.238379931749346
45.72,12.16244958007079,18.148982650763024,23.75490471290935
45.730000000000004,12.745458393960087,18.394004009109647,25.378075407899015
45.74,13.286904133987944,18.440191105543246,27.079062817372154
45.75,13.770573095708558,18.262814370783435,28.8200757567053
45.76,14.17980388627868,17.84514478369284,30.55536498637373
45.77,14.498435302571272,17.181357157169863,32.23341749559372
45.78,14.71191023779358,16.27872306318443,33.80030835950541
45.79,14.808427260426763,15.158569242487559,35.20391956113726
45.800000000000004,14.779997727575184,13.855621124194373,36.39848002231708
45.81,14.623256288110758,12.415631468164614,37.348714447935905
45.82,14.339894560296004,10.891549136242203,38.03288551980803
45.83,13.936640853019938,9.338808418087803,38.44420093737528
45.84,13.424781926537037,7.810508555890543,38.590390516765574
45.85,12.819297594120622,6.353244245830833,38.49163789146904
45.86,12.137736379059927,5.004151831530622,38.17735930163237
45.87,11.398987592164573,3.789428679367511,37.682475179965614
45.88,10.622099361553078,2.724268414665846,37.04379896429879
45.89,9.82526020788525,1.8139188878100359,36.2970125333631
45.9,9.025016118565045,1.055454452609396,35.47448167566265
45.910000000000004,8.235748545818858,0.4398535260395292,34.603958667926904
45.92,7.469400726887227,-0.04594987996852806,33.70806786562128
45.93,6.7354146799758,-0.4172604516043195,32.804388970582714
45.94,6.040829293489399,-0.6901723611670971,31.90593272225664
45.95,5.39048848800631,-0.8805014151243901,31.021825218384524
45.96,4.787313852791616,-1.003067628812824,30.158058944185957
45.97,4.232605013791817,-1.0712687228404745,29.318214707371045
45.980000000000004,3.7263406860588066,-1.096876595569774,28.504099320995643
45.99,3.2674622812309333,-1.0899928332677293,27.71627488816377
46.0,2.8541292888954866,-1.0591094722196466,26.954476484158118
46.01,2.4839412182694156,-1.011233210153178,26.21792741603369
46.02,2.1541248024150073,-0.9520425802955916,25.50556725378441
46.03,1.8616877162450907,-0.8860570970790205,24.816209589421014
46.04,1.6035415649178903,-0.8168047535339215,24.148645709936645
46.050000000000004,1.3765976575031051,-0.7469796480403397,23.501708309910505
46.06,1.1778393351328185,-0.6785852850905492,22.874306835814306
46.07,1.0043745579041072,-0.6130616112979151,22.265443533181244
46.08,0.8534722029658129,-0.551395455781402,21.67421701409133
46.09,0.7225851778887113,-0.49421501851930355,21.099818280386152
46.1,0.6093630675340906,-0.4418695980599267,20.54152264293919
46.11,0.5116566458094576,-0.39449601892102915,19.998679836888666
46.12,0.42751621731640455,-0.35207331096484445,19.470703793705802
46.13,0.35518541932632,-0.31446717626077597,18.957062934852637
46.14,0.2930918167639215,-0.2814656982365233,18.457271443510496
46.15,0.23983536301514394,-0.2528076322174459,17.97088170276846
46.160000000000004,0.19417557616686903,-0.22820448426141676,17.497477921764496
46.17,0.1550180912029189,-0.2073574482214192,17.036670875018913
46.18,0.12140109054903564,-0.1899701365336628,16.588093631490562
46.19,0.09248198475713348,-0.17575791281442632,16.151398131812304
46.2,0.06752460861959066,-0.1644545165691699,15.726252472732442
46.21,0.04588711232264105,-0.15581656354573167,15.312338768777959
46.22,0.027010659324100312,-0.14962641003273758,14.909351477130288
46.230000000000004,0.010408989684696456,-0.1456937856753625,14.51699608923962
46.24,-0.00434113290661399,-0.1438565267264593,14.134988109773353
46.25,-0.017608602403742988,-0.14398067939047282,13.763052259015877
46.26,-0.029715813859739718,-0.14596019021309464,13.400921848339287
46.27,-0.040945718181197674,-0.1497163564019284,13.048338289753556
46.28,-0.051548147255141855,-0.1551971725868209,12.705050709943048
46.29,-0.06174547440872952,-0.16237668091194557,12.37081564683743
46.300000000000004,-0.07173767796048758,-0.17125440760809588,12.045396812927248
46.31,-0.08170687614490774,-0.1818549504993569,11.728564914500655
46.32,-0.09182140060023776,-0.1942277675051926,11.420097520014588
46.33,-0.10223947343233145,-0.20844720544004686,11.119778974162097
46.34,-0.11311255002561395,-0.22461280070326303,10.827400357071241
46.35,-0.12458838659404349,-0.24284987828810828,10.542759490658344
46.36,-0.13681388820330861,-0.26331047249112516,10.265660996628672
46.37,-0.14993778984182762,-0.28617459141242124,9.99591641312623
46.38,-0.16411322021448507,-0.31165184750641434,9.733344379731081
46.39,-0.1795001953823815,-0.33998347782780475,9.477770903538378
46.4,-0.19626808724648234,-0.371444780022075,9.229029722588738
46.410000000000004,-0.21459811022148173,-0.4063479933742499,8.986962787133171
46.42,-0.23468586829868293,-0.4450456582236089,8.751420884312928
46.43,-0.25674400406923004,-0.4879344916648983,8.522264438058553
46.44,-0.281004991176086,-0.5354598225873028,8.299364523655322
46.45,-0.30772411207918865,-0.5881206346478415,8.082604145839543
46.46,-0.33718266393771973,-0.6464752716166176,7.8718798409168205
46.47,-0.3696914368095364,-0.7111478655143378,7.66710367776332
46.480000000000004,-0.40559451019912196,-0.7828355538779491,7.468205750340144
46.49,-0.445273416190566,-0.8623165580415757,7.275137276325271
46.5,-0.48915171989155326,-0.9504591990832237,7.087874443635008
46.51,-0.5377000705584601,-1.0482319314565527,6.906423180175636
46.52,-0.5914417793846275,-1.1567144754374392,6.730825063606728
46.53,-0.6509589822459849,-1.277110127142892,6.561164638991021
46.54,-0.7168994473287852,-1.4107593173003306,6.397578475091393
46.550000000000004,-0.7899840879720884,-1.5591544747413038,6.2402663672983305
46.56,-0.871015239479403,-1.7239562243951165,6.08950518971717
46.57,-0.9608857540180878,-1.9070109076870188,5.945666014250194
46.58,-1.0605889585351513,-2.110369349239968,5.809235254422226
46.59,-1.171229504793288,-2.3363066987506667,5.680840760350145
46.6,-1.2940351152922311,-2.5873430386965635,5.561283992779053
46.61,-1.4303691900228246,-2.866264250578265,5.451579642104813
46.62,-1.5817441812728195,-3.1761423523328114,5.353004334919526
46.63,-1.7498355596663975,-3.5203541273554975,5.267156384977608
46.64,-1.9364960742672452,-3.902596321399761,5.196028891154213
46.65,-2.1437698394851905,-4.326894935291927,5.1420988459554975
46.660000000000004,-2.3739055438822754,-4.797605121725933,5.108435262663437
46.67,-2.629367747444101,-5.319396819038965,5.0988296002893385
46.68,-2.912844784458279,-5.897219421598793,5.117951867073366
46.69,-3.2272511811746134,-6.536236378077786,5.171535559962473
46.7,-3.5757216853349867,-7.241717503416958,5.2665938066665765
46.71,-3.9615929362414994,-8.018872884326033,5.411667351105507
46.72,-4.388367424864089,-8.872607513854911,5.617101823498986
46.730000000000004,-4.859652657144119,-9.807170320847007,5.8953463013251755
46.74,-5.3790663217198365,-10.825665473811757,6.2612564691364305
46.75,-5.950095821300398,-11.929388672414465,6.73237242527627
46.76,-6.575897924112449,-13.116948401903734,7.329121886240207
46.77,-7.2590219141041405,-14.383134962341096,8.074872850252863
46.78,-8.00103820097229,-15.717513516345216,8.995725139213251
46.79,-8.802055145962381,-17.102748751194074,10.119889150544072
46.800000000000004,-9.660111808204878,-18.512727542577462,11.47645831133743
46.81,-10.57044613686586,-19.91064247582714,13.093352028370301
46.82,-11.524660142489328,-21.247340049536394,14.994211834426347
46.83,-12.509838945485738,-22.460417978595558,17.194110897313397
46.84,-13.507730644432588,-23.474746585771545,19.69413105674796
46.85,-14.494155223922917,-24.205220236896054,22.47521110688149
46.86,-15.438871166615856,-24.56249884345969,25.492175838444673
46.87,-16.30616422946303,-24.462129872205754,28.66943158549585
46.88,-17.056399500432565,-23.836638089634913,31.900245573091688
46.89,-17.648660143541218,-22.6489784836985,35.05148003611122
46.9,-18.044369285780327,-20.904489174974167,37.97480101750411
46.910000000000004,-18.211487014544797,-18.65776204714914,40.523651898669506
46.92,-18.12858432843292,-16.01132947667793,42.573099907937284
46.93,-17.7879506766168,-13.10500891914588,44.03796238263314
46.94,-17.196998133577157,-10.097629106568617,44.88441539300946
46.95,-16.377592488179424,-7.145449238007869,45.13199457425434
46.96,-15.363451977778915,-4.382604260736084,44.845896964868956
46.97,-14.196213812810013,-1.9078853276168921,44.12240868426021
46.980000000000004,-12.92100968670443,0.2202832888998456,43.07183911752423
46.99,-11.582358459628326,1.981425241276815,41.80310929461774
47.0,-10.22094320810105,3.3856176121718695,40.41263047568349
47.01,-8.871520392304912,4.4640275611908065,38.978257584653505
47.02,-7.561929325852097,5.2597446484791535,37.55767469705566
47.03,-6.3129934680243665,5.820311158064887,36.18986682634099
47.04,-5.139037012611306,6.192444399205188,34.89825920609286
47.050000000000004,-4.048752091895934,6.41882534603668,33.69439566896922
47.06,-3.0462060169037954,6.536523649204331,32.58142997919372
47.07,-2.1318437766757716,6.576558536633492,31.557062382941805
47.08,-1.3034002109174443,6.564154852591122,30.615807366199572
47.09,-0.5566812623493278,6.519362206478673,29.75062714285805
47.1,0.11379622136030121,6.457814642002245,28.954034120039676
47.11,0.7142989707171962,6.391496981717254,28.218783886035478
47.12,1.2514900934723352,6.329447170437271,27.538271761331465
47.13,1.7321411383193785,6.278364597796603,26.906726317792998
47.14,2.1629245894484046,6.243118155200543,26.31927144699098
47.15,2.550269827096179,6.22716016864384,25.77190886513452
47.160000000000004,2.900268088922527,6.232857688637608,25.26145694702985
47.17,3.2186145239397126,6.261753958265175,24.785469619650765
47.18,3.510577761026681,6.314772180651131,24.342150224817125
47.19,3.7809894069900736,6.392372137428161,23.93026909878514
47.2,4.034247528460469,6.49466841410803,23.54908945353576
47.21,4.274329487199167,6.6215172860145755,23.198303421899727
47.22,4.5048105368705915,6.772577842279855,22.87797840816689
47.230000000000004,4.728885401047549,6.947351709208615,22.588512839075868
47.24,4.949390683118629,7.145204765906188,22.33059979886316
47.25,5.168826448322245,7.3653734959201405,22.10519668821524
47.26,5.38937569920695,7.6069580593729995,21.913498855122892
47.27,5.612920765623161,7.8689037775477315,21.756915029673095
47.28,5.841055871725549,8.1499724818083,21.6370423080785
47.29,6.075095345142472,8.448705085577638,21.55563834987678
47.300000000000004,6.316077115153599,8.763376793743547,21.514588371052444
47.31,6.564761323874683,9.091946575232978,21.51586444621899
47.32,6.821624062747174,9.432002900166967,21.56147460215639
47.33,7.0868464609652175,9.780708288663506,21.653399235979144
47.34,7.3602996064823705,10.134745930691011,21.793512582854927
47.35,7.641526085207181,10.49027249527618,21.983487363941254
47.36,7.929719287023556,10.842882206420732,22.2246814494165
47.37,8.223702048671846,11.187588239081306,22.518006461648
47.38,8.52190667347717,11.518828351637964,22.863779796737482
47.39,8.822358862620563,11.830502238381914,23.26156360491021
47.4,9.122668570599371,12.116048121633932,23.709996828439284
47.410000000000004,9.420031196769155,12.368565335217879,24.206629344651954
47.42,9.711242762778982,12.580987801071602,24.747770369919568
47.43,9.992732702979689,12.746310140858785,25.32836616742749
47.44,10.260617505420344,12.857863594067364,25.94192423503494
47.45,10.510777589128482,12.909633050815966,26.580501884283276
47.46,10.738958427640119,12.896599771584421,27.23477578804151
47.47,10.940895030499448,12.81508752814028,27.894205123078674
47.480000000000004,11.112456564559238,12.663084056916356,28.547294120675424
47.49,11.249805333038202,12.44050616294615,29.181950410173204
47.5,11.349561834770014,12.149376802183127,29.78592436261296
47.51,11.408965576789708,11.793886891291544,30.347303197785457
47.52,11.426020105598676,11.380323641142057,30.855023829750703
47.53,11.399610688665803,10.916860153581046,31.299362290970574
47.54,11.329584402788845,10.4132161850087,31.67235668887579
47.550000000000004,11.216785040811692,9.880214989909238,31.968125738406354
47.56,11.063038965831037,9.329273426552687,32.18305554481363
47.57,10.871092349093976,8.77186984596581,32.315841884726474
47.58,10.644504529565655,8.21903544413522,32.36739131445787
47.59,10.387505931558609,7.680909728526138,32.34059931668848
47.6,10.104831589929782,7.166390731339973,32.24003503858021
47.61,9.80154258306925,6.682897643962145,32.07156850550969
47.62,9.482847526213428,6.236250011553596,31.841977150878495
47.63,9.15393491603309,5.83065563635886,31.558564753051964
47.64,8.819824882195068,5.4687903737199814,31.228818803213372
47.65,8.48524620245844,5.151947732341919,30.860123624281677
47.660000000000004,8.15454167108396,4.88023451531844,30.45953779809549
47.67,7.831602396719576,4.652790013913509,30.033636833031363
47.68,7.519829558405895,4.468009562705124,29.588416216455755
47.69,7.222120667741056,4.3237576179843655,29.129246267947106
47.7,6.94087647673718,4.217560107088498,28.660868394537957
47.71,6.678024271453319,4.1467700198073185,28.187422079217477
47.72,6.435053299384882,4.108703723688971,27.712492750992222
47.730000000000004,6.213058379001196,4.10074814287261,27.239172144426185
47.74,6.012788223414376,4.120440758150354,26.770124488411398
47.75,5.834695584219816,4.165525470887392,26.307653596830722
47.76,5.678986914744527,4.233987874698851,25.85376749519161
47.77,5.545669814513509,4.324073552569161,25.410238517702574
47.78,5.434597017916385,4.434292804240398,24.978657820744896
47.79,5.345506114176571,4.563414824195598,24.560483993747216
47.800000000000004,5.278054528204726,4.710453881117887,24.157085942068797
47.81,5.231849555567857,4.874649555997231,23.76978051276195
47.82,5.206473436865339,5.055442617315865,23.399865477411655
47.83,5.201503586730602,5.252447670938456,23.048648516121794
47.84,5.216528170627515,5.465423331021654,22.717472795243673
47.85,5.25115725848977,5.6942403206895404,22.407739622745538
47.86,5.305029787208466,5.938847627585846,22.12092851582681
47.870000000000005,5.377816542210384,6.199236608317067,21.858614835705243
47.88,5.469219329176937,6.475402756124732,21.62248493961701
47.89,5.5789664568928234,6.767304718432964,21.41434857154659
47.9,5.706804597400818,7.0748200785365665,21.236147960539252
47.910000000000004,5.852487036094653,7.397697405563,21.089962817642775
47.92,6.015758278414041,7.735504140131186,20.97801011983081
47.93,6.1963349484056165,8.087570035587827,20.902637245219232
47.94,6.39388290562499,8.452926136548585,20.866306687742714
47.95,6.607990530068586,8.830239671593272,20.871570249028697
47.96,6.838138190915257,9.217745791011593,20.921030310170885
47.97,7.0836640360606005,9.613177817387008,21.017285571509795
47.980000000000004,7.343726428784225,10.013698613058914,21.162858578000375
47.99,7.617263628090128,10.415836804851109,21.36010250552918
48.0,7.902951670639952,10.815432916422536,21.61108517392398
48.01,8.199161869708663,11.207601874272388,21.917449194538165
48.02,8.5039198956055,11.586719749682741,22.28024867596606
48.03,8.814869023053602,11.946443778851313,22.699765103116466
48.04,9.129240783914073,12.279775390301722,23.175307922227862
48.050000000000004,9.443836881921726,12.579175810723658,23.705008959571252
48.06,9.755026713565933,12.83674241897347,24.28562387715916
48.07,10.058765070875952,13.044450986256264,24.912358028843915
48.08,10.35063443200784,13.194463998863002,25.578737701572066
48.09,10.625915526022315,13.279498362880235,26.276549973989713
48.1,10.879688467736779,13.293237266451609,26.99587433489345
48.11,11.106964641404204,13.230761640233599,27.725225856441703
48.120000000000005,11.302846720917286,13.088967846878392,28.451822484939203
48.13,11.4627109457001,12.866931697175142,29.16197785594774
48.14,11.582402379297047,12.566176520200889,29.8416067622336
48.15,11.658430850686534,12.190806386608017,30.476814751608376
48.160000000000004,11.6881531731875,11.74747545260469,31.05452885830158
48.17,11.669926569563454,11.245180250010339,31.563116087806318
48.18,11.603219354581086,10.694881651684113,31.992932572081074
48.19,11.488667907577208,10.10898403804393,32.33675081348221
48.2,11.328073536492585,9.500717153960764,32.59002503634642
48.21,11.124338400096146,8.883477880514121,32.750973481126394
48.22,10.881345411415094,8.270192474124897,32.82047821450091
48.230000000000004,10.603792140504282,7.672754354483917,32.801823787935966
48.24,10.29699245109934,7.101579703131587,32.70031232188348
48.25,9.96666150414888,6.565305794605833,32.52280198570243
48.26,9.618699748071279,6.070638524058,32.277217674641
48.27,9.258989822435714,5.62233913981965,31.972077813464516
48.28,8.89321739415183,5.223327931768289,31.616071611082525
48.29,8.526723395508716,4.874875551459486,31.217709183862123
48.300000000000004,8.164391496469577,4.576850597170621,30.785055037394393
48.31,7.810571364848694,4.327994122050593,30.325545153806647
48.32,7.469035636067897,4.1261964540712714,29.84588033435933
48.33,7.142966656990061,3.9687577664530655,29.351983752151874
48.34,6.834967979456318,3.852620053657737,28.849008609063603
48.35,6.54709515970893,3.774563750996668,28.34138179405122
48.36,6.280900521969091,3.7313667462629754,27.832870835286954
48.370000000000005,6.037487007520813,3.719926828537012,27.32666359895339
48.38,5.817566906785418,3.737350767961951,26.82545261001172
48.39,5.621522039712963,3.781014402791356,26.33151820368638
48.4,5.449462719513984,3.8485985527221898,25.846806751881925
48.410000000000004,5.301283546636565,3.9381055025839307,25.3730018516822
48.42,5.176714699739035,4.047860398748215,24.911587599443223
48.43,5.075367903428159,4.176501321138279,24.46390393907684
48.44,4.996776657466086,4.322961143473077,24.031194626767498
48.45,4.940430616226243,4.486443644066474,23.614648663499633
48.46,4.9058042222248375,4.666395721299915,23.215436174570065
48.47,4.892379837228044,4.862477023341123,22.83473971540214
48.480000000000004,4.8996656924263275,5.074527828522826,22.473781897488674
48.49,4.927209008156915,5.302535610355569,22.1338500875711
48.5,4.974604624814841,5.54660038439553,21.816318757233454
48.51,5.041499449461681,5.8068986566246865,21.522669860344667
48.52,5.127592965247021,6.083645568715833,21.254511396848525
48.53,5.232633979892507,6.377054660712072,21.013594082910455
48.54,5.356413711079707,6.687294545636042,20.801825785662626
48.550000000000004,5.498755226132072,7.014441716942399,20.621283090225944
48.56,5.659499176445689,7.3584286972053725,20.474219041630242
48.57,5.838485699836026,7.718986799548201,20.36306574065747
48.58,6.035532313574445,8.095582933154228,20.29043007037498
48.59,6.250407596280016,8.487350168613988,20.259080395902682
48.6,6.482800469018724,8.893012222024824,20.27192163097342
48.61,6.732284948397418,9.310802657379767,20.331955633355395
48.620000000000005,6.998280373058692,9.738380484336941,20.44222352974907
48.63,7.280007317740496,10.172744976474808,20.605726357585883
48.64,7.576439724696606,10.61015397053578,20.825320454662034
48.65,7.886254217938847,11.046051614856879,21.103584468022785
48.660000000000004,8.207778133193987,11.475013447723429,21.442655859129633
48.67,8.538938496361384,11.890718659724541,21.844036535629822
48.68,8.877214997816754,12.285961183080108,22.308369910487023
48.69,9.219600894000058,12.652712490484479,22.835195387961686
48.7,9.562576639842902,12.982249190388952,23.422690991155438
48.71,9.90210179093069,13.265357097838677,24.067420363073023
48.72,10.233631143500386,13.492619848716053,24.764106193634447
48.730000000000004,10.552160998468535,13.654793839897005,25.505457407774223
48.74,10.852310625803787,13.743262159460311,26.28208101464032
48.75,11.12844228039806,13.750548593576102,27.08250995332807
48.76,11.374820380177818,13.670859859796382,27.893374178513216
48.77,11.585806754687217,13.50061182242025,28.699732608339996
48.78,11.756084471177898,13.238886160318279,29.48556826482436
48.79,11.880898144033795,12.887760587844287,30.234429104331525
48.800000000000004,11.956294534893871,12.452460631217162,30.93017524746262
48.81,11.979344460035371,11.941295221126694,31.55777338839847
48.82,11.948326279355273,11.365361104670551,32.10406542599485
48.83,11.862853027905839,10.738029230921573,32.55843456827375
48.84,11.723929615955166,10.074254966366386,32.91330032243358
48.85,11.533933005019518,9.389777689922866,33.164393317529836
48.86,11.296515943173942,8.700289200809602,33.3107885471323
48.870000000000005,11.016442515004128,8.020651749281928,33.354706136523966
48.88,10.699370224163864,7.36423551928968,33.30111632096087
48.89,10.351597638611718,6.742424914058621,33.15720511076151
48.9,9.979798306545982,6.164317658451565,32.93176638164358
48.910000000000004,9.590760729969828,5.6366155959870365,32.63458468997946
48.92,9.191151143074652,5.163685323984773,32.27586300961616
48.93,8.787311441527546,4.747753000615911,31.865734178919123
48.94,8.385099680121856,4.389191418882483,31.413877765933396
48.95,7.989775837077851,4.086857871318737,30.929248349538643
48.96,7.605931564046448,3.838446589395947,30.41990884977558
48.97,7.2374596884791025,3.6408275147662295,29.892954343940282
48.980000000000004,6.887557374987564,3.490351946738848,29.354507653864356
48.99,6.558755985992057,3.383113811803193,28.8097671576746
49.0,6.252970614577505,3.3151620878407595,28.263088780626216
49.01,5.971562764075974,3.2826649599835527,27.718086975298096
49.02,5.715410498874941,3.2820296207913144,27.177742899074318
49.03,5.484981404348097,3.3099835014022836,26.644511354820427
49.04,5.2804047318896945,3.36362346849313,26.120421024866346
49.050000000000004,5.101540074938689,3.440439483624689,25.607164931521037
49.06,4.94804076994713,3.538318691055567,25.106179865284535
49.07,4.8194109188523795,3.65553510656569,24.618714782781336
49.08,4.7150554839482846,3.7907291862815966,24.145888979564603
49.09,4.634323322231104,3.942880666705951,23.688741290186844
49.1,4.576543321279859,4.111277246329482,23.248271755919124
49.11,4.5410539920509345,4.295480954698138,22.82547721140258
49.120000000000005,4.527226984999121,4.495293434985759,22.421382139708015
49.13,4.53448504234334,4.710720846746788,22.037065977540635
49.14,4.562314896295002,4.941938665779266,21.673687849897764
49.15,4.610275583255642,5.189256304602805,21.33250949483416
49.160000000000004,4.678002577488708,5.453081186795611,21.014916912599098
49.17,4.765208062563714,5.7338816700576345,20.72244104026981
49.18,4.871677561249802,6.032148018127414,20.456777508660124
49.19,4.997263039591827,6.348350466278619,20.219805274489982
49.2,5.141872493058622,6.682893309574822,20.0136036269298
49.21,5.305455916233159,7.036063873658536,19.840466731978523
49.22,5.487987457351415,7.407975217763127,19.702914489393677
49.230000000000004,5.689443471099749,7.798501490132147,19.60369802607798
49.24,5.909776115351313,8.207205037667627,19.545797632930988
49.25,6.148882100504806,8.633254705113416,19.532410373908128
49.26,6.406566207695335,9.075335295274717,19.566923974953113
49.27,6.682499262238848,9.531548960039435,19.652872975686257
49.28,6.9761704033037075,9.999310415663281,19.793872566052723
49.29,7.2868337558196465,10.475239383426121,19.99352513910799
49.300000000000004,7.6134500141779355,10.955055587060498,20.255294521394454
49.31,7.954624016648949,11.433483987408293,20.582343296616372
49.32,8.30854014568003,11.904180624676872,20.977329867176866
49.33,8.672898338820943,12.359692278554919,21.442164182740655
49.34,9.044854618490941,12.79146580074014,21.97772467738262
49.35,9.42097128672179,13.189924888951046,22.58354409076273
49.36,9.79718316914878,13.544632525108941,23.257478516691172
49.370000000000005,10.168787349831463,13.844555407104577,23.995381925025654
49.38,10.5304644638457,14.078441543198567,24.790816791489853
49.39,10.876339500051223,14.235313016574937,25.63483904710277
49.4,11.20008888507513,14.305062534807684,26.515900481818413
49.410000000000004,11.495098093014018,14.279125397979714,27.41991180307193
49.42,11.754670018559105,14.15117978008082,28.33050262133539
49.43,11.972278978890818,13.917810836656868,29.22949929718332
49.44,12.141858924300594,13.579062235339261,30.09761792264806
49.45,12.258108057384025,13.138796563589741,30.91533995242203
49.46,12.316786697414676,12.604796983155055,31.663906699946544
49.47,12.314982093050984,11.988567372937544,32.326342369147305
49.480000000000004,12.251314007739298,11.304824562990392,32.88840014833308
49.49,12.126058799899821,10.570718200973804,33.33932719742283
49.5,11.941177178232163,9.804853078235858,33.6723637317123
49.51,11.700240824495905,9.026216962020504,33.88492606729281
49.52,11.408264022367625,8.253127998361988,33.97846670262076
49.53,11.071456452420987,7.502307570136116,33.95804736480827
49.54,10.696920765086466,6.788159774614254,33.83169493449422
49.550000000000004,10.292322379832672,6.122303732822426,33.609629490858424
49.56,9.86555892860347,5.513367649476924,33.303456608925664
49.57,9.424453370889958,4.967021096177739,32.92540462054695
49.58,8.97648909274472,4.486199192207499,32.48766660831475
49.59,8.528598510611662,4.071460965137234,32.001882148132
49.6,8.087009993403083,3.7214232464772126,31.47877030726329
49.61,7.6571521604401,3.433218317274925,30.92790657439293
49.620000000000005,7.2436103002536605,3.2029348587156417,30.35762379709681
49.63,6.850126923286422,3.0260145451931213,29.77501078276343
49.64,6.479637180851651,2.897588587098579,29.185980895719645
49.65,6.134329766615138,2.8127483625485503,28.595385217473183
49.660000000000004,5.815724620966774,2.76675146477916,28.007149092107746
49.67,5.524759953358853,2.755169112236606,27.424415891642436
49.68,5.2618825100988325,2.7739833316358755,26.849686720722957
49.69,5.027136444825533,2.819643168186609,26.28494901650475
49.7,4.820247466187727,2.8890889296657023,25.731790361771907
49.71,4.6407000712168225,2.9797525763102715,25.19149629359314
49.72,4.4878065964617475,3.089541161197224,24.665132551577432
49.730000000000004,4.360767534235928,3.216808934247627,24.153613218998924
49.74,4.25872308751421,3.3603224874381357,23.65775672778259
49.75,4.18079630146609,3.5192222135817373,23.178331871584085
49.76,4.126128341824364,3.692982405601884,22.71609592113869
49.77,4.09390661829283,3.881371539012156,22.271826755025046
49.78,4.083386499653993,4.084413643159139,21.846350672397108
49.79,4.093907356710067,4.302351155271052,21.440567284787505
49.800000000000004,4.124903616116013,4.535609242048931,21.055472616595697
49.81,4.175911425217874,4.784761244037725,20.69218128976367
49.82,4.246571424650382,5.050494628577361,20.351948429147537
49.83,4.33662800851721,5.3335766115080405,20.036191696115672
49.84,4.445925326308851,5.634818413708588,19.746513629036077
49.85,4.57440014972053,5.955036948093707,19.484724227220433
49.86,4.722071593788903,6.295012582971476,19.252863443731513
49.870000000000005,4.889027547597251,6.655441501610589,19.05322293461382
49.88,5.075407537922554,7.036881085569839,18.88836602895053
49.89,5.281381623446156,7.439686709738689,18.76114441721188
49.9,5.507124803304966,7.86393838003986,18.674709488238666
49.910000000000004,5.752786330527009,8.309355813590804,18.632515566706065
49.92,6.018453261000472,8.775200914580715,18.63831151195824
49.93,6.304107559990288,9.260167212847195,18.69611625196934
49.94,6.609576155057194,9.762256797979719,18.81017288657935
49.95,6.93447349782494,10.278646703226588,18.984875086291126
49.96,7.278136515681782,10.805548674705294,19.22465877707037
49.97,7.639552342008033,11.338068886651007,19.53385175020662
49.980000000000004,8.017279955287181,11.870077463281383,19.916474166622084
49.99,8.40936787293993,12.394101569796176,20.375984321109456
50.0,8.813271356150224,12.901260098396264,20.914966945152912
50.01,9.22577417249105,13.381262116686594,21.534766220393156
50.02,9.6429217598081,13.822494471766625,22.235072916786688
50.03,10.059974478577956,14.212225118951418,23.01348476525144
50.04,10.471391264065366,14.536946444923563,23.865070940715928
50.050000000000004,10.87085501002808,14.782875554813545,24.781984247914828
50.06,11.251350948965362,14.936614932635862,25.753176218527948
50.07,11.605307617550912,14.985956628882555,26.764277848282166
50.08,11.92480626228877,14.92078722412372,27.797708497722983
50.09,12.201858539768036,14.734022354270534,28.83306404699568
50.1,12.428744310249403,14.422473851947824,29.847810546558662
50.11,12.598391994132395,13.987536456828865,30.818271860416253
50.120000000000005,12.704774741181488,13.43558155627514,31.72085346315669
50.13,12.743288381141626,12.77796731932303,32.533397851021306
50.14,12.711073686895434,12.030618095557783,33.23653075755248
50.15,12.607247346124959,11.21318527384385,33.81484207293889
50.160000000000004,12.433013692433244,10.347865604176606,34.25775779669423
50.17,12.1916418889681,9.458007106416627,34.55999953417928
50.18,11.888308842740434,8.566664327231091,34.72158843068399
50.19,11.529823829196225,7.695266601206665,34.74741776048745
50.2,11.12426374878966,6.862535742974593,34.64647770844368
50.21,10.680555950754316,6.0837412738984025,34.430855168391275
50.22,10.208047688890655,5.3703243174265385,34.11464482964322
50.230000000000004,9.716097886525539,4.72986841740294,33.71289670620229
50.24,9.213719390033996,4.166356200598294,33.24069637551833
50.25,8.709290215150007,3.680629371576163,32.71243687025108
50.26,8.210342353269514,3.2709653883533933,32.14130426226864
50.27,7.723428000836962,2.9336932885525115,31.53896881175986
50.28,7.2540564884893195,2.663788066939265,30.91545318502763
50.29,6.806691002782992,2.4554025851122665,30.279138854341735
50.300000000000004,6.384792236739185,2.302314367960361,29.636869662380832
50.31,5.990895928652119,2.1982795708278915,28.994115105925804
50.32,5.626712305402145,2.137297073517455,28.355162609176272
50.33,5.293237217331311,2.1137922586398528,27.723315841534664
50.34,4.990866813866049,2.122733293996822,27.101083573497686
50.35,4.719509660886284,2.1596935766571406,26.49034986839152
50.36,4.478692055480761,2.2208732762913224,25.892521273851838
50.370000000000005,4.267653857146243,2.303091339240413,25.308650122775102
50.38,4.085433398953015,2.4037573890432826,24.73953527262449
50.39,3.930940981901997,2.520831010997053,24.18580286770225
50.4,3.8030211274574692,2.6527741236542113,23.64797026659498
50.410000000000004,3.700504212902454,2.798500604750472,23.126496367831667
50.42,3.622248388023683,2.957326074521593,22.62182137424779
50.43,3.567172811669778,3.1289197304860394,22.134398695220252
50.44,3.5342832884855335,3.3132593413022753,21.66472128765573
50.45,3.5226913582341552,3.510589903789493,21.213344339007918
50.46,3.5316278147096765,3.721386007623412,20.780905830742313
50.47,3.560451524791821,3.9463176013259047,20.36814620258779
50.480000000000004,3.608654292496363,4.18621858067988,19.97592806849783
50.49,3.6758623759616382,4.442057401445763,19.605256708540143
50.5,3.7618351222952526,4.714908731808875,19.257301866045573
50.51,3.8664610389746112,5.0059249902245675,18.933421202185023
50.52,3.989751472326481,5.31630644912811,18.635185584306765
50.53,4.131831913697674,5.647268416227037,18.36440619141409
50.54,4.2929308018834895,6.000003829128661,18.1231631894976
50.550000000000004,4.473365535755477,6.375639417632805,17.913835438031214
50.56,4.673525253913458,6.775183409958609,17.739130311158146
50.57,4.893849779933488,7.1994626027685795,17.602112224905813
50.58,5.134803975947773,7.649046511150222,17.50622782581525
50.59,5.396846600826507,8.124156311659599,17.455324988425215
50.6,5.680392643998858,8.624556458778583,17.453661766711637
50.61,5.98576802056625,9.14942728898738,17.505900239191693
50.620000000000005,6.313155495288642,9.697217753923558,17.61707879639321
50.63,6.662530790707444,10.265478802829229,17.792554904236333
50.64,7.033588079242816,10.850680048036928,18.03790886732913
50.65,7.4256545248637895,11.44801538668429,18.35879784025415
50.660000000000004,7.837594302246781,12.051207379926478,18.760748651393996
50.67,8.267703660137713,12.652325479947587,19.248878429572002
50.68,8.713600182054433,13.241639532391476,19.827534241389753
50.69,9.17211147115583,13.807536942189442,20.499847770041114
50.7,9.639171021353166,14.336538588107228,21.26720933008406
50.71,10.109731898049315,14.813453525271278,22.128677858600067
50.72,10.577711744358492,15.22171359934287,23.080360052933695
50.730000000000004,11.03598505617251,15.543923671587454,24.114811639956443
50.74,11.476439923239454,15.762648504101717,25.22053447385642
50.75,11.890115641786235,15.861431511845181,26.381660565516487
50.76,12.267433874666084,15.826003525175327,27.577922354638726
50.77,12.598528704756019,15.645594638038103,28.785000869292425
50.78,12.87366989891372,15.314216485039468,29.975314281209993
50.79,13.083759779122815,14.831747094788449,31.119256875162716
50.800000000000004,13.220869190162814,14.204638791768577,32.18682705023511
50.81,13.27876505151573,13.446092291989983,33.1495047213745
50.82,13.253374230363994,12.575600973576146,33.982171679426116
50.83,13.14312885921415,11.617861328609433,34.66483297584072
50.84,12.949148138059277,10.601150653064987,35.18390783734617
50.85,12.675230251071074,9.555365992789879,35.532917915239516
50.86,12.32765210600203,8.509975128770833,35.7124973104855
50.870000000000005,11.914799397562744,7.492136393221304,35.7297596311011
50.88,11.446669993950382,6.525199563095709,35.59715519199049
50.89,10.934306049897346,5.627719396169493,35.33101442939732
50.9,10.38921295774639,4.8130192950062085,34.949991613950104
50.910000000000004,9.822817041486854,4.089257920267096,34.47359936745679
50.92,9.246001366815557,3.459892325013964,33.9209726517543
50.93,8.66874357614839,2.924403418562928,33.30993801088193
50.94,8.09986445373461,2.4791503538209168,32.65640518396423
50.95,7.54688329151797,2.1182412718053794,31.974053592923998
50.96,7.0159672370649595,1.8343386639049788,31.274259283160102
50.97,6.511956818403684,1.6193497969403607,30.566197385913306
50.980000000000004,6.0384482132168085,1.4649804647140316,29.857057029846597
50.99,5.597913674009375,1.3631510837475067,29.152315022631463
51.0,5.191843897059505,1.3062874856288669,28.456027277839265
51.01,4.820899222712924,1.2875057294150534,27.771109790006328
51.02,4.485059780687222,1.3007125046056152,27.099592135289146
51.03,4.183767666461543,1.3406418768236559,26.442835205013072
51.04,3.9160567554073835,1.4028466223650706,25.80171107731177
51.050000000000004,3.6806677637677856,1.4836592023008202,25.176746906852962
51.06,3.476147667098509,1.5801341807660125,24.568236937669997
51.07,3.300933649255172,1.6899809496695342,23.976327709545636
51.08,3.153422457893355,1.8114931385120712,23.40108166311394
51.09,3.0320264658728173,1.9434790943605993,22.842523990332214
51.1,2.935217953724796,2.0851962764140777,22.30067696970185
51.11,2.8615631962141346,2.2362912548706446,21.775585333611982
51.120000000000005,2.809747903191335,2.3967461602594913,21.267335539493637
51.13,2.7785954671198323,2.5668318267715877,20.776071212432694
51.14,2.7670793329736156,2.747067450795954,20.30200651877532
51.15,2.774330648997007,2.9381862940976613,19.84543882266061
51.160000000000004,2.7996421914854945,3.1411067601961373,19.406761663430537
51.17,2.842469391137743,3.356908031311881,18.98647885862726
51.18,2.902429127117462,3.586809347209821,18.585220369402016
51.19,2.9792967997177855,3.8321519168827796,18.203760446625353
51.2,3.0730020435546166,4.094382363504226,17.84303849101018
51.21,3.1836232992684357,4.375036499372056,17.504182993598974
51.22,3.311381320507014,4.675722099684033,17.188538858271475
51.230000000000004,3.4566315514753354,4.998099182766579,16.897698328677407
51.24,3.619855165062245,5.343856102628576,16.633535629180127
51.25,3.8016483987441703,5.7146795128833565,16.39824526050014
51.26,4.002709661485826,6.112215968629087,16.194383638347663
51.27,4.223823706642275,6.538022600518522,16.024913393722866
51.28,4.465841971625557,6.993503938435687,15.893249125677713
51.29,4.72965797534959,7.479831611137815,15.803302662424823
51.300000000000004,5.016176443537307,7.997843354803848,15.759524889461787
51.31,5.326274610124636,8.547917610272775,15.766939885835404
51.32,5.660753939300228,9.129820100254971,15.831165419225968
51.33,6.020280358789392,9.742519332334517,15.958411755017098
51.34,6.405311039478803,10.383969214611186,16.155448246929748
51.35,6.81600586999049,11.050859212421857,16.42952439318022
51.36,7.252122154300579,11.738336093432995,16.788229195122906
51.370000000000005,7.712891831342557,12.43970670999358,17.239270183290714
51.38,8.196881828278094,13.146138809205173,17.790152100643194
51.39,8.701840176249396,13.846386710840049,18.447736028775974
51.4,9.224533384169101,14.526580607454132,19.21766415787762
51.410000000000004,9.760584358622683,15.170131257598777,20.103645171133596
51.42,10.304324804400888,15.757813924992194,21.106612083704555
51.43,10.848681216763755,16.26810314971064,22.223789536855566
51.44,11.385118594933111,16.67782847946802,23.44774074342709
51.45,11.903669730605507,16.963204861291526,24.765502657529385
51.46,12.39307878303753,17.10125463196109,26.15795494760845
51.47,12.841084022256739,17.07157836355542,27.599593308336743
51.480000000000004,13.23485446885375,16.85835249424302,29.05887684251631
51.49,13.561577916148146,16.452344610544287,30.49927932392366
51.5,13.809174386396158,15.852663647119353,31.881087807456073
51.51,13.967082609219247,15.067929228466268,33.163864568775836
51.52,14.027043022696368,14.11657657399212,34.30934188285544
51.53,13.983785745627584,13.026121649368381,35.28439091054528
51.54,13.835531921999968,11.831382837822524,36.06363825511796
51.550000000000004,13.584234728204075,10.571852268303068,36.63132785264391
51.56,13.235520323984177,9.288578605771892,36.982146641194696
51.57,12.798332386890303,8.021013921543652,37.12092231345827
51.58,12.284326797577647,6.8042642905056265,37.06130847980674
51.59,11.707095830584455,5.6670751694641535,36.823740071291866
51.6,11.08131736114811,4.630716013789609,36.4330297049184
51.61,10.421922603940043,3.7087544104633303,35.9159732231252
51.620000000000005,9.743358990936493,2.9075719640895303,35.29925728914086
51.63,9.058999166090345,2.227396166652234,34.60784796185669
51.64,8.380719500593441,1.66360603319898,33.863922294773275
51.65,7.718647436136154,1.2080996651604066,33.08631111697327
51.660000000000004,7.081059453442875,0.8505677586391,32.290362071734734
51.67,6.474401349054441,0.5795787170251294,31.488107210795242
51.68,5.90339892312528,0.3834349610586385,30.688621027896986
51.69,5.371228415317789,0.2507997883868277,29.89847239659525
51.7,4.87972018790428,0.17111879688601822,29.12219815514345
51.71,4.429574626258068,0.1348718079202021,28.362750445785426
51.72,4.0205748412194025,0.13369402724720392,27.621890633720515
51.730000000000004,3.651785809255624,0.1604024107307012,26.90051826180799
51.74,3.321733741520453,0.20895768100831721,26.198934082762612
51.75,3.0285626555405676,0.2743860979637155,25.517042556110216
51.76,2.7701674081264747,0.3526790571907067,24.85450236151775
51.77,2.544303981002201,0.4406834265371867,24.210834478711263
51.78,2.348678755938785,0.5359914014069824,23.585497051849703
51.79,2.1810190273233694,0.6368355212471478,22.977935211571786
51.800000000000004,2.0391272063152726,0.7419922002605223,22.38761269147719
51.81,1.920921173614085,0.8506955139568867,21.814030709456556
51.82,1.8244631132656557,0.9625618875313269,21.2567383341976
51.83,1.7479789622118906,1.077525614931188,20.715337491198866
51.84,1.6898703769519452,1.1957846902799782,20.189484899408647
51.85,1.648720874640755,1.3177561740212926,19.678892559722293
51.86,1.6232975670412788,1.44404018458427,19.183327916571844
51.870000000000005,1.6125496814303864,1.5753915593230017,18.702614455230645
51.88,1.6156048579172098,1.712698235193427,18.23663325191549
51.89,1.6317640297949678,1.856965438261212,17.78532583590162
51.9,1.6604955326781512,2.009304826043708,17.348698631337168
51.910000000000004,1.7014289481552622,2.170927786453785,16.926829204172495
51.92,1.7543490665552193,2.3431421530847216,16.519874533436557
51.93,1.8191902486793758,2.5273516418340383,16.128081546129465
51.94,1.8960313751181528,2.725057342436371,15.751800193980557
51.95,1.9850914909041681,2.9378606047194222,15.391499402811142
51.96,2.0867261793629934,3.1674666374951626,15.04778628690643
51.97,2.2014246284611483,3.4156880815165684,14.72142908764179
51.980000000000004,2.3298072817605475,3.684447719427539,14.413384363139697
51.99,2.472623889917422,3.9757793363319407,14.124829018046947
52.0,2.6307516926637655,4.291825534155276,13.857197811146074
52.01,2.805193359929222,4.634831019380073,13.612227000978795
52.02,2.9970741980562847,5.0071295136192475,13.392004767641208
52.03,3.2076379760586393,5.411121965839278,13.199028955864476
52.04,3.438240540050412,5.8492431608584985,13.036272482655319
52.050000000000004,3.690340153454565,6.323913112066834,12.90725638950997
52.06,3.965483218793869,6.837468797388517,12.816129922873639
52.07,4.265283697701703,7.392070864128398,12.76775610213171
52.08,4.591394146803985,7.989578938695777,12.767799860311813
52.09,4.945465832888287,8.631388228848571,12.822813869789758
52.1,5.329094898144141,9.318219372640428,12.940314422602054
52.11,5.7437510520701895,10.049853254591163,13.128836046452516
52.120000000000005,6.1906848384446285,10.824803214800212,13.39794875902771
52.13,6.670809275746281,11.63991935902942,13.758215951020647
52.14,7.184551770961395,12.489924408273643,14.221064013238212
52.15,7.731672910914472,13.36688880405992,14.798527545129717
52.160000000000004,8.311050381807584,14.259665847348135,15.502827488936449
52.17,8.920429279137613,15.15332662213861,16.3457359266612
52.18,9.55614491231043,16.02865986577351,17.337683831714877
52.19,10.212831291663102,16.861832900147302,18.486581313479792
52.2,10.883137981837486,17.6243427556439,19.796349241614035
52.21,11.557489560617055,18.28341433700764,21.26521166750911
52.22,12.22393428562739,18.803012716567864,22.883872493522823
52.230000000000004,12.868139228477867,19.145612869032753,24.633793204763236
52.24,13.473594145712909,19.2747947606665,26.485886174391368
52.25,14.022080696138715,19.158593130445276,28.40001135113994
52.26,14.494442363434874,18.773334822539343,30.325672542614505
52.27,14.871650918683386,18.107475036121087,32.20421127304675
52.28,15.136109698445214,17.16476147988741,33.97256831840697
52.29,15.27307160702125,15.965995349521501,35.56834514091687
52.300000000000004,15.271996547749437,14.548790943636082,36.935526086705856
52.31,15.127647796858549,12.96507764352415,38.02993919591355
52.32,14.840744270459373,11.276570768641998,38.82346198448047
52.33,14.418048524002836,9.548917718981823,39.3061819160272
52.34,13.871865941548759,7.845537682593274,39.486159014469344
52.35,13.219033775886809,6.222206630447166,39.38697185210644
52.36,12.47956125613156,4.723192324761567,39.043681341057415
52.370000000000005,11.675123528383383,3.3793205082483864,38.498084538082566
52.38,10.82760719836684,2.2079076811118847,37.79411372573335
52.39,9.957862854604866,1.214160925712796,36.974020850782985
52.4,9.08475799323582,0.3934854752062996,36.07568265993807
52.410000000000004,8.224560824944552,-0.26585310459533784,35.1310734995817
52.42,7.390634928329186,-0.7801489839734543,34.16574729965559
52.43,6.593392652724054,-1.168035723836588,33.199066803258326
52.44,5.840441230785167,-1.4487523016259154,32.24490088293213
52.45,5.136855607445551,-1.640908873894972,31.31254869781755
52.46,4.485520691314207,-1.7616962298057426,30.40771171899815
52.47,3.8874983079681034,-1.8264512303713403,29.533398922812054
52.480000000000004,3.3423871566753176,-1.848485196393733,28.690704360162876
52.49,2.8486555535825664,-1.8390919358753337,27.879435475738312
52.5,2.403935840665556,-1.8076682593378564,27.098595525522274
52.51,2.00527595535623,-1.7618969183400779,26.346737055995924
52.52,1.6493480956629623,-1.7079570290020054,25.62220902611711
52.53,1.332617137642346,-1.6507391083909417,24.92332075299672
52.54,1.0514729297804815,-1.594050796230154,24.2484437086969
52.550000000000004,0.802331200046079,-1.5408055905479483,23.59606882995634
52.56,0.5817078753148434,-1.493191083069914,22.964833373863303
52.57,0.38627135334674123,-1.4528158059777667,22.353527980945607
52.58,0.2128768373861454,-1.4208353668295575,21.76109173057389
52.59,0.05858634176890759,-1.3980594100473527,21.186600658653457
52.6,-0.0793225356262123,-1.38504135603828,20.62925342730607
52.61,-0.20335646682952263,-1.3821530058921896,20.08835651966356
52.620000000000005,-0.3158127124252744,-1.389646074077164,19.563310394830285
52.63,-0.41879014147153815,-1.4077025955441154,19.05359739542495
52.64,-0.5142035342656104,-1.436475991522857,18.558771779727632
52.65,-0.6038000456054404,-1.4761243967382232,18.07845199196097
52.660000000000004,-0.6891769565477731,-1.5268376654376858,17.61231514010267
52.67,-0.7718000517458005,-1.58885929334476,17.160093584883853
52.68,-0.8530221319239552,-1.662504322110437,16.72157352999823
52.69,-0.9341013114421449,-1.7481741341065191,16.29659552352333
52.7,-1.016218863423248,-1.8463688988799265,15.885056821629147
52.71,-1.1004964633496168,-1.9576982974711825,15.486915619797166
52.72,-1.1880127496784711,-2.0828910253752766,15.102197219217329
52.730000000000004,-1.2798191696667855,-2.222803456659199,14.731002264267971
52.74,-1.376955112473799,-2.3784277373192158,14.373517260016957
52.75,-1.480462351393064,-2.5508994611739237,14.030027656423794
52.76,-1.591398823821498,-2.7415049612711924,13.700933868697417
52.77,-1.710851771716715,-2.9516881175873246,13.386770691362186
52.78,-1.8399502465316693,-3.1830564299370607,13.088230656791835
52.79,-1.9798769498595103,-3.437385923978752,12.806191986015659
52.800000000000004,-2.1318793322835683,-3.7166242363863313,12.541751877425316
52.81,-2.297279805188691,-4.022890948612027,12.29626597177144
52.82,-2.4774848293498763,-4.358473890364859,12.071394909511078
52.83,-2.6739925244309726,-4.725819694274293,11.869158942992915
52.84,-2.8883982880792307,-5.127516329860243,11.692001556176363
52.85,-3.122397713521149,-5.566264653920393,11.54286294117218
52.86,-3.3777858404225567,-6.044835162460421,11.42526392930101
52.870000000000005,-3.6564514541781175,-6.566005098120863,11.343400496911608
52.88,-3.9603647525188275,-7.1324698514607485,11.302248155052267
52.89,-4.2915562158480824,-7.746721215301019,11.307674241773057
52.9,-4.652083944470368,-8.410883576340716,11.36655417683376
52.910000000000004,-5.043986067660808,-9.126497703431028,11.486884875223371
52.92,-5.469214111026037,-9.894240686525713,11.677884474352293
52.93,-5.9295424861483,-10.713570247644412,11.950062026210928
52.94,-6.426448646052081,-11.582282796826224,12.315233609928107
52.95,-6.960958110901227,-12.495978290352287,12.786452376396543
52.96,-7.533448791300465,-13.447432606348617,13.377809669663195
52.97,-8.14341023151805,-14.425891597470205,14.10405360041624
52.980000000000004,-8.789156116670657,-15.416322207675611,14.979962424441503
52.99,-9.467493318718535,-16.398686729566666,16.01940658257608
53.0,-10.1733586205935,-17.347346812964496,17.23404110888047
53.01,-10.899445623147358,-18.230751703551363,18.63159714989107
53.02,-11.635859254303721,-19.01161283589889,20.213796383578448
53.03,-12.369852753232449,-19.64779954395676,21.97400219098596
53.04,-13.085719276586865,-20.09418537992868,23.894846553109335
53.050000000000004,-13.764922422093585,-20.30560296061197,25.946217681319247
53.06,-14.386549869022794,-20.240902276468148,28.084125104721227
53.07,-14.928153947644345,-19.867847176433315,30.251018527337493
53.08,-15.366996179124595,-19.168260559116163,32.3780549589811
53.09,-15.681639818407648,-18.142526060684737,34.38953314492449
53.1,-15.853745700377146,-16.81240043301395,36.209250819765906
53.11,-15.869844284653459,-15.221211997779715,37.76798544082078
53.120000000000005,-15.72280968256092,-13.430969422963184,39.0108352123221
53.13,-15.412774714303222,-11.516601094619261,39.90298932486376
53.14,-14.947307888963707,-9.558273599174855,40.432748170603936
53.15,-14.340807140382898,-7.633230989127291,40.61124318445074
53.160000000000004,-13.613213613381378,-5.808665492438795,40.46910058711294
53.17,-12.788267917938375,-4.136763162724178,40.05096989053551
53.18,-11.891589261849655,-2.6524306467531242,39.40917893310255
53.19,-10.948846737325344,-1.373550673815502,38.59772453774782
53.2,-9.984227101966399,-0.30314198898493694,37.667461411521764
53.21,-9.019312901235468,0.5673961248028921,36.66289037302503
53.22,-8.072396779729923,1.254723824235744,35.62053432547888
53.230000000000004,-7.1581910768014,1.7802550731916855,34.568619079272686
53.24,-6.28785317889288,2.16743403164198,33.52766135144549
53.25,-5.469234116055576,2.4397101960709753,32.51157268641588
53.26,-4.707263192177538,2.6191831190419252,31.52896324930156
53.27,-4.004396817757389,2.725808515278126,30.584427515539407
53.28,-3.3610784901233446,2.7770304969582345,29.679685094670724
53.29,-2.776174704657917,2.7877102585176035,28.814520476651765
53.300000000000004,-2.247366303077551,2.770243150414899,27.987512735008504
53.31,-1.771485734474124,2.734782349694002,27.196573457753647
53.32,-1.344798181594345,2.6895118326006178,26.439323759567284
53.33,-0.9632291468593422,2.6409313076452836,25.713344358104212
53.34,-0.6225436416614315,2.5941306235699595,25.01633048501148
53.35,-0.3184832412517186,2.5530414860596085,24.34617869883709
53.36,-0.04686747869123653,2.5206610622635552,23.701027244188964
53.370000000000005,0.1963342666604958,2.49924620133523,23.07926643897345
53.38,0.41495482175015086,2.490479376244617,22.47953112630492
53.39,0.6126003505168971,2.4956086816267726,21.90068364238568
53.4,0.792636414183721,2.515564744586233,21.34179299841354
53.410000000000004,0.9581854870059214,2.5510575132826268,20.802113946033575
53.42,1.112133061554521,2.6026557676234265,20.28106815856126
53.43,1.2571400102035155,2.670851960000495,19.77822878318154
53.44,1.3956593260534313,2.756114706609213,19.293308987400735
53.45,1.529955751327964,2.858930946730461,18.826154741426276
53.46,1.6621271206076411,2.9798394859140225,18.37674187242142
53.47,1.7941265069153776,3.119457346395137,17.945177340272075
53.480000000000004,1.9277844671597735,3.2785000654570773,17.53170467598235
53.49,2.064830845595324,3.4577968074724916,17.136713563000487
53.5,2.206915714704873,3.6583008834540105,16.76075360707308
53.51,2.3556291161957743,3.881095996970668,16.404552415822078
53.52,2.5125193135488457,4.127398249783636,16.069038182741345
53.53,2.679109283645005,4.3985536359092885,15.755367030638322
53.54,2.8569111592478387,4.696030419439263,15.464955404992766
53.550000000000004,3.047438286344595,5.021405419115622,15.199517804022985
53.56,3.2522144793878898,5.376342801203494,14.961110070675547
53.57,3.4727799413716425,5.762563502732938,14.752178326856587
53.58,3.7106931619360353,6.181802864174683,14.575613367566923
53.59,3.96752791284978,6.635753445291099,14.434809906292555
53.6,4.244864224665821,7.125989343447981,14.333729413364146
53.61,4.54427195177873,7.653867663012931,14.276964340992516
53.620000000000005,4.867285220676434,8.22040216141695,14.269800192110798
53.63,5.215365720699559,8.826103631961884,14.318270063505507
53.64,5.589852463175536,9.470781451271709,14.429193874634938
53.65,5.991895346918348,10.15330118535218,14.610191400155983
53.660000000000004,6.422369695687388,10.871294590788803,14.869654433349833
53.67,6.881768981793276,11.620821276108908,15.216659017030521
53.68,7.370073369981726,12.39598634153159,15.660793999551345
53.69,7.886592708573613,13.188526216970512,16.211877857895463
53.7,8.429784411477177,13.987386355975488,16.879532921633462
53.71,8.997049596682007,14.778329827800299,17.672586614164246
53.72,9.584515138986365,15.543634909846189,18.598275596686552
53.730000000000004,10.186815114833877,16.26196098206374,19.66124383967965
53.74,10.796892372237918,16.908481858872566,20.862352829793274
53.75,11.405849109624445,17.455398072145844,22.197363536783026
53.76,12.002883193142964,17.872935750669775,23.655604857171532
53.77,12.575352463835218,18.130909163056792,25.218806419001528
53.78,13.109009687166246,18.20085740925022,26.860332111367608
53.79,13.588442912287473,18.058659978599994,28.5450840178062
53.800000000000004,13.997737217217685,17.687400062885146,30.23032932429524
53.81,14.321343424703551,17.08010490335611,31.867613063975053
53.82,14.545100093430234,16.241891869918955,33.40575035151029
53.83,14.657313883965758,15.191036746066166,34.79466368826002
53.84,14.649770811043036,13.95859309969737,35.98959681896882
53.85,14.51853834792036,12.58642929055555,36.955071060902455
53.86,14.264433915127142,11.123864571994954,37.66792259186602
53.870000000000005,13.893079588178502,9.62338972248186,38.11890128847393
53.88,13.41452735039011,8.136154104970238,38.31259501809698
53.89,12.842508263556791,6.707926321719893,38.26578515219208
53.9,12.19341517507243,5.376087392006777,38.00463545956842
53.910000000000004,11.485159157255065,4.167951789431901,37.56128557913835
53.92,10.73604049738878,3.100422485499573,36.97043267517477
53.93,9.963750309914575,2.180753558635401,36.2663669623094
53.94,9.184579100065406,1.4080642039863907,35.48073919995393
53.95,8.412865565306861,0.7752246791700349,34.64114595102615
53.96,7.660681865642793,0.27079048696831587,33.77046777575284
53.97,6.937725611778989,-0.11924315017117343,32.886806098410375
53.980000000000004,6.251374908562722,-0.4099934216922392,32.003833052176006
53.99,5.606859122573491,-0.616591437428234,31.13137929973159
54.0,5.007501500538044,-0.7534177561517008,30.276118753196947
54.01,4.454997163394289,-0.833623955794093,29.44225052647587
54.02,3.949698779265699,-0.8688796569398713,28.63211708635193
54.03,3.490890671893652,-0.8692849741027876,27.846728388577255
54.04,3.07703932930858,-0.8433960718789314,27.086183527673594
54.050000000000004,2.706013905546585,-0.7983219628889053,26.34999499776054
54.06,2.375274387090907,-0.7398611941803801,25.63732786963699
54.07,2.0820278438376714,-0.6726562437181325,24.947168969710237
54.08,1.8233548849982288,-0.600350789442136,24.278441157111835
54.09,1.5963093700381448,-0.5257405305454023,23.63007628692184
54.1,1.397994819388607,-0.45091218635460284,23.00105827476608
54.11,1.2256210140102493,-0.37736800087776146,22.390445373873533
54.120000000000005,1.07654410299056,-0.30613485676370256,21.797378637279465
54.13,0.9482932495130174,-0.23785821665737547,21.22108170444699
54.14,0.8385865015938424,-0.17288176851671747,20.660855564352136
54.15,0.7453382158478833,-0.11131400531090588,20.11607079187003
54.160000000000004,0.6666600151128801,-0.05308312502328695,19.58615888979514
54.17,0.6008569381406397,0.0020183331742146954,19.07060374399231
54.18,0.5464201488254021,0.05429774758977082,18.568933763218446
54.19,0.5020173161985286,0.10413429012024514,18.080714982604704
54.2,0.4664815545602174,0.15195725773466384,17.605545222539817
54.21,0.43879962392926863,0.19822982281820242,17.143049282304887
54.22,0.4180999318829258,0.24343729294793742,16.692875086879695
54.230000000000004,0.4036407458285306,0.28807909381761937,16.25469067848333
54.24,0.3947989166696153,0.33266380488809,15.828181939120581
54.25,0.39105932762642487,0.3777066839977273,15.413050937979868
54.26,0.39200521273057887,0.423729213685259,15.009014812141368
54.27,0.39730943554402104,0.4712602880880733,14.615805106985592
54.28,0.40672677751620784,0.5208387351732271,14.233167521723791
54.29,0.4200872549191192,0.5730169352297545,13.860862024426844
54.300000000000004,0.4372904615791561,0.6283653536815234,13.498663319339036
54.31,0.45830092000219536,0.6874778551501965,13.146361667126076
54.32,0.4831444145405994,0.7509777071160345,12.803764076327449
54.33,0.5119052757676825,0.8195242162690669,12.470695902168638
54.34,0.5447245841808372,0.8938199694156904,12.14700290768627
54.35,0.5817992628828353,0.9746186741867712,11.832553862585966
54.36,0.6233820322555702,1.062733613201919,11.527243778247087
54.370000000000005,0.6697822042059001,1.1590467389941304,11.230997903776252
54.38,0.7213672987622972,1.2645184458456686,10.943776639081962
54.39,0.7785654711015343,1.3801980583643574,10.665581557831045
54.4,0.8418687419514607,1.5072350743680265,10.39646277725906
54.410000000000004,0.9118370281673448,1.6468911901541412,10.13652796473618
54.42,0.9891029724352682,1.8005531175537086,9.885953334534477
54.43,1.0743775706747962,1.9697461714757665,9.644997064391728
54.44,1.168456591711209,2.1561485599761387,9.414015652361746
54.45,1.2722277747384296,2.361606240776436,9.19348384227388
54.46,1.3866787740973103,2.5881481112108227,8.984018872945775
54.47,1.512905795408431,2.8380011628417097,8.786409953677282
54.480000000000004,1.6521228287251724,3.113605044228118,8.601654037032855
54.49,1.8056713285816437,3.4176252181191114,8.430999148086242
54.5,1.975030111597072,3.752963549969328,8.275996732390121
54.51,2.161825131766235,4.122764693950896,8.138564692660529
54.52,2.3678386414297834,4.530416013723437,8.021062977477209
54.53,2.595017038957431,4.9795379427162585,7.9263837315840915
54.54,2.845476425683347,5.473960598510995,7.858058063549497
54.550000000000004,3.1215045239814314,6.017681057024155,7.820381349338999
54.56,3.425557120929417,6.614793901530846,7.818558543008568
54.57,3.7602465698157572,7.2693854351391005,7.858870020597446
54.58,4.128319075582675,7.985379259315554,7.948856770415932
54.59,4.532616484366674,8.766317819333937,8.097520886173902
54.6,4.976017078084519,9.615061173933356,8.31553281530788
54.61,5.461348456921977,10.533381063007973,8.615430025038199
54.620000000000005,5.99126404359645,11.52142609908895,9.011781927552567
54.63,6.568073224576035,12.577033943262679,9.521282301844737
54.64,7.193513966563961,13.694870806570032,10.162712542088016
54.65,7.868456448502313,14.865390758823533,10.956697018866931
54.660000000000004,8.592527678264817,16.07363150085786,11.925147300856505
54.67,9.363651449840567,17.297904710788934,13.090269249122361
54.68,10.177506956566509,18.508502825093156,14.472994547938184
54.69,11.026924741542379,19.666632410638876,16.09071021915073
54.7,11.901262001299704,20.723892065586313,17.95421627868258
54.71,12.785830882767186,21.622721133507323,20.06396655455269
54.72,13.661490855217043,22.29831471754487,22.405859474941863
54.730000000000004,14.504552333419603,22.682467431874507,24.947141748747605
54.74,15.287160181309707,22.709596508900415,27.633321479148684
54.75,15.978313763587256,22.32474618683833,30.387247525416413
54.76,16.545615385925988,21.492705210584262,33.11152818820283
54.77,16.957711194232665,20.206625742714213,35.69505773373514
54.78,17.18721020305172,18.4940101607793,38.02352137428355
54.79,17.21368144990348,16.41798849016005,39.992514525797866
54.800000000000004,17.02620473682574,14.072664918560351,41.52076600137768
54.81,16.624954417048812,11.572840361813654,42.56045121508102
54.82,16.02145702901477,9.040090035038624,43.1020979276752
54.83,15.23744639777442,6.588277995485914,43.17303976905288
54.84,14.302551250800304,4.3116296771026885,42.830190996383735
54.85,13.25128318387305,2.277481689603001,42.149344236447924
54.86,12.119877310795435,0.5242952272622503,41.213717644288046
54.870000000000005,10.943470295163262,-0.9358780174102241,40.104069105529796
54.88,9.753932816207481,-2.1120922079759117,38.89172476943067
54.89,8.578479018823476,-3.028101218271937,37.63482726395858
54.9,7.4390136694429785,-3.7162205382892775,36.377346477522615
54.910000000000004,6.352077480381701,-4.212271649823273,35.150030562029386
54.92,5.329212623797888,-4.551909279557895,33.97244318730917
54.93,4.377577461519457,-4.768274882982289,32.855396217282895
54.94,3.50067140519545,-4.890733732934119,31.80331525841461
54.95,2.699070622520272,-4.944398238410501,30.816285776644563
54.96,1.9711123537007391,-4.950163418956779,29.891683669035377
54.97,1.3134949781444736,-4.925037695135246,29.02539211476107
54.980000000000004,0.7217816659459156,-4.882615076594878,28.212657363854106
54.99,0.1908085274849599,-4.833589249604012,27.448654950212582
55.0,-0.2849945430997635,-4.786251246023221,26.728837909722074
55.01,-0.7113588280686617,-4.746940690419112,26.04912950615035
55.02,-1.0939952250400653,-4.720438554104764,25.40601070391781
55.03,-1.4384644178462052,-4.710299782214428,24.79654046154751
55.04,-1.7500882900505887,-4.7191296171446915,24.21833636531349
55.050000000000004,-2.0338935876482234,-4.7488098208314025,23.6695346585942
55.06,-2.2945803234497766,-4.800681611108711,23.148742293521565
55.07,-2.536508768574114,-4.875691814939146,22.654988950715296
55.08,-2.7637000475445848,-4.974508007969467,22.187683687678014
55.09,-2.979846334967585,-5.097607536960866,21.746578650118238
55.1,-3.1883274561841746,-5.245344452113732,21.331740825265754
55.11,-3.3922313422967325,-5.417997572719918,20.943531901008154
55.120000000000005,-3.594376303918947,-5.615802191298572,20.582595740899293
55.13,-3.7973334887987735,-5.838967287160436,20.24985265834299
55.14,-4.003448194487837,-6.087679561386922,19.94649947378016
55.15,-4.214858934200018,-6.362095112369872,19.67401419280351
55.160000000000004,-4.433513315428282,-6.662319138887017,19.434163995992268
55.17,-4.6611798987585695,-6.988373686836897,19.22901504150269
55.18,-4.899455269909685,-7.340153154797972,19.060942317259542
55.19,-5.149765592812846,-7.717367060785721,18.932637416658302
55.2,-5.413361928192909,-8.119469477886474,18.847111632939946
55.21,-5.691308615583337,-8.545574613463575,18.80769116481797
55.22,-5.984464045418953,-8.994358294390821,18.818000504737622
55.230000000000004,-6.2934532148679425,-9.463945704340311,18.881929266730484
55.24,-6.618631595118432,-9.951786687867891,19.003576858744637
55.25,-6.9600400738895765,-10.454521387369496,19.18716861315127
55.26,-7.317351115805865,-10.967841005458176,19.436936415275547
55.27,-7.689806849564303,-11.486351151354848,19.75695674193694
55.28,-8.076150588259056,-12.003448535441684,20.150939650266952
55.29,-8.47455435222427,-12.511225605300252,20.62196402945743
55.300000000000004,-8.88254630424109,-13.000421772910656,21.172157782441715
55.31,-9.29694359593558,-13.460443619578903,21.8023269625146
55.32,-9.713797868921802,-13.879479030032915,22.511545539330914
55.33,-10.12836237418841,-14.244730432309625,23.296727387655235
55.34,-10.53509108151643,-14.542788805584374,24.152213726800632
55.35,-10.927680851734594,-14.760161456625433,25.069421277493365
55.36,-11.299167261627286,-14.883951743137775,26.036606633387315
55.370000000000005,-11.642082517732597,-14.902667878528145,27.038807716720584
55.38,-11.948679696367892,-14.807112194305482,28.058020222224098
55.39,-12.211221202703982,-14.591275284520398,29.073652576361855
55.4,-12.422321195043011,-14.253136820184368,30.06327568069314
55.410000000000004,-12.575322674272048,-13.79526320477376,31.00364497549798
55.42,-12.66468144129463,-13.225097889704166,31.871927262003997
55.43,-12.686322970010098,-12.554866634275156,32.64702184846625
55.44,-12.637936172789,-11.80106605837772,33.31083535525266
55.45,-12.519171233979494,-10.983562560740811,33.849361261212785
55.46,-12.33171732109892,-10.12438838600737,34.25343394978717
55.47,-12.079248977953934,-9.24636888829987,34.51907084613017
55.480000000000004,-11.767245188124058,-8.371738751600441,34.64737654106822
55.49,-11.402699714876338,-7.520899914233304,34.644046303407954
55.5,-10.993752750690089,-6.711442566134384,34.51855928247044
55.51,-10.549280327717108,-5.957501677356645,34.28318380774062
55.52,-10.078478734227883,-5.269467206298446,33.95192454994305
55.53,-9.590476950239411,-4.654017988119902,33.539526453201475
55.54,-9.0940023433843,-4.114415273120563,33.06062044988268
55.550000000000004,-8.597115420429544,-3.6509750261051903,32.52905994170161
55.56,-8.107020067086163,-3.261637035313803,31.957462839297275
55.57,-7.629947735338119,-2.9425593994961345,31.356946949577825
55.58,-7.171108173725886,-2.6886838768538563,30.73702898486608
55.59,-6.7346957153704095,-2.494236212264925,30.10564919269638
55.6,-6.323938613183598,-2.3531425565456754,29.469282733574154
55.61,-5.941178989914296,-2.2593566094173747,28.833103010563914
55.620000000000005,-5.587972132594824,-2.2071015862313788,28.20116882625071
55.63,-5.26519562699478,-2.1910368171612484,27.576614657492822
55.64,-4.973160816033572,-2.2063614725973593,26.961830268466127
55.65,-4.711721009564723,-2.2488684343173064,26.35862166860586
55.660000000000004,-4.480372609809493,-2.3149604940967436,25.76834983568429
55.67,-4.278346768935518,-2.401639493206716,25.19204671475987
55.68,-4.104690343635036,-2.5064771682998477,24.630509968152044
55.69,-3.9583357734146265,-2.6275746289063555,24.08437904095434
55.7,-3.8381601212725376,-2.7635157195980704,23.554195567595297
55.71,-3.7430339213210084,-2.913318087418313,23.040451189733975
55.72,-3.6718607212075534,-3.0763845975827584,22.54362565084075
55.730000000000004,-3.6236083269920436,-3.252456800875375,22.06421769938379
55.74,-3.5973327873632415,-3.441571422354543,21.60277095261196
55.75,-3.592196119140826,-3.6440202756841287,21.159896497351088
55.76,-3.6074786972649386,-3.860313574151847,20.736293660700085
55.77,-3.642587125037751,-4.091146275417091,20.332770083376385
55.78,-3.697058275025925,-4.337366834126782,19.950261972058357
55.79,-3.7705600550671923,-4.599947521444288,19.589855187584583
55.800000000000004,-3.8628893118652,-4.879955284474821,19.252807631866194
55.81,-3.9739671392999423,-5.178521946970701,18.94057321333007
55.82,-4.103831710985629,-5.496812385061917,18.65482748177424
55.83,-4.252628607026455,-5.83598914185073,18.397494809688162
55.84,-4.420598453220162,-6.1971717712257295,18.170776737158523
55.85,-4.608061537179409,-6.581389029030504,17.977180767872678
55.86,-4.815398910850105,-6.989521871657828,17.819548478583865
55.870000000000005,-5.043029335211173,-7.422235101860014,17.70108125621519
55.88,-5.291381275716688,-7.879895456928112,17.625361278129297
55.89,-5.560859025430504,-8.362474021697487,17.596364478065315
55.9,-5.851801931512447,-8.869431147397938,17.618461178451582
55.910000000000004,-6.164435651883728,-9.399582673616802,17.696398823994404
55.92,-6.498814404100605,-9.950947320240942,17.83525985986071
55.93,-6.854753330517708,-10.520576801552771,18.04038635208941
55.94,-7.231750447811237,-11.104372693618268,18.317261618798735
55.95,-7.62889824143894,-11.696897526948815,18.671338207592537
55.96,-8.04478588065669,-12.291192091445197,19.107801433548833
55.97,-8.47739433938518,-12.878616512445138,19.63125895340618
55.980000000000004,-8.923988465707385,-13.448739033403884,20.24535020699134
55.99,-9.381012255656028,-13.989303005289864,20.952275793999767
56.0,-9.84399618014469,-14.486308218209329,21.752256684566323
56.01,-10.307488184930396,-14.924245708866007,22.64294695799179
56.02,-10.765022558490768,-15.286523269899778,23.618841177767063
56.03,-11.209142669648172,-15.556109503947507,24.670737021438793
56.04,-11.631493861205502,-15.716405121643538,25.785332296951296
56.050000000000004,-12.023000698687811,-15.752320229960183,26.94504820639119
56.06,-12.374137554411702,-15.651496977186259,28.12817163845327
56.07,-12.675292763563386,-15.405573005920502,29.30939240067005
56.08,-12.917214620162538,-15.011341483690723,30.46077283204905
56.09,-13.091513544925206,-14.471639648647677,31.553128070424712
56.1,-13.191181128997703,-13.79580148489766,32.55772297908326
56.11,-13.211076439027364,-12.999548811952858,33.44812075712955
56.120000000000005,-13.14832600826052,-12.104267779925664,34.20196702142604
56.13,-13.00258849018329,-11.135712880570988,34.802478701163885
56.14,-12.776148390590626,-10.122277425570879,35.239438571444815
56.15,-12.47382377310972,-9.093044004442964,35.5095702249947
56.160000000000004,-12.102696560500247,-8.0758614205507,35.61626843880592
56.17,-11.6716962833686,-7.095678314413761,35.56876194435936
56.18,-11.191084518287022,-6.173304568986867,35.38086543087223
56.19,-10.671895080272884,-5.324687349128573,35.06951909811286
56.2,-10.125383781028503,-4.560701402912092,34.653313376175966
56.21,-9.56253278833437,-3.8873822003543044,34.151161220810124
56.22,-8.993641189910313,-3.3064867463420136,33.58122533352689
56.230000000000004,-8.42801847930548,-2.8162523856640687,32.96014857984693
56.24,-7.8737840482312125,-2.4122333226081403,32.30258517965189
56.25,-7.337765129821688,-2.0881189971314233,31.62099470634815
56.26,-6.825478685724348,-1.836468798164138,30.925641922185193
56.27,-6.341179316657438,-1.6493267920531947,30.22474056148472
56.28,-5.887954729792502,-1.5187039937190732,29.524684113173787
56.29,-5.467851740257269,-1.4369326173988533,28.83031704023145
56.300000000000004,-5.082018369551075,-1.3969069692306018,28.145212105726834
56.31,-4.730850641790171,-1.39223044115114,27.471931121627563
56.32,-4.414135685488866,-1.4172890108525231,26.812256178059847
56.33,-4.131185433391298,-1.467270215373605,26.16738577855615
56.34,-3.8809574385461616,-1.538143907646173,25.538095377479454
56.35,-3.6621610606539083,-1.6266180343922922,24.924864949059177
56.36,-3.4733485562864486,-1.73007968717507,24.327977870516808
56.370000000000005,-3.312991495496833,-1.8465290367543492,23.74759601709066
56.38,-3.179543501484764,-1.9745115651862566,23.183815917109634
56.39,-3.071490642549595,-2.113052265147815,22.636710386146966
56.4,-2.9873909604974807,-2.261594136323355,22.10635945293453
56.410000000000004,-2.9259046493446066,-2.4199423085091336,21.592873738731925
56.42,-2.88581634344984,-2.5882143915370275,21.096412835558123
56.43,-2.86605086579,-2.766797130203409,20.61720068847778
56.44,-2.865683647157465,-2.956309074479162,20.15553953900856
56.45,-2.883946871073201,-3.1575687175636125,19.711823630902977
56.46,-2.9202322374269927,-3.3715673718579504,19.28655360724298
56.47,-2.974091076600584,-3.5994459179980622,18.88035232556826
56.480000000000004,-3.0452323884718293,-3.842474452740764,18.493982670338355
56.49,-3.133519228420384,-4.102033760109527,18.12836783358371
56.5,-3.2389637148137127,-4.379597422396865,17.784614449247684
56.51,-3.3617207878022515,-4.676713261532102,17.46403888831841
56.52,-3.502080705084279,-4.994982647258863,17.168196933350245
56.53,-3.6604601135255916,-5.336036019054242,16.89891693346061
56.54,-3.8373913827588213,-5.7015027390835655,16.65833637238989
56.550000000000004,-4.033509724822154,-6.092973123055555,16.448941536421135
56.56,-4.249537449733662,-6.511950190037928,16.273609613981016
56.57,-4.486264519040424,-6.959788345789758,16.13565205615214
56.58,-4.744524358412258,-7.437615895502541,16.03885733189913
56.59,-5.025163680428326,-7.9462380197345945,15.987530272673784
56.6,-5.32900485953272,-8.486016718889674,15.98652396528247
56.61,-5.656799210601432,-9.05672435232777,16.041258572074373
56.620000000000005,-6.009169380145342,-9.65736793291244,16.157719505549615
56.63,-6.386539010024926,-10.285982510445464,16.342425074229862
56.64,-6.789047942927639,-10.93939407576837,16.602351138241342
56.65,-7.216451596042601,-11.612955785272934,16.944797681412233
56.660000000000004,-7.668003849479398,-12.300266312393576,17.377179923512614
56.67,-8.142324016933303,-12.992886103292395,17.90672532005858
56.68,-8.637250336629034,-13.68007640261281,18.54005850440829
56.69,-9.149685073928746,-14.348596906208908,19.282660232204776
56.7,-9.675439834469882,-14.982609931330463,20.13819526850199
56.71,-10.209093986908847,-15.56375024782532,21.107719506978352
56.72,-10.743883899943903,-16.071427125591192,22.188799543698646
56.730000000000004,-11.271645394213584,-16.483424366571853,23.374608290463627
56.74,-11.782835376056886,-16.776849863667696,24.65309555505155
56.75,-12.266659636292404,-16.929453605088362,26.00636709289583
56.76,-12.711330599680691,-16.92127941090267,27.410429964194112
56.77,-13.10446986990476,-16.736543530330884,28.835463756079456
56.78,-13.43365493717133,-16.36555267135172,30.246743989855798
56.79,-13.687088061961319,-15.80640367856304,31.606268422289975
56.800000000000004,-13.854340806899451,-15.066171332981442,32.87502241544253
56.81,-13.92710472618196,-14.161312801526318,34.01568458497546
56.82,-13.899863391151705,-13.11710893957903,34.99545119046077
56.83,-13.770398893418632,-11.966115242176452,35.788585874544054
56.84,-13.540060376510032,-10.74577680146631,36.37831105095911
56.85,-13.213751955480035,-9.495524491469585,36.757756802567954
56.86,-12.799636993694271,-8.253766830316575,36.92985158244252
56.870000000000005,-12.308596384394386,-7.055195748304125,36.906231451957076
56.88,-11.753511105251782,-5.928737199197193,36.70540874635376
56.89,-11.148457278094888,-4.896329780231858,36.350536794282704
56.9,-10.507903053593655,-3.9725514535792197,35.86711984107032
56.910000000000004,-9.845983122286203,-3.164978141420441,35.28095849932155
56.92,-9.17590386319477,-2.4750740670684133,34.616520173361415
56.93,-8.509506353400251,-1.8993874162289166,33.895814180489786
56.94,-7.85699100649981,-1.4308451669936413,33.13775866734122
56.95,-7.226789811138336,-1.0599889355473975,32.357964396966246
56.96,-6.62556117260545,-0.7760506827598586,31.568830761072658
56.97,-6.058277714492989,-0.5678193880493321,30.779845855385506
56.980000000000004,-5.5283776178013575,-0.4242899891443225,29.997995893189433
56.99,-5.037953422560703,-0.33511211205578034,29.228210734483735
57.0,-4.587957121867939,-0.2908699472809054,28.473795192278033
57.01,-4.178405657668322,-0.28322919368818106,27.736816000431112
57.02,-3.808575826738522,-0.30498560949485354,27.018430089363708
57.03,-3.477181734285147,-0.35004515438682476,26.31915085347795
57.04,-3.1825311648009333,-0.41335995827319566,25.639055996727187
57.050000000000004,-2.92265961183183,-0.49083863719833754,24.977944240831533
57.06,-2.695442340040837,-0.579244436371603,24.335449627338022
57.07,-2.4986858933399265,-0.6760905590805676,23.711122156084382
57.08,-2.330201057525932,-0.7795388490671945,23.104482702799782
57.09,-2.1878595611433407,-0.8883056258508667,22.51505898457487
57.1,-2.069636855817121,-1.0015767774548328,21.942408075068776
57.11,-1.9736432344210448,-1.1189330417360277,21.38612977576755
57.120000000000005,-1.8981453785801377,-1.2402856232853128,20.845874108065722
57.13,-1.8415802157548349,-1.3658217900367673,20.321345333436273
57.14,-1.8025627373261601,-1.4959597893567713,19.812304234159928
57.15,-1.7798892001140463,-1.6313122556598714,19.31856987706613
57.160000000000004,-1.7725369153362907,-1.7726572054230925,18.84002171251373
57.17,-1.779661627201626,-1.9209156983116928,18.376602604166752
57.18,-1.8005933009681074,-2.0771352615510694,17.92832321767514
57.19,-1.8348309780557872,-2.242478211637724,17.495268097219995
57.2,-1.8820372128882417,-2.418214050299865,17.077603710899634
57.21,-1.9420324807770217,-2.6057151504937592,16.675588735593546
57.22,-2.014789835911975,-2.8064549751287426,16.289586868787396
57.230000000000004,-2.1004300004545193,-3.0220080790710697,15.920082490778851
57.24,-2.1992169765496588,-3.2540511270035304,15.567699549197629
57.25,-2.311554189137049,-3.504364108911197,15.233224093097581
57.26,-2.4379810847644494,-3.7748308436732874,14.91763094009614
57.27,-2.579170025807486,-4.06743772083807,14.622115010069788
57.28,-2.735923225736321,-4.384269431332309,14.34812789334047
57.29,-2.9091693639701632,-4.72750016861929,14.097420226890613
57.300000000000004,-3.0999593924722926,-5.099378430839086,13.872090410107372
57.31,-3.3094608940421137,-5.502203109962049,13.674640075208274
57.32,-3.5389501673066417,-5.938288006015787,13.508036499545387
57.33,-3.789800988675952,-6.4099112480582905,13.375781756241626
57.34,-4.0634687306204995,-6.919245344056789,13.2819877774326
57.35,-4.3614681940933355,-7.468262742987692,13.23145556125201
57.36,-4.685343140365221,-8.058610929057078,13.229755377017597
57.370000000000005,-5.0366250910216435,-8.691450283660322,13.283302878100436
57.38,-5.416778523978626,-9.367247422874128,13.39942336908435
57.39,-5.827129167527571,-10.085516729527091,13.586392947444557
57.4,-6.268771752760778,-10.844503774081419,13.853440746609587
57.410000000000004,-6.742453438626213,-11.64080686081921,14.210691053150656
57.42,-7.2484293410856555,-12.46893784786004,14.66901788092312
57.43,-7.786287415724069,-13.320831653820383,15.239778263409532
57.44,-8.354741674890251,-14.185326538486642,15.934385267846412
57.45,-8.951395744415647,-15.047655212156286,16.763679567612233
57.46,-9.572483480981099,-15.889010322993832,17.737062385567647
57.47,-10.21260010279532,-16.68627572929734,18.861366821372638
57.480000000000004,-10.864446107349707,-17.412043608523838,20.139473673035702
57.49,-11.51861672635394,-18.035059829420106,21.568725926204674
57.5,-12.163480537276879,-18.521244955636252,23.13926433979722
57.51,-12.785199731015641,-18.83541121494723,24.832490119414956
57.52,-13.367947839907409,-18.94372203768405,26.619944988266194
57.53,-13.894374055567704,-18.816811947593727,28.462957822190134
57.54,-14.346342502657865,-18.43330780511044,30.313405014022024
57.550000000000004,-14.705938060437848,-17.78329892032155,32.1158341090614
57.56,-14.956680064108015,-16.871150604118277,33.81099027279808
57.57,-15.084830048351407,-15.717014706145617,35.34048378717093
57.58,-15.080633785170159,-14.356519544045307,36.65201313833939
57.59,-14.93931746338614,-12.83842982561366,37.70431785914864
57.6,-14.66167516700513,-11.22049255127568,38.470981872054324
57.61,-14.254141715922671,-9.564102873502954,38.942392608111476
57.620000000000005,-13.72833003754773,-7.928693942693102,39.12554648255186
57.63,-13.100103683624006,-6.366783807780505,39.04185839227575
57.64,-12.388328506038649,-4.920398942787609,38.723531055477316
57.65,-11.613485183377755,-3.6192257663894924,38.2092535402858
57.660000000000004,-10.796321176836743,-2.480449970800924,37.53999159411859
57.67,-9.956684338793163,-1.509943580857146,36.75545108420531
57.68,-9.112626010476724,-0.7043095970177634,35.89153157563217
57.69,-8.279805217423299,-0.05328941240521812,34.97883137504083
57.7,-7.471179514494299,0.45786670212756686,34.042078021980025
57.71,-6.696937897644792,0.8463280200516716,33.10025877777536
57.72,-5.9646171516041315,1.1300386328086374,32.16720300768605
57.730000000000004,-5.279341722685972,1.3265235381288656,31.252396722665264
57.74,-4.644134116534934,1.4521034214622572,30.361862201053693
57.75,-4.0602536705692565,1.5214436560762956,29.498992326146453
57.76,-3.527533189038059,1.5473550532261826,28.665278278695446
57.77,-3.0446934440938787,1.540770467126355,27.86090581908972
57.78,-2.609624056763843,1.5108346989701311,27.085219469397295
57.79,-2.2196255945022125,1.4650600778943428,26.33706762731542
57.800000000000004,-1.871612067973255,1.4095137602455992,25.615047859536666
57.81,-1.562275757106109,1.349013964431585,24.91767297424873
57.82,-1.2882178504533188,1.2873208291601743,24.24347703861825
57.83,-1.0460491020951135,1.2273136371581301,23.59107774411974
57.84,-0.8324648835758894,1.1711502629098902,22.959208357081344
57.85,-0.6442988470500165,1.120407372503934,22.346729453832303
57.86,-0.47855906835864215,1.076201548802488,21.752627989754558
57.870000000000005,-0.33245010368017464,1.0392924653100797,21.176009081232273
57.88,-0.20338393288348225,1.010169727837715,20.616084184662224
57.89,-0.08898231382834478,0.9891252116492492,20.072158084770038
57.9,0.012927344973235305,0.9763127553152329,19.54361618418543
57.910000000000004,0.10432086087270252,0.9717970038527364,19.029912944422634
57.92,0.18698950005692522,0.9755930691396424,18.530561898740196
57.93,0.26255442926895345,0.9876985238371587,18.04512738387125
57.94,0.3324825214485073,1.0081190837484528,17.57321797550658
57.95,0.39810284486418357,1.0368891732801797,17.114481527209286
57.96,0.4606233353221107,1.0740884156722912,16.66860167855799
57.97,0.5211472908086304,1.119854947386306,16.23529569741231
57.980000000000004,0.5806894414499435,1.1743963262023223,15.814313540595121
57.99,0.6401914386648223,1.2379986857185818,15.405438048614869
58.0,0.7005366792203281,1.3110346848194667,15.008486228100018
58.01,0.762564435572839,1.393970708435534,14.623311617457615
58.02,0.8270833059968908,1.4873736942580205,14.249807775572696
58.03,0.8948840287897464,1.591917887290593,13.88791297991248
58.04,0.9667517261167622,1.7083917581490646,13.537616269713922
58.050000000000004,1.043477656268082,1.837705259386262,13.198965023035454
58.06,1.1258705592743492,1.9808975338969952,12.872074314679377
58.07,1.2147676806171543,2.139145127152305,12.557138366855476
58.08,1.3110455513807735,2.313770686397907,12.254444477529704
58.09,1.415630590371025,2.5062520498501484,11.9643898941714
58.1,1.5295095736940318,2.7182315309064506,11.687502194290234
58.11,1.6537399886489976,2.951525078405766,11.424463839391612
58.120000000000005,1.789460249421192,3.208130833894479,11.176141685429052
58.13,1.9378996989558581,3.490236397912681,10.943622358479503
58.14,2.100388250462451,3.8002238435141638,10.72825453452371
58.15,2.278365427837443,4.140671156703049,10.531699288023482
58.160000000000004,2.4733884399126587,4.514348315936541,10.35598978025804
58.17,2.687138759974434,4.924205617375205,10.203601620477286
58.18,2.921426468473057,5.373351075964374,10.07753521242833
58.19,3.17819134000735,5.865012748886789,9.981411237573719
58.2,3.459499300150446,6.402480602873874,9.919580038654454
58.21,3.7675324266273607,6.989021054633165,9.897244930021508
58.22,4.104570106024194,7.627755551193408,9.920598202119034
58.230000000000004,4.472958268146932,8.321492566965649,9.996966573106388
58.24,4.87506280087641,9.072500302078259,10.13495976639993
58.25,5.313202312928486,9.882205435990247,10.344611382855785
58.26,5.789554407989864,10.750802004224049,10.637494862740235
58.27,6.30602866512181,11.676754632311118,11.026788676650852
58.28,6.864098778804936,12.656183239515652,11.527253667333587
58.29,7.464586117782478,13.682123747910865,12.155071791443188
58.300000000000004,8.107387809492693,14.743673758061826,12.927480277422417
58.31,8.791145053851066,15.82505653032184,13.862120711584033
58.32,9.512852642188687,16.904673858452586,14.976013248643461
58.33,10.267419673444955,17.95427023644917,16.2840694331808
58.34,11.047205207598052,18.938395430875882,17.79708375572205
58.35,11.841571521914775,19.814421958719528,19.519207229214253
58.36,12.636520891909626,20.533429564801764,21.44501821252346
58.370000000000005,13.414506272919983,21.042279407450035,23.556470685258667
58.38,14.15452554853735,21.28712455604423,25.820203523035378
58.39,14.832613310362976,21.218399605683672,28.18589048321441
58.4,15.422821590153276,20.79698400557143,30.586417876328017
58.410000000000004,15.898721733770945,20.000780499935477,32.940590760047236
58.42,16.23536232956526,18.83051172695031,35.15870348552607
58.43,16.411496644289116,17.31330444103478,37.15066518984694
58.44,16.411778898166325,15.50279494228477,38.83558440451626
58.45,16.228564410364918,13.475133784134318,40.15106422494624
58.46,15.862970840722578,11.321266454847217,41.060250267756885
58.47,15.324976983325424,9.136885325074768,41.555084633982034
58.480000000000004,14.632524713518066,7.01208382369178,41.655161103564375
58.49,13.809791229703745,5.022736940033998,41.402705757299024
58.5,12.884949325506037,3.225011069065774,40.855094681642186
58.51,11.887792025247121,1.65346112780527,40.07667516544333
58.52,10.847560913908026,0.3222832314792463,39.13145024195207
58.53,9.791213959731024,-0.771266920017581,38.077615545471964
58.54,8.742241784700491,-1.6424283239530366,36.964280875909424
58.550000000000004,7.720028985645287,-2.3144294359490063,35.830185983902595
58.56,6.739680527982907,-2.814564613650542,34.703926479724146
58.57,5.8121964283826495,-3.171157214548343,33.60512746536397
58.58,4.944873358783387,-3.411454668832233,32.54606839068282
58.59,4.141827437238536,-3.5603435574982965,31.53339413441811
58.6,3.4045570802612035,-3.6397046931571775,30.56968603627031
58.61,2.7324903575297355,-3.668220928970367,29.65478100405095
58.620000000000005,2.123483338328364,-3.6614758033659984,28.78680674052819
58.63,1.5742527466787601,-3.6322184413692624,27.96294902984804
58.64,1.0807378681073345,-3.5907070370775074,27.179990549253677
58.65,0.6383939300114531,-3.5450739891800525,26.43466812267419
58.660000000000004,0.24242320938194922,-3.5016787879659974,25.723893534907262
58.67,-0.1120480682980231,-3.465430668303701,25.044876787443883
58.68,-0.42983856584690805,-3.4400733025909305,24.395183002563275
58.69,-0.7156183298339043,-3.4284299699971252,23.772746731723
58.7,-0.9738456694305317,-3.432611036334491,23.175860973678038
58.71,-1.208728100641993,-3.454187222530977,22.603153006984385
58.72,-1.4242020051391218,-3.49433273419963,22.053555159319906
58.730000000000004,-1.6239265533785034,-3.5539423320051586,21.526275712935675
58.74,-1.8112882408182922,-3.6337261278588966,21.020773081297406
58.75,-1.9894130735342617,-3.734285461813392,20.536734990882053
58.76,-2.161184017992698,-3.8561727394047414,20.074063493190092
58.77,-2.329261807679391,-3.999937633767551,19.632866075347508
58.78,-2.4961075872952656,-4.166161599469604,19.213452823362214
58.79,-2.6640061838629703,-4.355482209765266,18.816339436387683
58.800000000000004,-2.835089032893203,-4.568608412739754,18.442255830361887
58.81,-3.0113559648991153,-4.806327398277484,18.092160058000236
58.82,-3.194695179743777,-5.069503369574618,17.767257273206468
58.83,-3.3869008089462174,-5.359068112959069,17.469023452287452
58.84,-3.5896874934140426,-5.676002852354512,17.199233526028344
58.85,-3.8047013895349857,-6.021310456650621,16.959993450184296
58.86,-4.033526963127108,-6.395976640582374,16.753775519665222
58.870000000000005,-4.2776888415174925,-6.800918370254292,16.583455882045847
58.88,-4.538647873000494,-7.236917271214667,16.45235269233721
58.89,-4.8177903961518105,-7.70453547320343,16.364262631448046
58.9,-5.116409558552261,-8.20401106621611,16.323492540491728
58.910000000000004,-5.435677360685559,-8.735130271878216,16.33488165872801
58.92,-5.7766059597946064,-9.297073675733397,16.40380836208435
58.93,-6.139996685737764,-9.88823459137308,16.53617337632513
58.94,-6.526375247359398,-10.506009062336352,16.738349230152927
58.95,-6.935911813855766,-11.146559431895874,17.017083352685738
58.96,-7.368325133295325,-11.804557141181895,17.379339976620805
58.97,-7.822770713683359,-12.472915764502915,17.83206434654456
58.980000000000004,-8.297714470026648,-13.142532480740718,18.381852367151524
58.99,-8.790795262355688,-13.802065207286656,19.03451076551456
59.0,-9.298682511561477,-14.437783052375327,19.794498365686877
59.01,-9.81693859719942,-15.03353844566745,20.664249609347173
59.02,-10.339899875885493,-15.57091819846653,21.64339826938602
59.03,-10.860594532690639,-16.029634606128695,22.72794295778625
59.04,-11.370719390726482,-16.38821229301334,23.909425600274577
59.050000000000004,-11.860700191128815,-16.625007162812384,25.17422621599676
59.06,-12.319859341849329,-16.719556828237632,26.50310566438262
59.07,-12.736710246681419,-16.6542065240223,27.871142967744447
59.08,-13.099386907479175,-16.415885431687883,29.248204152731546
59.09,-13.396201279142433,-15.997837418134667,30.60003556864689
59.1,-13.616300085692897,-15.401056139960886,31.889992914683567
59.11,-13.750370575646631,-14.635159181323154,33.081305429576354
59.120000000000005,-13.79132576168485,-13.718477146574573,34.13965395930451
59.13,-13.734889484442363,-12.677236177034692,35.035743501801306
59.14,-13.58000461643855,-11.54386149822551,35.74750832374973
59.15,-13.329005551753381,-10.35459163144706,36.261622443023086
59.160000000000004,-12.98752654540186,-9.146724489584804,36.57409944846692
59.17,-12.564154454659377,-7.95588022524989,36.689927425429936
59.18,-12.069869878588273,-6.813644380418781,36.62185417988596
59.19,-11.517346924393054,-5.745858462557904,36.38857064716008
59.2,-10.920193990146672,-4.771685313806725,36.01260658504714
59.21,-10.292215200235248,-3.9034338126614805,35.51824595874752
59.22,-9.646757328724458,-3.147015509667787,34.92970510050708
59.230000000000004,-8.99618529899669,-2.502842855345158,34.26972231222652
59.24,-8.3515061369657,-1.9669654438229094,33.558611332447974
59.25,-7.722140948710591,-1.5322653566881819,32.813753472164464
59.26,-7.11582961450032,-1.1895783009085679,32.04945368760183
59.27,-6.538644129140942,-0.9286580667043987,31.27706420679556
59.28,-5.995083214622214,-0.7389469207097737,30.50527942593913
59.29,-5.488221614075211,-0.6101484270995179,29.740519437134235
59.300000000000004,-5.01989081145524,-0.5326208164793981,28.987339226989768
59.31,-4.590872466599599,-0.4976200725191185,28.2488208156511
59.32,-4.201090620356472,-0.49742518558401727,27.526923170437133
59.33,-3.8497930893494123,-0.5253763854305187,26.822778269425072
59.34,-3.535716123115879,-0.575852950840258,26.13693109654142
59.35,-3.2572292455952363,-0.6442120535053868,25.46952718629591
59.36,-3.0124592901587923,-0.7267050406315453,24.82045442674748
59.370000000000005,-2.799394072057714,-0.8203831205290805,24.189446999080953
59.38,-2.6159670562532265,-0.9230007844525485,23.57615928167441
59.39,-2.4601248998809817,-1.0329224789142943,22.980216809456138
59.4,-2.3298799876733733,-1.1490359414482938,22.40125032890511
59.410000000000004,-2.223350124533579,-1.270674099740271,21.838917865492814
59.42,-2.1387874701018874,-1.3975463787960922,21.29291866396201
59.43,-2.0745986453593765,-1.5296795487027235,20.7630019432126
59.44,-2.0293577462145933,-1.6673677830469988,20.248972652206433
59.45,-2.0018137875372433,-1.8111313125598651,19.7506958197548
59.46,-1.9908938888668155,-1.9616828953415897,19.268100643520782
59.47,-1.9957033096868213,-2.1199012436451268,18.80118514013219
59.480000000000004,-2.0155232531481797,-2.286810517955371,18.350021955889297
59.49,-2.049807184935349,-2.4635650001143876,17.914765794674878
59.5,-2.0981762590450486,-2.6514380721021396,17.49566283767053
59.51,-2.1604143036266925,-2.8518146430969478,17.093062492828228
59.52,-2.2364626957612908,-3.066186174306094,16.707431808098175
59.53,-2.326415341456706,-3.2961474398661563,16.339372900833574
59.54,-2.4305138729800966,-3.543394124601563,15.989643787769012
59.550000000000004,-2.5491430762302776,-3.8097202874132226,15.659183037315763
59.56,-2.6828264620307576,-4.097014604029529,15.349138700050425
59.57,-2.832221792412545,-4.407254135697456,15.060901994035984
59.58,-2.9981162611100736,-4.742494141434121,14.796146215901373
59.59,-3.18142090110943,-5.10485215072521,14.556871298713435
59.6,-3.383163645252443,-5.49648413160694,14.345454319320757
59.61,-3.6044802924514383,-5.919550118611035,14.164706037811538
59.620000000000005,-3.846602425949752,-6.376166103755415,14.01793318515838
59.63,-4.110841085985432,-6.868338348836385,13.909005642695215
59.64,-4.398564713818484,-7.3978755725767344,13.84242680242616
59.65,-4.711169557809753,-7.966273752758832,13.823404165545105
59.660000000000004,-5.050040372253438,-8.574567654554365,13.857915516238005
59.67,-5.416498864154627,-9.223142807495543,13.952763677147294
59.68,-5.811736987411388,-9.911501748500296,14.115609796798227
59.69,-6.236731908460514,-10.637979287695767,14.354971262017527
59.7,-6.6921393682902615,-11.399403842578302,14.68016568959644
59.71,-7.178162385335847,-12.190706188195815,15.101177235383664
59.72,-7.69439298139569,-13.004484089470722,15.628416183387381
59.730000000000004,-8.239626128600278,-13.830542070685778,16.27233844167438
59.74,-8.811647721266702,-14.65544073819524,17.0428898438388
59.75,-9.407002399180769,-15.462109778995233,17.948743520344642
59.76,-10.02075275227327,-16.22960206432905,18.996310364027025
59.77,-10.646248883930378,-16.933090339588375,20.188526544121654
59.78,-11.27493615983543,-17.54422717740177,21.52346145317381
59.79,-11.896238222716697,-18.031994351602524,22.99284556706769
59.800000000000004,-12.497560119920347,-18.36414792647648,24.580686945645216
59.81,-13.064459803780645,-18.509308086053846,26.2622165039098
59.82,-13.581031747765989,-18.439640405281597,28.00345551129157
59.83,-14.030530504957186,-18.13393169985771,29.761706012356534
59.84,-14.396232792716663,-17.580701072469747,31.487197089101777
59.85,-14.662495525842651,-16.78084860216742,33.12596018145628
59.86,-14.815920306444447,-15.749287345328717,34.623765730522265
59.870000000000005,-14.846493132745248,-14.515080093182918,35.93067972193822
59.88,-14.74854487022899,-13.119828677202225,37.00557337881796
59.89,-14.521384592720361,-11.614403847466878,37.81983008778018
59.9,-14.169498195906005,-10.054466953703063,38.35959581136201
59.910000000000004,-13.702272121844139,-8.495505646980329,38.626202362528666
59.92,-13.133280477853324,-6.988193841100924,38.63477635511531
59.93,-12.479243022754495,-5.574766447004492,38.411410492193305
59.94,-11.758804481509957,-4.286823014917733,37.98951047174221
59.95,-10.99129464913924,-3.144641363294557,37.405988128545026
59.96,-10.195606710738003,-2.1577949911931533,36.69786574690547
59.97,-9.389289004991763,-1.3266923055418989,35.89965261237521
59.980000000000004,-8.587896716354317,-0.6446060204656413,35.04163070893006
59.99,-7.804606281522979,-0.09981111027005085,34.149002338550495
60.0,-7.050063529895785,0.3224455119783656,33.241737322224104
60.01,-6.332418682257107,0.6383035240381012,32.33491160643393
60.02,-5.657495619922791,0.8640356452020653,31.439335518569102
60.03,-5.029045826376304,1.0151709942479252,30.562306348515015
60.04,-4.449045354261997,1.1059437544723631,29.708367102936883
60.050000000000004,-3.918003000023372,1.1489990924730074,28.87999828436587
60.06,-3.4352574869584185,1.1552879193091694,28.07820585219985
60.07,-2.9992497170481016,1.1340905544237887,27.302994292588085
60.08,-2.6077626162771335,1.0931213172618517,26.55372987133444
60.09,-2.2581257808704,1.0386782129302043,25.829407762094064
60.1,-1.9473852786765262,0.975812494181781,25.12884011271785
60.11,-1.6724408987233752,0.9085013543177046,24.450782203952286
60.120000000000005,-1.430154194930326,0.8398133398455945,23.794012151598487
60.13,-1.2174311117419894,0.7720605681385745,23.157377117808416
60.14,-1.031283024363421,0.7069348857957816,22.539816356962508
60.15,-0.8688698311565216,0.645627083724387,21.940368974251513
60.160000000000004,-0.7275284095370973,0.5889295090394029,21.358172181726186
60.17,-0.6047893615974573,0.5373231230766076,20.79245414343436
60.18,-0.49838457731336405,0.49105042450411157,20.24252419042072
60.19,-0.406247758867108,0.4501758089143211,19.707762208911138
60.2,-0.32650969441456446,0.41463495389982263,19.18760830132544
60.21,-0.25748975078141684,0.3842747558554964,18.681553330984336
60.22,-0.1976847744540622,0.3588852368174862,18.18913063508648
60.230000000000004,-0.14575634827790654,0.3382247090453887,17.70990898301696
60.24,-0.10051714527447506,0.32203934600450296,17.243486733529853
60.25,-0.060916947857013536,0.31007816981110387,16.789487078188408
60.26,-0.026028757004112557,0.3021043325384071,16.34755422991691
60.27,0.004964701892172428,0.29790344529307305,15.917350410464168
60.28,0.032783865184923544,0.29728959644639247,15.49855349916992
60.29,0.05806447399569793,0.3001095996450943,15.09085522108083
60.300000000000004,0.08136889887648585,0.30624592337399054,14.69395977096282
60.31,0.10319661720752923,0.31561867658579296,14.307582788551299
60.32,0.12399384952845541,0.32818695864185043,13.931450618062483
60.33,0.1441623869531193,0.3439498257209114,13.565299800905022
60.34,0.16406766042059287,0.36294707904336954,13.20887676450803
60.35,0.18404611532227755,0.3852600417718975,12.861937682335888
60.36,0.204411963317216,0.41101246033157046,12.52424849077128
60.370000000000005,0.22546338799030716,0.44037164122114586,12.195585057979804
60.38,0.2474882833185792,0.473549915293118,11.875733508523489
60.39,0.2707696044212728,0.5108065071603282,11.564490715782096
60.4,0.29559040936983577,0.5524498771085903,11.261664982592052
60.410000000000004,0.322238669391161,0.5988405959940705,10.967076939353369
60.42,0.3510119229740597,0.6503948094785087,10.680560698633638
60.43,0.38222184745824345,0.7075883460511713,10.401965316496558
60.44,0.4161988198431771,0.7709615230813038,10.131156623933055
60.45,0.453296536929457,0.8411247061244987,9.86801950748144
60.46,0.4938967635643232,0.918764678334582,9.612460737091794
60.47,0.5384142767120478,1.0046518785128553,9.364412462346776
60.480000000000004,0.5873020722535244,1.099648567352272,9.123836526279188
60.49,0.6410569007118879,1.204717980924022,8.890729780397882
60.5,0.7002251972931336,1.3209345272664381,8.665130626543224
60.51,0.765409470407468,1.449495074556004,8.447127062495623
60.52,0.837275210745276,1.591731365728108,8.236866570799311
60.53,0.9165583793837139,1.749123571805974,8.034568266293064
60.54,1.0040735274104904,1.9233149608308506,7.840537809923824
60.550000000000004,1.100722589949304,2.116127606055188,7.655185707391659
60.56,1.207504382581634,2.3295789790309125,7.479049744028957
60.57,1.3255248056943265,2.565899161024086,7.312822464984837
60.58,1.4560077291300175,2.8275482472008404,7.1573847947308415
60.59,1.6003064814648065,3.117233295381624,7.013847103425738
60.6,1.75991579961021,3.4379238624455066,6.883599268768295
60.61,1.9364839976393617,3.7928647472244124,6.768371545487823
60.620000000000005,2.131824978684429,4.185583980717267,6.670308328456979
60.63,2.347929527180332,4.619893323873797,6.592057156124054
60.64,2.5869750634209026,5.099877489215415,6.536875507300151
60.65,2.851332696372037,5.629866921874171,6.508758027716709
60.660000000000004,3.143569946551419,6.214387174381063,6.512586673686677
60.67,3.4664468954901664,6.858075599892207,6.554305709418637
60.68,3.822902713949666,7.5655531938359015,6.641122288098523
60.69,4.216028487762844,8.341235898533691,6.781731114979295
60.7,4.649020962428139,9.189065608445551,6.986557912865674
60.71,5.125110247031658,10.11213672064202,7.268010384029108
60.72,5.647452676038587,11.112189942551602,7.6407161928479335
60.730000000000004,6.218978022628792,12.188942321727145,8.121714137637609
60.74,6.842178324112415,13.339223071011121,8.730546108177712
60.75,7.518824173733359,14.555891903610867,9.489172994711756
60.76,8.249594240508634,15.826534984250051,10.42160789777774
60.77,9.033606240750798,17.131969596379886,11.553127615778891
60.78,9.86784438870822,18.444649616209414,12.908895494521484
60.79,10.746491797791474,19.727156306678115,14.511818845987097
60.800000000000004,11.660198868668296,20.931083893400746,16.379494266538938
60.81,12.595352184384625,21.99677508322259,18.520194422336473
60.82,13.533452311067427,22.854493320518657,20.92805248645646
60.83,14.450757882442051,23.427669275744897,23.577923910031345
60.84,15.318394695613705,23.63873116835214,26.420826252384703
60.85,16.103140864191914,23.417619307209716,29.38127697245352
60.86,16.769055333236814,22.712348588714548,32.358072214150674
60.870000000000005,17.279994749004462,21.50001794938324,35.229822099195616
60.88,17.602861909870757,19.7957835879895,37.865684334975256
60.89,17.71118569000007,17.656991409797108,40.1402660795611
60.9,17.588427195884737,15.180333157561646,41.95002280560806
60.910000000000004,17.230337373525963,12.491605256698485,43.22740511840803
60.92,16.645822931203035,9.729883016238023,43.94916480375491
60.93,15.856096119850967,7.029725828991303,44.13677780484976
60.94,14.892286522371595,4.505551425880427,43.84928869157687
60.95,13.792033194209479,2.241345114042277,43.17099969859979
60.96,12.595738419528493,0.28694797596571053,42.19745742475882
60.97,11.343120340097963,-1.339783304185993,41.02290768321805
60.980000000000004,10.070506471899808,-2.6468962367493445,39.73120800698566
60.99,8.809060672367087,-3.6605989275704225,38.39078797291516
61.0,7.583918806937924,-4.417698560803325,37.05316916740493
61.01,6.414069164544029,-4.959343340325151,35.75401203705085
61.02,5.312757250024317,-5.326495418606507,34.51558169207793
61.03,4.288200310487036,-5.557075075088017,33.34972985502014
61.04,3.344437000722205,-5.684463266343603,32.260791603350356
61.050000000000004,2.4821886363626753,-5.736976882742768,31.24807433803782
61.06,1.6996559105248898,-5.737964237960777,30.307821490322507
61.07,0.9932121519425898,-5.706246052300014,29.43465952214527
61.08,0.3579799595006222,-5.65671085622632,28.622599927954795
61.09,-0.21170607946903985,-5.60094463711859,27.86568936579877
61.1,-0.7219393852452555,-5.547827015697243,27.158398844913055
61.11,-1.178969340800445,-5.504061392646237,26.495829751229564
61.120000000000005,-1.5890018908855577,-5.474628070478858,25.8737980678096
61.13,-1.9580585238374164,-5.463161370737497,25.288842455730602
61.14,-2.291881150224658,-5.47225761869066,24.7381886081173
61.15,-2.595872361563,-5.503723041361279,24.21969189454394
61.160000000000004,-2.8750624330135004,-5.558770784954115,23.731772568308486
61.17,-3.1340960973495076,-5.6381754404109365,23.27335226679336
61.18,-3.3772335229917547,-5.742392270491021,22.84379670477652
61.19,-3.6083610823085364,-5.871647077587074,22.442866899399704
61.2,-3.8310084243468183,-6.026001489157438,22.070679609328508
61.21,-4.048369102174813,-6.205397423903773,21.727676635723146
61.22,-4.263322582178431,-6.409683645808555,21.414602005672617
61.230000000000004,-4.478455910646533,-6.638626603833352,21.13248568335164
61.24,-4.696083657283418,-6.891907176461256,20.882632217920577
61.25,-4.918265017534608,-7.169104479336301,20.66661256075421
61.26,-5.146817154452696,-7.469667544897832,20.48625711331031
61.27,-5.38332401296749,-7.792875447695694,20.343647865024593
61.28,-5.6291399606685735,-8.137786339968429,20.24110722754093
61.29,-5.885387715463901,-8.50317590054109,20.18118086079476
61.300000000000004,-6.152950128621782,-8.887465916603714,20.166611426017848
61.31,-6.432455520282746,-9.2886441503804,20.200299815841763
61.32,-6.724256434173084,-9.704177333259926,20.28525004889931
61.33,-7.028401911625779,-10.130920119189868,20.424493748811432
61.34,-7.344603706031779,-10.565024146310401,20.620990060311673
61.35,-7.672197290814491,-11.00185300428265,20.877497129248077
61.36,-8.010099076300973,-11.435910841672886,21.19641206393299
61.370000000000005,-8.356761953631125,-11.860794458293327,21.579577804121644
61.38,-8.710132120745902,-12.269180796213739,22.028057755363193
61.39,-9.067611084332889,-12.652863428383684,22.54188256745171
61.4,-9.426027703977612,-13.002852463902528,23.119778112426644
61.410000000000004,-9.781626036618015,-13.309551637114097,23.758889431693657
61.42,-10.130075385914585,-13.56302355175638,24.454521775354884
61.43,-10.466509150747267,-13.753348496118821,25.19992608841163
61.44,-10.785598559959285,-13.871073562989222,25.986161248784036
61.45,-11.081665946490956,-13.907737122715611,26.80206753688064
61.46,-11.34883969058083,-13.856439869647732,27.634383594677665
61.47,-11.581249326294252,-13.712419448670074,28.46803113991079
61.480000000000004,-11.773254747945487,-13.47357368128555,29.286577315534647
61.49,-11.919698421925906,-13.140870771272942,30.072864424435767
61.5,-12.01616470664169,-12.718586531325212,30.809773185631542
61.51,-12.059226679880233,-12.214320508857611,31.48106236995578
61.52,-12.046659146527261,-11.638764810931985,32.072209506198156
61.53,-11.977597417479828,-11.005228870892036,32.57116890683068
61.54,-11.852625257314116,-10.328955511810449,32.968967634051246
61.550000000000004,-11.673781779977679,-9.626292296122616,33.260077627727114
61.56,-11.444485159498447,-8.913801438006104,33.44253034323138
61.57,-11.169379553497915,-8.207397559137023,33.51777359757792
61.58,-10.854119236403161,-7.521594412723312,33.490302379995704
61.59,-10.505109438500995,-6.868921742131382,33.367120188258504
61.6,-10.129226079981226,-6.259546448088774,33.15710112877089
61.61,-9.733536348881843,-5.701103926753546,32.87032454729824
61.620000000000005,-9.325039309109137,-5.19872092127156,32.51744502075464
61.63,-8.910441220578392,-4.755193894507064,32.1091446356868
61.64,-8.495974934751,-4.371278035219193,31.655695720209692
61.65,-8.08726745773431,-4.0460409115279745,31.166644241315623
61.660000000000004,-7.689255202671282,-3.7772395977251003,30.650609461778775
61.67,-7.30614296563852,-3.56168845318369,30.115185381323155
61.68,-6.941400377906944,-3.395594398212846,29.56692402956472
61.690000000000005,-6.597788434997846,-3.274845805156066,29.011379123602257
61.7,-6.277408478471261,-3.1952489466114553,28.45318987143864
61.71,-5.98176645694242,-3.1527118528221263,27.896187671871836
61.72,-5.7118461682950485,-3.143379406526626,27.34351217501785
61.730000000000004,-5.468186271539363,-3.1637257955742437,26.79772692445266
61.74,-5.250956991345371,-3.21061142241671,26.26092816448662
61.75,-5.060033510290803,-3.2813114218682258,25.734843147983703
61.76,-4.895063988062504,-3.3735224049402626,25.220916365683706
61.77,-4.755530933221585,-3.485353195065486,24.720383582317616
61.78,-4.640805276308708,-3.6153043454759084,24.23433450518436
61.79,-4.5501929630876266,-3.7622402479872163,23.76376544196882
61.800000000000004,-4.48297422196015,-3.9253567367401083,23.309623536889784
61.81,-4.438435881643977,-4.104146290805969,22.872844202583963
61.82,-4.415897245704549,-4.298362257429512,22.45438326426431
61.83,-4.414730089239633,-4.5079829485712635,22.05524515742462
61.84,-4.4343733469618085,-4.733175994961832,21.676508307722898
61.85,-4.474343025160857,-4.974262958573188,21.319348594083266
61.86,-4.534237803767494,-5.231683890604274,20.985061564531716
61.870000000000005,-4.613740707711241,-5.505961263862853,20.67508384129653
61.88,-4.712617125677048,-5.797662494821317,20.391013913496796
61.89,-4.830709344419712,-6.107360094432627,20.134632264127063
61.9,-4.967927652228317,-6.4355883453799505,19.90792050182928
61.910000000000004,-5.124237949783238,-6.782795299609446,19.713078854129954
61.92,-5.299645694561549,-7.149288833084711,19.552541013842305
61.93,-5.494175901038208,-7.535175501835552,19.428984901571205
61.940000000000005,-5.707848829713466,-7.940291040933341,19.345337405184427
61.95,-5.940650932380657,-8.364121573033394,19.304770578406565
61.96,-6.19250059117396,-8.805714994200954,19.31068613271154
61.97,-6.463208210977384,-9.263582641948876,19.366684363644918
61.980000000000004,-6.75243031955956,-9.735592293003807,19.476512963700866
61.99,-7.059617522983277,-10.218854858850902,19.643990572645276
62.0,-7.383956485278507,-10.70960891017738,19.872899531638936
62.01,-7.724306583109911,-11.20310940468599,20.1668423231514
62.02,-8.079132558398763,-11.693529698923602,20.52905683700217
62.03,-8.44643537603324,-12.173888982561076,20.962187199348513
62.04,-8.823684592345762,-12.636020431281699,21.468009759522126
62.050000000000004,-9.20775682242962,-13.070598191952485,22.047118247816766
62.06,-9.594886280468277,-13.467243127564622,22.698578279674127
62.07,-9.98063471042804,-13.814727174077827,23.419569228961194
62.08,-10.359889099466905,-14.101293158332181,24.20504056495689
62.09,-10.726896069578705,-14.315099973459642,25.047419028333383
62.1,-11.075341414333309,-14.444791389759093,25.93641084710319
62.11,-11.398481523787416,-14.480170480765796,26.858947308110725
62.120000000000005,-11.689330143155077,-14.412941781696054,27.799319847811823
62.13,-11.940898961982517,-14.237462426927106,28.739540137431202
62.14,-12.14648417456155,-13.951425622678975,29.659940260005552
62.15,-12.299984039984839,-13.556389794811983,30.539998869359025
62.160000000000004,-12.396225657015886,-13.058069294589481,31.359344667071387
62.17,-12.431273983846635,-12.466320585117707,32.098854672449804
62.18,-12.40269391074581,-11.794791056395304,32.74173915875724
62.190000000000005,-12.309737917990686,-11.060241647983206,33.27449494805211
62.2,-12.15343781036735,-10.28160128028887,33.68761843489343
62.21,-11.936588604573961,-9.478850892595197,33.9759991173655
62.22,-11.663624396221792,-8.671858807736271,34.138958345114766
62.230000000000004,-11.340397944481092,-7.87929201459792,34.17994737522664
62.24,-10.973885726984156,-7.11770985722155,34.10596331542508
62.25,-10.57184673412929,-6.400912680071083,33.92677252524083
62.26,-10.142465505603058,-5.739576570032618,33.65404394123239
62.27,-9.694007997764778,-5.141165394741219,33.30048976336161
62.28,-9.234513706852253,-4.610079936229694,32.879092111735744
62.29,-8.771540392962214,-4.147984847069565,32.402467881335404
62.300000000000004,-8.3119701506734,-3.7542477616501864,31.88239642714715
62.31,-7.861878616289084,-3.426428918144244,31.329510816207723
62.32,-7.426463550881922,-3.1607704957974367,30.7531359726181
62.33,-7.010025225907836,-2.952648829171351,30.16124684096225
62.34,-6.615988940639476,-2.7969666984878443,29.56051591077063
62.35,-6.246959358133438,-2.6884750320447255,28.95642047171319
62.36,-5.904796786124511,-2.6220226411857475,28.353383995808674
62.370000000000005,-5.590706664174719,-2.592738888106729,27.754931467642216
62.38,-5.305335010528837,-2.596157810917131,27.1638441117102
62.39,-5.048864171924183,-2.6282937817027205,26.582304043614315
62.4,-4.821104730886488,-2.685678875307266,26.01202352241084
62.410000000000004,-4.621580754832992,-2.7653713299522678,25.454356603278555
62.42,-4.449606673149789,-2.8649432149849186,24.910393152484744
62.43,-4.3043549349128805,-2.9824539878336704,24.38103654713657
62.440000000000005,-4.18491424758082,-3.1164152129279126,23.86706712489267
62.45,-4.090338654611237,-3.2657504361842884,23.369193749766602
62.46,-4.019688010665675,-3.4297531066070293,22.888095868763923
62.47,-3.9720605893230596,-3.6080445206894978,22.424458266778583
62.480000000000004,-3.94661863909774,-3.8005330230318295,21.979000468258697
62.49,-3.942607713577816,-4.00737510466175,21.552502440270832
62.5,-3.9593705604234093,-4.228938572083966,21.14582795728638
62.51,-3.9963562771117176,-4.465767588641875,20.75994671118051
62.52,-4.053125340143278,-4.718549091476641,20.39595599647113
62.53,-4.129350997193521,-4.988079841894439,20.05510256824149
62.54,-4.224817384137251,-5.2752331579518525,19.73880505021083
62.550000000000004,-4.339414594821938,-5.580924193376163,19.448677050723045
62.56,-4.473130793440866,-5.906072458862258,19.186550909734024
62.57,-4.626041319146569,-6.251560127664867,18.95450173260607
62.58,-4.798294591791468,-6.618184530524603,18.754871047240115
62.59,-4.990094488528782,-7.006603135990578,18.59028902910265
62.6,-5.2016787268392894,-7.417269251109054,18.463693753069656
62.61,-5.433292665882137,-7.850356695988348,18.378345332303503
62.620000000000005,-5.685157833594242,-8.305671850269261,18.337832077914967
62.63,-5.957434414780891,-8.782551803776702,18.346064954118116
62.64,-6.2501769143997885,-9.279747950827177,18.40725562478468
62.65,-6.563282266275833,-9.795295350584961,18.525872330302782
62.660000000000004,-6.896429824648759,-10.326369652859562,18.706566783465888
62.67,-7.249012996681115,-10.86913548292765,18.95406437625982
62.68,-7.620062797860925,-11.418592996668218,19.27300947330794
62.690000000000005,-8.008164391831684,-11.968432911583324,19.667757757382013
62.7,-8.411368759591053,-12.510914634882825,20.142108916356953
62.71,-8.82710306022671,-13.036786908754005,20.69897593434637
62.72,-9.252084988524166,-13.535275166489903,21.339992417054862
62.730000000000004,-9.682248431739623,-13.994163677497411,22.065067200722886
62.74,-10.11268981174027,-14.400002288613623,22.87190614759685
62.75,-10.53764637993414,-14.738465519411099,23.755534163750006
62.76,-10.950518984231005,-14.994884157182627,24.707864898224223
62.77,-11.343951902057107,-15.154954795780117,25.717379026678746
62.78,-11.709980627949056,-15.205610342560789,26.768981089980926
62.79,-12.040254487960238,-15.136005432966451,27.84410535246744
62.800000000000004,-12.326334357058949,-14.938538372659774,28.921128933454796
62.81,-12.560056790207181,-14.609801708499235,29.976122875276843
62.82,-12.733945411686305,-14.151334802337082,30.98392928523377
62.83,-12.8416400139388,-13.570052013596621,31.91950011317156
62.84,-12.878305598608799,-12.87824492588145,32.75938002448099
62.85,-12.84097974678671,-12.093106746511081,33.48317478380065
62.86,-12.728818909609098,-11.235794741865929,34.074829851761024
62.870000000000005,-12.543213001965276,-10.330119015958507,34.5235592334455
62.88,-12.287752087970672,-9.401006535663056,34.82431172248041
62.89,-11.96804655796531,-8.472923342041824,34.97773135937543
62.9,-11.591419728256572,-7.568437408892945,34.98964542521776
62.910000000000004,-11.166505963496407,-6.707071038621313,34.87017926052876
62.92,-10.702795825963541,-5.904535008115721,34.632639106427085
62.93,-10.210171442347802,-5.1723716733575476,34.29231606061128
62.940000000000005,-9.698470820219628,-4.517975524245327,33.86534846975764
62.95,-9.177110971351627,-3.944917611455943,33.36774515042692
62.96,-8.65478866539791,-3.453479069225395,32.81462876220349
62.97,-8.139266604485695,-3.041297174951802,32.21971746360004
62.980000000000004,-7.637243395187145,-2.704039871771786,31.59503044101411
62.99,-7.154298793236209,-2.436044996156313,30.950781934350417
63.0,-6.694901523210297,-2.2308827917448317,30.29541868282767
63.01,-6.262465248523467,-2.0818205258413998,29.635754975720833
63.02,-5.859438431749981,-1.9821839350744348,28.977164655297045
63.03,-5.487415248865288,-1.9256211816352085,28.323797582860465
63.04,-5.147256826402958,-1.9062814241970563,27.678796995575322
63.050000000000004,-4.8392144050626955,-1.918922946928546,27.044502393678933
63.06,-4.563048286402489,-1.9589661243387755,26.422629352296266
63.07,-4.318138408577774,-2.022505298592149,25.8144227189894
63.08,-4.103584040000977,-2.1062916644464376,25.220783134256486
63.09,-3.9182913620700974,-2.207697018880177,24.64236896010107
63.1,-3.761048660706058,-2.3246660612618926,24.079676837053654
63.11,-3.6305895087809437,-2.455662997412433,23.53310451328921
63.120000000000005,-3.525644751540968,-2.5996165758043697,23.002999553335837
63.13,-3.444984356829242,-2.755866371899547,22.48969723249772
63.14,-3.3874503070276862,-2.9241121086375195,21.993550495018994
63.15,-3.3519817279861877,-3.104367013901384,21.514954390822616
63.160000000000004,-3.337633401649002,-3.2969156226264715,21.054366962710514
63.17,-3.343588716291265,-3.5022759880958265,20.61232816223365
63.18,-3.369167987819298,-3.721165935360127,20.189478039038303
63.190000000000005,-3.413832949097086,-3.9544727372442807,19.78657517468836
63.2,-3.4771880594648903,-4.203225393482726,19.404516109873406
63.21,-3.5589791382293194,-4.468568524672827,19.04435633139191
63.22,-3.659089676364202,-4.751736737806687,18.70733322763394
63.230000000000004,-3.7775350307282998,-5.05402816578214,18.394891271982395
63.24,-3.9144545543685925,-5.376775719707276,18.108709534450096
63.25,-4.070101563810538,-5.721314413952263,17.850731432846665
63.26,-4.24483088825308,-6.088942928187381,17.623196393179686
63.27,-4.439083585149902,-6.480877362331691,17.42867276909594
63.28,-4.653368241512306,-6.898194931673946,17.27009094276489
63.29,-4.8882381118548235,-7.3417651637736245,17.150774962271946
63.300000000000004,-5.144263176251141,-7.812166034745093,17.07447032897668
63.31,-5.421996043926627,-8.309582479343488,17.045364599267206
63.32,-5.7219304937000075,-8.833684912686119,17.068096282748552
63.33,-6.044451355237604,-9.383485930014798,17.147746094472716
63.34,-6.389774428233958,-9.957174360688361,17.289802976761568
63.35,-6.757875257519364,-10.551927537610077,17.500095526934118
63.36,-7.148405893473061,-11.163705227161115,17.78467771824368
63.370000000000005,-7.5605993476035485,-11.787032376716146,18.14965637491084
63.38,-7.993162394139271,-12.414782863562628,18.600947215961018
63.39,-8.444158765163472,-13.037982831864419,19.143947071530217
63.4,-8.910886720294183,-13.645659794909221,19.783112954969887
63.410000000000004,-9.389757478961242,-14.22477185534418,20.521445044400956
63.42,-9.8761840322971,-14.760258953412043,21.3598812752373
63.43,-10.364493205693059,-15.235263035624255,22.296626843731655
63.440000000000005,-10.847877119483787,-15.6315637077426,23.3264623642296
63.45,-11.318402739808219,-15.930267021770323,24.440098227939117
63.46,-11.767099119480056,-16.11276439206447,25.62366643710239
63.47,-12.18414013154543,-16.161944368355115,26.858459139069712
63.480000000000004,-12.559134976180847,-16.06359308993852,28.121027702745057
63.49,-12.881528867330028,-15.80786508087067,29.383739521974018
63.5,-13.141102271940017,-15.390655145534128,30.615846145985046
63.51,-13.328540275497017,-14.814669150826694,31.785045878515962
63.52,-13.43602681019793,-14.089991806982049,32.85943529796723
63.53,-13.457805352142916,-13.233993736561452,33.8096550300691
63.54,-13.390642187767808,-12.270508013223644,34.61096924359583
63.550000000000004,-13.23413332687084,-11.228323777069436,35.24499819400505
63.56,-12.990812207398665,-10.13916506737874,35.70086114167204
63.57,-12.666040226378168,-9.035415543099155,35.97557902266872
63.58,-12.267691038411924,-7.9478892938517935,36.073711208323616
63.59,-11.80566645531025,-6.903924903178556,36.00632694273571
63.6,-11.29130119743453,-5.926003449228178,35.789508570215766
63.61,-10.7367223780455,-5.030984856152291,35.44263050591317
63.620000000000005,-10.154227029548773,-4.2299497005282625,34.98665149086975
63.63,-9.555729399994952,-3.528549190335162,34.442609304900536
63.64,-8.952312918391,-2.9277174437625026,33.830436446890474
63.65,-8.353903678850362,-2.424588190250311,33.168142543004166
63.660000000000004,-7.769066284484756,-2.0134745272538783,32.471349355633514
63.67,-7.204910875341833,-1.6868034395716704,31.753124583273085
63.68,-6.6670927669178575,-1.4359349856599002,31.024041645373046
63.690000000000005,-6.159882962887431,-1.2518310511551547,30.292390372414587
63.7,-5.686287923141907,-1.1255658597135245,29.564472218590776
63.71,-5.248199238033999,-1.0486887540030976,28.844927748159943
63.72,-4.846557253029438,-1.0134599730014062,28.137059473612656
63.730000000000004,-4.481516412057867,-1.0129841226364644,27.443126978838716
63.74,-4.15260361754355,-1.041265825701889,26.764602358356907
63.75,-3.8588639505283684,-1.0932094316600556,26.102382043831927
63.76,-3.5989905419223014,-1.164580999490568,25.456956352730383
63.77,-3.3714372371172603,-1.2519469096331948,24.828541126511325
63.78,-3.174514016253202,-1.3525999105457875,24.217177227685134
63.79,-3.0064660137916865,-1.464480389289066,23.62280397669035
63.800000000000004,-2.865537520156093,-1.5860982317101782,23.045312262731137
63.81,-2.7500226327234745,-1.7164587696261393,22.48458237366137
63.82,-2.6583043268490947,-1.854994920172534,21.940510772653067
63.83,-2.5888836979807937,-2.001506614510621,21.413029236840888
63.84,-2.5404010272722903,-2.1561079024638152,20.902119039445896
63.85,-2.5116501775218376,-2.319181631547422,20.407822235899005
63.86,-2.501587656332383,-2.491341272369619,19.930251614550553
63.870000000000005,-2.5093375043969366,-2.6733992496310157,19.46960048716748
63.88,-2.534192988578302,-2.8663410019643494,19.026153209491962
63.89,-2.575615907775844,-3.0713039062374667,18.600297120579366
63.9,-2.6332341573256923,-3.2895601407128767,18.19253645402692
63.910000000000004,-2.706838045608183,-3.522502509259863,17.803508688087543
63.92,-2.7963757138237626,-3.7716321915075794,17.43400374991048
63.93,-2.901947874575494,-4.038547309430413,17.08498645772975
63.940000000000005,-3.023801954113895,-4.3249310988294525,16.757622560131825
63.95,-3.1623255933288665,-4.6325383349993565,16.45330869944445
63.96,-3.3180393297596185,-4.963178476973912,16.17370657093589
63.97,-3.4915881426091597,-5.318693756818813,15.920781451890452
63.980000000000004,-3.683731390387043,-5.700930144313158,15.69684511097666
63.99,-3.8953305018658217,-6.111698761612692,15.504602848404252
64.0,-4.127333591603784,-6.552724912129025,15.347204022677667
64.01,-4.3807559587603935,-7.025581438459203,15.228294842030989
64.02,-4.656655192188645,-7.531602667945253,15.152071379057686
64.03,-4.95609934991858,-8.071774798638161,15.123329637102826
64.04,-5.2801264179633955,-8.646598316854714,15.147507982297395
64.05,-5.629693002922516,-9.255918064611226,15.23071528454791
64.06,-6.005610011016275,-9.898717102419308,15.379735633827012
64.07000000000001,-6.408462969452896,-10.572871834416176,15.601997514577176
64.08,-6.838514737959656,-11.274868365419076,15.905491927882139
64.09,-7.295588755674496,-11.999484216859491,16.29862041013365
64.1,-7.778931824976266,-12.739445863300395,16.789950724689167
64.11,-8.287056936848883,-13.48508154220736,17.387856074957853
64.12,-8.817568998516085,-14.224000695454501,18.100014334315063
64.13,-9.366979723033646,-14.940845973490342,18.93274883665496
64.14,-9.930522489830839,-15.617179813093312,19.890203944996486
64.15,-10.501983608442256,-16.231582638924255,20.973369182096214
64.16,-11.073572718282463,-16.760049384164024,22.17899674197841
64.17,-11.635861169101696,-17.176769035395466,23.498498395012927
64.18,-12.177821703128277,-17.455350811222687,24.916955407907075
64.19,-12.687003590424737,-17.57051352381765,26.412420473008616
64.2,-13.14987223728299,-17.50017863234163,27.95571969808676
64.21000000000001,-13.552329165244776,-17.227807479671757,29.5109575759264
64.22,-13.880406328710103,-16.74471582421171,31.03687169875719
64.23,-14.121099444417595,-16.052012706390684,32.48906891671721
64.24,-14.26327277234356,-15.161781259290652,33.8230104110038
64.25,-14.298539838080668,-14.097176247528376,34.99743201185103
64.26,-14.22200941505143,-12.89126594567376,35.97773862228554
64.27,-14.032790712911368,-11.584670919857244,36.7388513296849
64.28,-13.73417864909421,-10.222293963202457,37.26704677411113
64.29,-13.333485392199968,-8.849623427200298,37.56050645263287
64.3,-12.841538182817317,-7.509168412597141,37.62854287135309
64.31,-12.271912940699252,-6.23752756584206,37.489717912257184
64.32000000000001,-11.640006949989505,-5.063427633861985,37.16924723397262
64.33,-10.962065703713645,-4.006850519979442,36.69615282677468
64.34,-10.254269126094465,-3.079163163798545,36.100584132924645
64.35,-9.531956700966045,-2.284021301335744,35.411609552598065
64.36,-8.80903799930866,-1.6187550504655004,34.65563196781529
64.37,-8.097602821765726,-1.0759530075248183,33.85544633983085
64.38,-7.4077193105432055,-0.6450176785536152,33.0298601183713
64.39,-6.747391480609134,-0.3135408354524546,32.19374542100809
64.4,-6.122639556692665,-0.06842073805536328,31.35837948557398
64.41,-5.537665517246133,0.10329867045327262,30.53194414432623
64.42,-4.9950699588738114,0.2138477244444784,29.720082883940695
64.43,-4.496092552336721,0.2743703854885669,28.9264451681579
64.44,-4.040855226993803,0.29473588871281853,28.15317572143003
64.45,-3.6285936700935366,0.28347702791584006,27.401328450049423
64.46000000000001,-3.257868172982611,0.24781552073125668,26.671200053904705
64.47,-2.9267491006776782,0.1937427324970639,25.962587938655787
64.48,-2.6329753483383316,0.12613181445791438,25.27498209560683
64.49,-2.37408624419359,0.04886410778797884,24.607702539832825
64.5,-2.147528670850959,-0.03504185425102928,23.959993849134843
64.51,-1.9507419069895693,-0.12330624152788215,23.331087207094736
64.52,-1.781223011701084,-0.21427318085749997,22.720238729714513
64.53,-1.6365756207309656,-0.30680770794751056,22.12675112991299
64.54,-1.5145448996226132,-0.40020532793331975,21.549984165167587
64.55,-1.4130411760951378,-0.49411417056896256,20.98935792573906
64.56,-1.330154502795325,-0.5884691580238308,20.444351887907246
64.57000000000001,-1.2641621147232804,-0.6834372801392208,19.914501771025577
64.58,-1.2135304638395472,-0.7793729135150477,19.39939557064128
64.59,-1.1769132489014322,-0.8767820702842626,18.89866965603872
64.6,-1.1531466180597598,-0.9762944806780194,18.412005482427674
64.61,-1.141242508057932,-1.0786424736263627,17.93912724214807
64.62,-1.1403808975050347,-1.184645703361656,17.479800637411433
64.63,-1.1499015916457274,-1.2952008648019417,17.033832876531775
64.64,-1.1692960204321745,-1.4112756378205837,16.601073958831414
64.65,-1.1981994181274445,-1.5339061944088823,16.181419307499837
64.66,-1.2363836584963142,-1.664197688981383,15.774813825441436
64.67,-1.2837509421343862,-1.8033272275127683,15.381257480338705
64.68,-1.3403284689094526,-1.9525488732922094,15.000812567813052
64.69,-1.4062641761328494,-2.1132002935281875,14.633612853380098
64.7,-1.481823579271733,-2.286710679429476,14.279874853725143
64.71000000000001,-1.5673877140925314,-2.4746095799156684,13.939911585250897
64.72,-1.6634521443818457,-2.678536272244316,13.61414918279878
64.73,-1.7706269649882669,-2.9002492470019976,13.303146873794468
64.74,-1.8896376928002019,-3.1416353041027443,13.00762088221116
64.75,-2.0213268949918093,-3.404717632874542,12.728472931040853
64.76,-2.1666563504830645,-3.69166207298024,12.466824108006637
64.77,-2.3267094724212716,-4.0047805111753405,12.22405495083941
64.78,-2.502693631049282,-4.346530046155832,12.001852685159042
64.79,-2.695941900923561,-4.7195061313009825,11.802266593201226
64.8,-2.907913606139458,-5.126427361446798,11.62777247970598
64.81,-3.1401928426763255,-5.570108881617914,11.481347093950324
64.82000000000001,-3.394483907526945,-6.053420540152141,11.366553108369052
64.83,-3.672602248310589,-6.579224868278752,11.28763476506931
64.84,-3.976459152962752,-7.150288738624524,11.249623471634138
64.85,-4.308037917075769,-7.769161158735603,11.25845130834608
64.86,-4.669358651943217,-8.438008163037797,11.321068406885871
64.87,-5.062428235473558,-9.158394328574548,11.445557235329304
64.88,-5.48917118648712,-9.930999333775297,11.641232697158935
64.89,-5.9513365186327,-10.755257671490291,11.91871133519365
64.9,-6.450375012384226,-11.628910848427058,12.289925593817335
64.91,-6.987281016669899,-12.54746522808635,12.768049985679916
64.92,-7.562393143911506,-13.50355657833786,13.367295477385484
64.93,-8.175149473737358,-14.486236218750074,14.102517517040829
64.94,-8.823795698809139,-15.480215453021211,14.988574102055164
64.95,-9.505049726505579,-16.465136399001608,16.039367028823023
64.96000000000001,-10.213734326381935,-17.414978710672287,17.266507961689072
64.97,-10.94240104950247,-18.29776033052926,18.677579228765918
64.98,-11.680983862405677,-19.07573840908926,20.274016251545163
64.99,-12.416538656983018,-19.70634855568394,22.04873120102415
65.0,-13.133142180208509,-20.144113081851682,23.983725459745838
65.01,-13.812035860568121,-20.343672953971407,26.048086645405938
65.02,-14.432099196423144,-20.26392874004124,28.19689753986345
65.03,-14.970715665952111,-19.873008311837943,30.371639719082438
65.04,-15.405045522981721,-19.15344943315452,32.50258368583691
65.05,-15.713644905421244,-18.106682772899465,34.51336855432584
65.06,-15.878280627149959,-16.755756179971414,36.3274973576765
65.07000000000001,-15.885707713397432,-15.145379981822488,37.87591176073922
65.08,-15.729131653628807,-13.338843710860095,39.104350688964196
65.09,-15.409094359249078,-11.412067646690026,39.97904767176088
65.1,-14.933609057501528,-9.445784125936488,40.48960001199569
65.11,-14.317506764585696,-7.517323125690962,40.648495851867864
65.12,-13.581106645529252,-5.693520148952198,40.48759095046462
65.13,-12.748440220913125,-4.025870932276974,40.052497479284575
65.14,-11.845313942944898,-2.5484035855927036,39.39616894128545
65.15,-10.897479537466118,-1.2780780608574431,38.57289002713184
65.16,-9.929113377143274,-0.21706075097249888,37.633516661823876
65.17,-8.9617140056043,0.6439585698087457,36.622342775609276
65.18,-8.013438838310572,1.3221758998197242,35.57555951865604
65.19,-7.098835291076511,1.8393690040076764,34.521008361088754
65.2,-6.228884381642801,2.2191957893658225,33.47882285178782
65.21000000000001,-5.411263218818308,2.4852007525276156,32.46256671866798
65.22,-4.650739112412054,2.6594922663144738,31.48055511428118
65.23,-3.9496240285403306,2.7619777262653087,30.53714546220725
65.24,-3.3082371579157486,2.8100191845381164,29.63387557587109
65.25,-2.725341233101254,2.818379460781914,28.77039647142685
65.26,-2.1985328506350705,2.7993513174998674,27.94519350373459
65.27,-1.724577867749931,2.7629889512152137,27.156115734296325
65.28,-1.2996902603152836,2.7173855894341856,26.400745279108687
65.29,-0.9197573317868883,2.668960801022226,25.676641001337426
65.3,-0.5805166029060194,2.6227357863089082,24.981488384453822
65.31,-0.27769075102621893,2.5825850367511047,24.313182545099142
65.32000000000001,-0.007087124371015829,2.551459333121356,23.66986584505411
65.33,0.23533199699543322,2.5315790717631668,23.04993638029712
65.34,0.4534028344472962,2.5245991919060304,22.4520391927442
65.35,0.650732392752621,2.5317481413976157,21.875048492411057
65.36,0.8306854655076533,2.5539437965309912,21.318046456307286
65.37,0.996382915066411,2.5918893307714925,20.780302172455936
65.38,1.1507083857001588,2.646151888074055,20.261252886956754
65.39,1.296321139424623,2.7172266680682737,19.760488757104334
65.4,1.435673157858206,2.8055887350620266,19.27774169911059
65.41,1.5710290352644367,2.911734554131127,18.812878550688453
65.42,1.70448750407458,3.0362149518642547,18.36589857282126
65.43,1.838003691579931,3.1796609029674228,17.9369352356381
65.44,1.9734114116709136,3.3428032575119033,17.526262229327852
65.45,2.112444954283806,3.526487244379951,17.134303682730526
65.46000000000001,2.256759952473758,3.731682309539391,16.76164863823001
65.47,2.4079529866362788,3.9594875667413127,16.40906990600723
65.48,2.5675796301782707,4.211132845405426,16.077547490963966
65.49,2.737170652669444,4.48797500706656,15.768296840131715
65.5,2.918246075913469,4.7914888581685915,15.482802184661562
65.51,3.112326725181216,5.1232516031339,15.2228552332124
65.52,3.3209428308391464,5.484919347797405,14.9905993924844
65.53,3.545639112840234,5.878193671550621,14.788579518473822
65.54,3.7879756196867866,6.304775733123173,14.619796902021271
65.55,4.049523392397932,6.766304763983774,14.48776871584098
65.56,4.331853781795639,7.264277152682787,14.396590434982349
65.57000000000001,4.636519965911471,7.799941673015859,14.350998711051393
65.58,4.965028900521979,8.374165832644254,14.356430740972247
65.59,5.318801605406237,8.987267940840686,14.419074223392238
65.6,5.699119371091956,9.638809508765705,14.54589944396303
65.61,6.107053214886501,10.327343291129381,14.744661807654374
65.62,6.543373798321028,11.050114058265718,15.023859247140608
65.63,7.008439155514011,11.802712585832944,15.392624526783495
65.64,7.502058133919012,12.57868901690868,15.860527917329469
65.65,8.023328626248512,13.369140396868975,16.437261793546313
65.66,8.57045173055247,14.162299425023223,17.13217668276688
65.67,9.14052618986251,14.943167564791512,17.953640094622077
65.68,9.729332072339474,15.693255058154524,18.90819770034707
65.69,10.3311187584717,16.39051114064628,19.999534191354282
65.7,10.93841971226286,17.009545795473677,21.22726137743321
65.71000000000001,11.541924545675942,17.522253058162466,22.585605370773514
65.72,12.130446162837863,17.898936045352517,24.062121389708484
65.73,12.691025106990343,18.109995325279467,25.636626648400508
65.74,13.20921175359364,18.1281670021514,27.280594514689973
65.75,13.669556652003504,17.931184458717457,28.95727504269792
65.76,14.056317920449994,17.504601034213998,30.622773442977092
65.77,14.354362210788308,16.844380102984047,32.22821014998479
65.78,14.550196061160012,15.958778607964021,33.722903133419166
65.79,14.633025256646974,14.86906681667224,35.05828310077173
65.8,14.595711921829292,13.60876925519751,36.19203355812769
65.81,14.435493183157625,12.221368659597177,37.09181443887052
65.82000000000001,14.154347719373439,10.756728272114033,37.73794136564426
65.83,13.758945782669224,9.26676674355405,38.12456983385078
65.84,13.26018397757816,7.801074749593254,38.25923263091644
65.85,12.672372049292632,6.403144212402189,38.160910672496385
65.86,12.012188805525081,5.107702856819314,37.85708260592188
65.87,11.297547311709975,3.9393757266659124,37.38032788026992
65.88,10.546503642661442,2.912619946353847,36.76503656750831
65.89,9.776314875366165,2.0326728466961264,36.04464278078951
65.9,9.00271144674982,1.2971517247748425,35.24960942484043
65.91,8.2394075806508,0.6979411387202754,34.406210638064756
65.92,7.497839401083519,0.223069994999334,33.53602397555617
65.93,6.787097589092842,-0.14162230602515835,32.65597049331335
65.94,6.114010243642039,-0.41113511717336704,31.7787207194759
65.95,5.483329798181838,-0.6002987088389063,30.91330129411217
65.96000000000001,4.897982293632852,-0.7230857496759062,30.065772787159617
65.97,4.3593450069521245,-0.7921913098757327,29.23988963744523
65.98,3.8675270612064847,-0.8188214855055531,28.43768948671463
65.99,3.4216357102878465,-0.8126331277003427,27.65998741740449
66.0,3.0200177389602176,-0.781775484039553,26.906770066606473
66.01,2.660470609470818,-0.7329949161876828,26.17749642005044
66.02,2.340421698281519,-0.6717739118970155,25.471318118149647
66.03,2.057076433040501,-0.6024842198269371,24.787234173899243
66.04,1.8075376389222422,-0.5285407391036103,24.124194645018733
66.05,1.5888991978939955,-0.4525478631839163,23.481166155639407
66.06,1.398317434522937,-0.3764335767395694,22.857169989616086
66.07000000000001,1.2330636380400544,-0.30156905504262743,22.251301245743754
66.08,1.090560936918276,-0.22887311622630885,21.66273550950322
66.09,0.9684084457355259,-0.15890187446204201,21.09072777017284
66.1,0.8643952621972566,-0.09192452570818785,20.534606923766404
66.11,0.776506541575051,-0.027986505088802738,19.99376813107486
66.12,0.7029235386288639,0.033038617086781054,19.467664503270544
66.13,0.6420191957167884,0.0914071190747384,18.955799014995346
66.14,0.592350576305819,0.14747166420238245,18.457717147911964
66.15,0.5526491975179084,0.2016551576576031,17.973000503345208
66.16,0.5218101032667293,0.2544308065410549,17.50126145517143
66.17,0.49888033912231794,0.3063073901551381,17.042138815208723
66.18,0.4830473386709655,0.3578188721056488,16.595294431385735
66.19,0.4736276058482819,0.409517605987275,16.16041061794697
66.2,0.47005597545234346,0.46197049915323474,15.73718831547068
66.21000000000001,0.47187565179747604,0.5157576025939759,15.325345888656425
66.22,0.4787291604196508,0.5714726884346911,14.924618486469495
66.23,0.49035029728520146,0.6297254597890438,14.53475790904414
66.24,0.5065571217279783,0.6911451108753828,14.155532946870022
66.25,0.5272460112456663,0.756385018876689,13.786730179308735
66.26,0.552386776475602,0.8261284036225882,13.428155241163527
66.27,0.5820188215338279,0.9010948374659831,13.079634588058228
66.28,0.6162483270453065,0.982047526375102,12.741017814280003
66.29,0.6552464294165823,1.0698013148353154,12.412180601231
66.3,0.6992483691651693,1.1652313920763349,12.093028401610368
66.31,0.7485535825123292,1.2692826956188812,11.783500994949538
66.32000000000001,0.8035267131509176,1.3829800200965316,11.48357808533119
66.33,0.8645995243544892,1.5074388443119944,11.193286153365314
66.34,0.9322736946435007,1.6438768866196134,10.912706823262578
66.35,1.0071244822716596,1.7936263864682802,10.641987063789095
66.36,1.0898052439377486,1.958147085989522,10.381351610817028
66.37,1.1810527902830337,2.1390398465590166,10.131118081032508
66.38,1.2816935535456364,2.3380607766643133,9.891715343091802
66.39,1.3926505294641114,2.5571356628357593,9.663705825968721
66.4,1.5149509338662248,2.7983743762872213,9.447812575840397
66.41,1.6497344813303436,3.064084762867522,9.244952023160765
66.42,1.7982621448841642,3.3567852979192234,9.056273589475808
66.43,1.9619251866644172,3.6792154811151496,8.883207445120586
66.44,2.142254152933926,4.0343425341699835,8.727521915652249
66.45,2.34092739392289,4.425362414792671,8.591392210822832
66.46000000000001,2.5597784881907586,4.855692434244694,8.477482287872212
66.47,2.8008017081519787,5.328951816709016,8.389041716671148
66.48,3.066154340235963,5.848925313282719,8.33001931840931
66.49,3.3581542485000617,6.419503426186295,8.305194996626891
66.5,3.679270519966197,7.044590860220225,8.32033041335792
66.51,4.032104327623821,7.727972471801752,8.382337759339755
66.52,4.419356269190285,8.47312325658555,8.499463512073257
66.53,4.843775371713536,9.282945931927319,8.681480347368487
66.54,5.30808370074757,10.159416737341617,8.939874729530331
66.55,5.814869126744203,11.103117798063888,9.288009511490335
66.56,6.366437402603234,12.112633835534984,9.741229457084478
66.57000000000001,6.964613536812206,13.183793886957359,10.316862423519327
66.58,7.610481929750267,14.308747609970176,11.034049969341677
66.59,8.304055555076053,15.474884299401932,11.91331942583836
66.6,9.043867615498776,16.66363540508122,12.975788052143743
66.61,9.826485931400189,17.849252734343537,14.241875127749253
66.62,10.64596243218687,18.997727622387114,15.729400680953065
66.63,11.493249035199543,20.066109086412236,17.450986318367022
66.64,12.355637646194264,21.002579024368302,19.41076468122527
66.65,13.216314739729778,21.747721149972428,21.600568382237135
66.66,14.054155123465815,22.237428396483363,23.996012598975398
66.67,14.843905109856472,22.40776552194854,26.553181873277456
66.68,15.556907139609129,22.201778350235017,29.206903959400236
66.69,16.16247808162022,21.577702820043697,31.871707401304384
66.7,16.629958725720886,20.51735891925108,34.4463523430825
66.71000000000001,16.93130463213445,19.032931244508852,36.82218402396149
66.72,17.043916212423856,17.170148307011722,38.894535127288655
66.73,16.95326253175159,15.006343339219985,40.57528249770433
66.74,16.654802915900955,12.643040324958708,41.803914017524576
66.75,16.15479677604628,10.194232476811246,42.55451625591097
66.76,15.469808826461296,7.772809324441885,42.837072075960144
66.77,14.625000356650805,5.478079348822742,42.69302680981565
66.78,13.651551782753348,3.3868279856249446,42.186602947647025
66.79,12.583705227156182,1.5491230357305155,41.39422538836042
66.8,11.45591678089977,-0.011302235976673458,40.39442887552201
66.81,10.300492106349008,-1.2932711400023156,39.25993983593942
66.82000000000001,9.145906499856368,-2.312578505513991,38.05267099215029
66.83,8.015843459844533,-3.0960499292995234,36.8215287675961
66.84,6.928864390132041,-3.676255930825661,35.60241922103295
66.85,5.898558690528322,-4.0873910804358715,34.4196641647066
66.86,4.934009869739912,-4.362425379313892,33.28810674099201
66.87,4.040432019869651,-4.53138588005657,32.21537010285247
66.88,3.219864627448386,-4.620516678975896,31.20393675181531
66.89,2.471849576015881,-4.652051431507961,30.25288579846982
66.9,1.7940452010591332,-4.644369735593049,29.35924314051109
66.91,1.1827556899642426,-4.612364067301811,28.518968756104425
66.92,0.633370006579527,-4.567898093670026,27.727638054463164
66.93,0.1407141815761987,-4.520281466106128,26.98088348718894
66.94,-0.3006740857928676,-4.476718564709031,26.27465885958309
66.95,-0.6963374983883861,-4.4427103676277335,25.60537914519869
66.96000000000001,-1.0517466609754749,-4.422402075059975,24.969977400432303
66.97,-1.37219254223537,-4.418876776691546,24.365909854646382
66.98,-1.6627146669994235,-4.434399333639369,23.791131378015912
66.99,-1.9280571726711764,-4.470616231267787,23.244056535114815
67.0,-2.1726461815258755,-4.528717446883272,22.72351618371879
67.01,-2.400583124123832,-4.609565996622957,22.228715794651638
67.02,-2.6156496673880367,-4.713800151270716,21.75919903843198
67.03,-2.8213207525779733,-4.841912545716642,21.31481842150988
67.04,-3.020782946232055,-4.994309653009451,20.895713618348438
67.05,-3.2169558692722493,-5.171354394178837,20.502297443888576
67.06,-3.412514914649132,-5.373394020743334,20.13524899661467
67.07000000000001,-3.609913809439467,-5.600774834994217,19.795513264474664
67.08,-3.8114058382385716,-5.8538447956289685,19.484306341459348
67.09,-4.019062733839344,-6.132944585239481,19.203125289670684
67.1,-4.23479036955593,-6.438387287015299,18.953761552808345
67.11,-4.460340464898837,-6.770426431680279,18.738316644626188
67.12,-4.69731755189664,-7.129211840285253,18.55921856896834
67.13,-4.947180452772514,-7.514732421535392,18.4192370499479
67.14,-5.2112375018146375,-7.926744913249697,18.32149513941043
67.15,-5.4906347184778586,-8.364687530609528,18.269474107708728
67.16,-5.786336122157885,-8.82757766128168,18.26700770674135
67.17,-6.099095394093223,-9.313893211997916,18.318260932116253
67.18,-6.429418167647683,-9.821438066622546,18.427687343154034
67.19,-6.777514402013523,-10.347193484123396,18.599957907125813
67.2,-7.143240611939594,-10.887159276400787,18.839853361166405
67.21000000000001,-7.526032240874436,-11.43619137851657,19.152111457846885
67.22,-7.924827234523638,-11.987846027164025,19.541220506248546
67.23,-8.33798295051214,-12.534245163183094,20.0111517785579
67.24,-8.763189965427038,-13.065982656061378,20.565026160237334
67.25,-9.19738811432126,-13.572096024367795,21.204715463321964
67.26,-9.636692157397723,-14.04013264006246,21.930386614053102
67.27,-10.0763366556673,-14.456341672554982,22.740007726726333
67.28,-10.510651666196106,-14.806021564882279,23.62884861527479
67.29,-10.933082306483175,-15.074045737756242,24.589023454435164
67.3,-11.33626552013599,-15.245574780202741,25.609137834727935
67.31,-11.712175862650545,-15.306940756492546,26.674112886454292
67.32000000000001,-12.052348231972545,-15.246659278658075,27.76526106894744
67.33,-12.348178859203628,-15.05649097687477,28.860677138655234
67.34,-12.59129669954873,-14.73244207152456,29.93598058697142
67.35,-12.773986457897447,-14.275572277775954,30.965402480814422
67.36,-12.889633440808039,-13.692476086466646,31.923154805175237
67.37,-12.933151439137324,-12.995327015271808,32.78496379643342
67.38,-12.901350267063963,-12.201424674204414,33.52960361951868
67.39,-12.793201278993154,-11.33225487388261,34.14024641073713
67.4,-12.609967857471945,-10.412149794062802,34.605458025333206
67.41,-12.355182617911373,-9.466700829522061,34.91971628065037
67.42,-12.03447145379597,-8.521115071206498,35.08340093025101
67.43,-11.65524309704426,-7.598708319080112,35.10228557049696
67.44,-11.2262780715616,-6.719693904827013,34.986632546946744
67.45,-10.75726014100531,-5.900367635238031,34.750037850249925
67.46000000000001,-10.258295485988894,-5.15272049857906,34.4081871148823
67.47,-9.739460423444694,-4.484448148659281,33.9776682601627
67.48,-9.210409295171393,-3.899280927813157,33.47494992150788
67.49,-8.68006259401997,-3.39753508084572,32.915589361787355
67.5,-8.156383772341,-2.9767834596015548,32.31368981580649
67.51,-7.646243228659472,-2.632556991598612,31.68159256266151
67.52,-7.1553606636579685,-2.359009607477099,31.029766650274503
67.53,-6.688312575496918,-2.1495029585973757,30.36684883185524
67.54,-6.248589833063108,-1.9970886735498783,29.69978546530396
67.55,-5.8386904356332305,-1.8948827169651552,29.034033601961557
67.56,-5.460234066363303,-1.836337954738365,28.37378714874202
67.57000000000001,-5.114087262238623,-1.8154277560811651,27.72220342775118
67.58,-4.800490475112218,-1.8267563951391768,27.081614129993213
67.59,-4.519180659616916,-1.8656123077836697,26.45371177102435
67.6,-4.269505103045853,-1.9279789460434025,25.839708070201734
67.61,-4.0505239244679885,-2.0105158542471293,25.2404643022387
67.62,-3.8611000022612956,-2.110520219358407,24.65659589470996
67.63,-3.6999760708463865,-2.2258768612733064,24.088554705997172
67.64,-3.565839409732651,-2.355002604148791,23.536692834857867
67.65,-3.45737498845305,-2.4967892756035575,23.001311752644053
67.66,-3.3733081845388875,-2.650548219416369,22.48270021661814
67.67,-3.312438306463192,-2.815958146652734,21.981163962829534
67.68,-3.2736641690437955,-2.9930173427159312,21.49704968499029
67.69,-3.2560029162585153,-3.18200064358917,21.03076533889797
67.7,-3.2586031893088285,-3.383421146923877,20.582798399869397
67.71000000000001,-3.2807536132106647,-3.5979962921464104,20.15373335436692
67.72,-3.321887435166013,-3.826617694575098,19.74426942554234
67.73,-3.381584000398185,-4.070323924022817,19.355239307573413
67.74,-3.45956760081873,-4.33027525619191,18.98762950304094
67.75,-3.5557040812777854,-4.607729277473718,18.64260270642902
67.76,-3.6699954379271036,-4.9040160764218665,18.32152253880953
67.77,-3.8025724928459237,-5.220511597433449,18.025980796141916
67.78,-3.9536855771871795,-5.558607556716882,17.757827206850965
67.79,-4.123692999954537,-5.919676124074296,17.51920148149568
67.8,-4.313046919458424,-6.305027358116318,17.312567153331653
67.81,-4.52227606850561,-6.715857156033868,17.140746324572728
67.82000000000001,-4.751964612820106,-7.1531832606572685,17.006953916431954
67.83,-5.002726247819353,-7.617766689799168,16.91482933560591
67.84,-5.275172468138163,-8.11001586741811,16.868462578824698
67.85,-5.569873789132399,-8.629870819899768,16.872410667242594
67.86,-5.8873125796254895,-9.176665162914437,16.931698912869088
67.87,-6.2278261103511685,-9.748964392636926,17.051799875142198
67.88,-6.591538476100596,-10.344380399427955,17.238581019438556
67.89,-6.97828027059869,-10.959364370841056,17.498210169733955
67.9,-7.387495358103903,-11.588983594622523,17.83700609853447
67.91,-7.81813488733938,-12.226692345528045,18.261220421298614
67.92,-8.268539934292807,-12.86411318938004,18.77673696334378
67.93,-8.73631593893268,-13.490852609883785,19.388676771561563
67.94,-9.218204484683698,-14.094383442013834,20.100901976215475
67.95,-9.709960954743904,-14.66003520344481,20.915420878460132
67.96000000000001,-10.20625005434276,-15.171140319627451,21.8317108872466
67.97,-10.700574787094556,-15.609386840235976,22.845995597453395
67.98,-11.185257635959022,-15.955423191964975,23.950536532267492
67.99,-11.651494562210573,-16.189744198826336,25.133026132817367
68.0,-12.089501902702946,-16.293857200584657,26.37619134270759
68.01,-12.48877215508975,-16.251682133196855,27.65772913804579
68.02,-12.838446082892398,-16.051083565359182,28.950687861748232
68.03,-13.127795331459705,-15.685375038900847,30.224373646175977
68.04,-13.34679276054067,-15.154591034984945,31.445796646963107
68.05,-13.486729347073805,-14.466306487687632,32.58158267355283
68.06,-13.540820481978654,-13.635812300290413,33.60017769589205
68.07000000000001,-13.50473507582901,-12.685532758543243,34.4740896153124
68.08,-13.376981787039828,-11.643687556536864,35.18186961349448
68.09,-13.159099579506092,-10.542332938880465,35.70955293849556
68.1,-12.855623409878465,-9.415030008005546,36.0513587103739
68.11,-12.473825822316892,-8.294452657507248,36.209573439329866
68.12,-12.02326533773996,-7.21024578190962,36.193681870353984
68.13,-11.51519643719518,-6.187379441010124,36.01892613136336
68.14,-10.961909150889184,-5.2451378546315315,35.70454323396764
68.15,-10.376067269119547,-4.3967641603446825,35.27194182777687
68.16,-9.770104534891047,-3.6496815099909083,34.74303938052941
68.17,-9.155721530339797,-3.006146502368857,34.138910077978416
68.18,-8.543506730304893,-2.464166859626796,33.47881432524968
68.19,-7.942687225123229,-2.018525248592296,32.779611216297575
68.2,-7.3610004628446255,-1.6617829077427153,32.05550619137668
68.21000000000001,-6.804669097114574,-1.385177275634439,31.31805977884707
68.22,-6.2784564992845135,-1.1793669603503718,30.576376560969173
68.23,-5.785779794658097,-1.0350091220662794,29.837400332491683
68.24,-5.328859210776828,-0.9431764586364035,29.10625559481434
68.25,-4.908885921747966,-0.8956339488733702,28.386592004920782
68.26,-4.52619450917693,-0.8850011764027873,27.68090384707447
68.27,-4.180430000213518,-0.9048266832850269,26.99080928392898
68.28,-3.870702817961603,-0.9495984335454821,26.31728353071512
68.29,-3.5957277283810622,-1.014710673779782,25.660846375499684
68.3,-3.353944969830672,-1.0964033172946914,25.02170819295718
68.31,-3.1436232660692682,-1.191686068486195,24.399880422872332
68.32000000000001,-2.9629454471475483,-1.2982561440925702,23.795257015877645
68.33,-2.810078039922396,-1.4144157293323378,23.207673083638547
68.34,-2.683226538113189,-1.5389932036545262,22.636946297200847
68.35000000000001,-2.5806782032648115,-1.6712706007793414,22.082905708066555
68.36,-2.5008342483149666,-1.8109186310204544,21.545411781178775
68.37,-2.4422331646023614,-1.9579397938494645,21.024370617996862
68.38,-2.403566807631766,-2.1126195612744483,20.519744654544617
68.39,-2.3836906825381217,-2.2754852493273368,20.03156155672667
68.4,-2.3816296845207647,-2.447271962015697,19.55992259848994
68.41,-2.396580363944287,-2.628894848237765,19.10501148341891
68.42,-2.427910607207167,-2.8214268260233726,18.667104339153596
68.43,-2.4751574564842085,-3.0260808761252314,18.246581458114914
68.44,-2.538023635328506,-3.2441959698954324,17.84394126005065
68.45,-2.616373202453278,-3.477225659725825,17.459816896266272
68.46000000000001,-2.710226621142363,-3.72672831177911,17.094995888147135
68.47,-2.8197554040664112,-3.9943578895326484,16.750443180933633
68.48,-2.94527636948852,-4.281854092989731,16.427327985214053
68.49,-3.0872454210203615,-4.591030513076131,16.12705476002468
68.5,-3.246250634851642,-4.923759265090503,15.851298647519087
68.51,-3.4230043009706694,-5.281950311392073,15.602045581068673
68.52,-3.618333413365626,-5.667523365880471,15.381637132311031
68.53,-3.833167933649633,-6.082369888830108,15.192819906852757
68.54,-4.068525958603617,-6.528302234129222,15.038798902728534
68.55,-4.32549470164837,-7.00698651637309,14.92329365908681
68.56,-4.605205950543079,-7.519855254004851,14.850595181670714
68.57000000000001,-4.908804392199998,-8.067995374323353,14.825620461710788
68.58,-5.2374069108278345,-8.652006832642918,14.853959823085203
68.59,-5.592050688714695,-9.271827051265833,14.941910257280849
68.60000000000001,-5.973627706513026,-9.926516846756039,15.096485273864625
68.61,-6.382803110527384,-10.614004799834872,15.325388592896038
68.62,-6.819914976103583,-11.330789548748143,15.63693532192636
68.63,-7.28485337306418,-12.071603773169638,16.039900354435254
68.64,-7.776917496710365,-12.829050265558699,16.543270132061362
68.65,-8.294651171113523,-13.593230013586343,17.155871554226184
68.66,-8.835659489671334,-14.351394975382917,17.88585212523018
68.67,-9.396412947983007,-15.087674022747018,18.739990392981895
68.68,-9.972050280122733,-15.78293818000728,19.722827821006412
68.69,-10.556197271435781,-16.414888097778707,20.835635016380767
68.7,-11.140825683276066,-16.958457954441176,22.075258586102205
68.71000000000001,-11.716183165780336,-17.386628800450577,23.43293966850826
68.72,-12.270830083966263,-17.67172240005863,24.89324746430454
68.73,-12.791820328542984,-17.787196067647532,26.43332146322382
68.74,-13.265057847982266,-17.709876190379482,28.022648944274742
68.75,-13.675846535925091,-17.42245834531019,29.623599714375366
68.76,-14.009627280788525,-16.91598352001695,31.19287892497802
68.77,-14.25286399561427,-16.191904997105322,32.68393213344057
68.78,-14.394005210138234,-15.263328648484201,34.05015546202033
68.79,-14.424417382213944,-14.155074242202705,35.2485641742394
68.8,-14.33916993205959,-12.902376498309776,36.24341229591323
68.81,-14.137557855912622,-11.548294551162405,37.0091939283585
68.82000000000001,-13.823278202125184,-10.140163903849189,37.532530644444826
68.83,-13.404227004376425,-8.725626699858582,37.81265191948432
68.84,-12.891942188469882,-7.3488506451312405,37.86045295990213
68.85000000000001,-12.3007711826093,-6.047473701591922,37.69638490927383
68.86,-11.64687706439158,-4.85062130481192,37.34761999870482
68.87,-10.947207670685636,-3.7781013969390145,36.84499728109285
68.88,-10.218539208941664,-2.840662128611896,36.22019742880191
68.89,-9.476676483535096,-2.0410487789160614,35.50345767458709
68.9,-8.735855440117273,-1.3755377729417924,34.72197384637608
68.91,-8.008359119117245,-0.8356442574436724,33.89899124115241
68.92,-7.304331153165381,-0.40976672289900873,33.053485815902725
68.93,-6.631754004901052,-0.08461682113688468,32.20028741899053
68.94,-5.9965517391405285,0.15363851142899626,31.35048893402232
68.95,-5.4027771119493755,0.31853491135526935,30.51200457063313
68.96000000000001,-4.85284746432523,0.4227418380650247,29.69017269347597
68.97,-4.347800903508643,0.4777209372257539,28.88833273873341
68.98,-3.887551734598434,0.49355961353202826,28.108335548214477
68.99,-3.4711309473230774,0.4789310024270876,27.350969177926153
69.0,-3.0969032191896835,0.4411389866997878,26.616297695632934
69.01,-2.762756220246925,0.38621572196115084,25.90391975183558
69.02,-2.466261087678571,0.3190475478195906,25.21315832857086
69.03,-2.204804983926233,0.24351232351682378,24.54319453971073
69.04,-1.9756978935899487,0.16261688501318033,23.89315790784732
69.05,-1.7762564697263081,0.07862755043401375,23.262184083172492
69.06,-1.6038679909789373,-0.006810375445312697,22.64944910769555
69.07000000000001,-1.45603747797398,-0.09256606948913808,22.054187436351857
69.08,-1.3304208438096394,-0.17793023051189777,21.475699207978057
69.09,-1.2248466916051708,-0.26253542339304636,20.91335080396942
69.10000000000001,-1.137329070608761,-0.3462889422101614,20.3665715616997
69.11,-1.0660731926768097,-0.4293171285221802,19.834848605960712
69.12,-1.009475812286667,-0.5119199587718903,19.317721088931833
69.13,-0.966121696644914,-0.5945346936873324,18.81477464579802
69.14,-0.9347773634650106,-0.677707424495429,18.325636538551024
69.15,-0.9143830446597009,-0.7620714300784741,17.849971738898475
69.16,-0.9040436443744226,-0.8483313587399772,17.387480062806837
69.17,-0.9030192980029446,-0.937252356549821,16.937894390428074
69.18,-0.91071600284865,-1.0296533736903848,16.500979968034517
69.19,-0.926676678316576,-1.1264039857718526,16.076534779918596
69.2,-0.9505729211905679,-1.228424165388241,15.66439098869069
69.21000000000001,-0.9821976469176947,-1.3366865280409337,15.264417465756413
69.22,-1.0214587482288058,-1.4522206544789946,14.876523466014753
69.23,-1.0683738553440008,-1.5761191574197446,14.500663539751201
69.24,-1.1230662450665219,-1.7095452136004439,14.136843819314116
69.25,-1.1857619170172662,-1.8537413211880795,13.78512986835246
69.26,-1.2567878319716637,-2.0100390664753562,13.445656337657493
69.27,-1.3365712876582798,-2.1798696907528594,13.118638734868311
69.28,-1.4256403893869325,-2.3647752357636955,12.80438768653062
69.29,-1.524625554328358,-2.5664200106932604,12.503326151276712
69.3,-1.6342619668111147,-2.786602060358442,12.216010132989702
69.31,-1.7553928749594363,-3.0272642165536148,11.943153542888862
69.32000000000001,-1.8889735832203771,-3.2905041736412657,11.685657968597623
69.33,-2.036075947015041,-3.5785828340402683,11.44464822369967
69.34,-2.1978931102189643,-3.89392990467059,11.221514667467146
69.35000000000001,-2.3757441376338897,-4.239145373366121,11.017963391393645
69.36,-2.5710780758762835,-4.616995032409417,10.83607545034779
69.37,-2.785476818352633,-5.030397618246593,10.678376345385962
69.38,-3.0206559425466843,-5.482400372344511,10.547916902411705
69.39,-3.2784624181368676,-5.976138867051391,10.448366476192563
69.4,-3.560867738273436,-6.514775754420751,10.384118955944794
69.41,-3.8699545886337967,-7.10141166900125,10.360411233818624
69.42,-4.207894625595179,-7.738959857314869,10.383452451730788
69.43,-4.576914276400882,-8.429974276544405,10.460560239190139
69.44,-4.9792447013329415,-9.17641904881103,10.600297006417263
69.45,-5.4170511915576505,-9.97936556256437,10.812594816031437
69.46000000000001,-5.892336372564077,-10.838602683660392,11.108851043747782
69.47,-6.406810755140284,-11.752146295472727,11.501968610966086
69.48,-6.961723623751672,-12.715637974783194,12.006303861635391
69.49,-7.557647300091168,-13.721630791196212,12.637472415442678
69.5,-8.194208954623893,-14.758775285078247,13.411949627925445
69.51,-8.869767039404437,-15.810943266495062,14.346390072766004
69.52,-9.581034941084914,-16.85636358454363,15.45658424601517
69.53,-10.322663553120844,-17.866893399304352,16.7559776829719
69.54,-11.086807941158854,-18.807608200733934,18.25370790181051
69.55,-11.862721322833462,-19.636954912521116,19.952179733072654
69.56,-12.63644109153036,-20.307756444807207,21.844309502307368
69.57000000000001,-13.390653285315437,-20.76935351273898,23.91072439476093
69.58,-14.10483750735162,-20.97108297902022,26.117387844870347
69.59,-14.75579468622124,-20.867087624286043,28.41428938541217
69.60000000000001,-15.318634752164282,-20.422121863974414,30.73591176883675
69.61,-15.768242400785404,-19.617606298610752,33.00407750031354
69.62,-16.081147121526985,-18.456806662064626,35.133413598066966
69.63,-16.23761303401082,-16.96784083879974,37.03907096933914
69.64,-16.223664427629327,-15.203413514612883,38.645631782735585
69.65,-16.032712063404343,-13.236796174042377,39.89558470093603
69.66,-15.666474000579607,-11.154478896509222,40.755609717172376
69.67,-15.134999264957138,-9.046814926504437,41.21932769476493
69.68,-14.455776296134363,-6.998510346732342,41.30603534721723
69.69,-13.652088698862814,-5.080767970456922,41.05595180589143
69.7,-12.750912989428889,-3.346318089386463,40.52327567087207
69.71000000000001,-11.780702082949235,-1.827720937473269,39.76864733301471
69.72,-10.76936246707855,-0.5385374982736286,38.852414928748296
69.73,-9.742638718925356,0.5235267446716851,37.829589753870174
69.74,-8.723004490173187,1.3725313517616662,36.74679166277469
69.75,-7.729057590616892,2.0301394466098737,35.64101774039866
69.76,-6.7753471600683985,2.5219711427972746,34.53980216726335
69.77,-5.872526834197771,2.8747571903287343,33.46226063619506
69.78,-5.027722779462788,3.11434334581232,32.42056760342294
69.79,-4.245018944346981,3.2644511566790384,31.421530211605532
69.8,-3.5259838307657194,3.346035784610591,30.46804691018043
69.81,-2.8701862683983674,3.377071714402901,29.56034277772108
69.82000000000001,-2.275667926407386,3.3726179372324983,28.69694738171118
69.83,-1.7393559547994077,3.3450468116233893,27.875426179795287
69.84,-1.257410123171375,3.30435390939143,27.092899411828274
69.85000000000001,-0.8255058218421105,3.2584942353753155,26.346390431933905
69.86,-0.4390582706228254,3.213711574494997,25.6330446230414
69.87,-0.09339516369884271,3.174842723321602,24.950254838657933
69.88,0.21611448443321624,3.1455882073886277,24.295722545871797
69.89,0.49396778422646875,3.128747129180209,23.667477100357083
69.9,0.7444648731322028,3.126417228891933,23.063869649263886
69.91,0.9716692886850765,3.1401629931312303,22.483553312547738
69.92,1.179386707564095,3.171155371015726,21.925457543980226
69.93,1.3711577799583772,3.2202867890874005,21.388761794838242
69.94,1.5502615390627243,3.288264970983315,20.87287162380466
69.95,1.7197265185505706,3.375688728882286,20.377399041349978
69.96000000000001,1.8823472660005345,3.4831084935023364,19.902147990138666
69.97,2.040704403551624,3.611073935682192,19.44710531566984
69.98,2.1971867671943808,3.7601706271193933,19.01243727120567
69.99,2.3540144622041073,3.9310472978008972,18.59849144977989
70.0,2.5132619128108997,4.1244348723322135,18.205803985052672
70.01,2.6768801667057067,4.341158101994044,17.835111868418505
70.02,2.846717845562099,4.582140247214338,17.48737025935989
70.03,3.024540216297847,4.848400898701047,17.163774693916345
70.04,3.2120458980054454,5.141046647133491,16.865788100410313
70.05,3.4108807189940253,5.461253914135753,16.59517249120738
70.06,3.6226481990163086,5.810242836044586,16.35402509155548
70.07000000000001,3.84891605478916,6.189240644827029,16.144818464729337
70.08,4.091218013590309,6.599432521221297,15.970443864130294
70.09,4.35105007192609,7.04189741693415,15.834256547532606
70.10000000000001,4.6298601576406995,7.517525883205278,15.740121078097483
70.11,4.929029951270862,8.02691655152993,15.692453655656688
70.12,5.249847408281705,8.570247669002592,15.69625721101114
70.13,5.593468318797159,9.147120118113676,15.757143300830574
70.14,5.960865078554136,9.756368826464497,15.881332725535053
70.15,6.352760773973872,10.395840640294532,16.07562426552424
70.16,6.769546777433878,11.062138915051134,16.347318082592583
70.17,7.211182404817881,11.75033865158444,16.704077390142906
70.18,7.677075934325607,12.453681397663997,17.153709392144705
70.19,8.165947578036327,13.163266719863561,17.703844949617775
70.2,8.675677004451952,13.867767026690293,18.36149703985353
70.21000000000001,9.203140884866029,14.553204678609992,19.13248230342203
70.22,9.744049765669594,15.20284372029073,20.020699614926436
70.23,10.29279829226594,15.797261187466848,21.02727649119332
70.24,10.842348113857566,16.31467132924829,22.149619564436506
70.25,11.38416799611192,16.73157530309783,23.38043915864366
70.26,11.908259612977247,17.02379297259749,24.706857445148632
70.27,12.40329857371995,17.1678967187599,26.109748151685086
70.28,12.856916585247903,17.143006751330685,27.56348248473639
70.29,13.25614053455364,16.932826301321935,29.036256656936963
70.3,13.587986846753395,16.527705197096466,30.49113719143299
70.31,13.840185568578944,15.926443306356616,31.88787300185166
70.32000000000001,14.001981418126142,15.13750918445332,33.18539296973512
70.33,14.064934049742781,14.179379924095562,34.344756697351336
70.34,14.02362388790378,13.079817570177962,35.33219254086593
70.35000000000001,13.876169325512054,11.874073157446073,36.121784914367275
70.36,13.624479016500432,10.602212578686084,36.69739522696024
70.37,13.274197654487532,9.305933761623923,37.05352353214054
70.38,12.834348147843528,8.025340142349785,37.19501305934102
70.39,12.316717364313874,6.796123658715135,37.13571365861833
70.4,11.735066544606207,5.647499382458359,36.896393859264606
70.41,11.10426429495026,4.601062242910667,36.50228277460561
70.42,10.439438137385144,3.6705564058866456,35.980620975617896
70.43,9.75522324536343,2.862405254585575,35.35852181936243
70.44,9.065160625634432,2.1767694612669874,34.66132704103111
70.45,8.381268640987289,1.608883910277345,33.91151978766715
70.46000000000001,7.713787009962582,1.1504558907420592,33.12816155878734
70.47,7.071074473061677,0.7909648244584958,32.326758899069596
70.48,6.459630999603756,0.5187674218021401,31.519440539686777
70.49,5.884211817281209,0.3219676418157774,30.71532769288423
70.5,5.348001889790991,0.18905156418260244,29.92099859105791
70.51,4.852823794997325,0.10931239371859877,29.140973507858753
70.52,4.3993575999112355,0.07310281409522557,28.37817160570039
70.53,3.987357094663333,0.07195456315156097,27.6343122129695
70.54,3.6158519169636305,0.09860209130202051,26.91024910484307
70.55,3.283329336458967,0.14694139135840856,26.206237123769814
70.56,2.987892703209876,0.2119485247640437,25.522136882903148
70.57000000000001,2.727395877963916,0.2895761693161687,24.85756645133041
70.58,2.4995545067764118,0.3766412271268992,24.212009873125375
70.59,2.3020359491065823,0.47071232144200964,23.58489198069725
70.60000000000001,2.1325301747531795,0.5700028235592891,22.97562785890285
70.61,1.9888041432378814,0.6732727347932933,22.38365392743072
70.62,1.8687421731000502,0.7797411247005543,21.808446199666086
70.63,1.7703746751076903,0.8890097278281425,21.249529992945234
70.64,1.6918974176092232,1.0009975859245914,20.706484274559656
70.65,1.6316832519347948,1.1158861798248425,20.17894294718994
70.66,1.5882879758917876,1.2340742415691544,19.666594695552792
70.67,1.560451769782362,1.3561413117917676,19.16918250801924
70.68,1.5470974113718967,1.4828190664139411,18.686503623094907
70.69,1.5473262688350293,1.6149694493391924,18.218410401676994
70.7,1.560412885933495,1.7535686923911615,17.76481246581422
70.71000000000001,1.5857988116271116,1.8996963646754372,17.325680351466534
70.72,1.62308618581517,2.054528659689342,16.901050879092473
70.73,1.6720314719719453,2.2193351914848343,16.491034438445578
70.74,1.7325396235847168,2.395478624430784,16.095824402835948
70.75,1.8046588816984457,2.584416499049836,15.715708926127853
70.76,1.8885763224535053,2.787704633850334,15.35108542770736
70.77,1.9846142030052774,3.0070014747631584,15.002478132647061
70.78,2.093227088157045,3.2440727239141007,14.670559102961683
70.79,2.214999674675949,3.500795501261075,14.356173267652753
70.8,2.350645161504655,3.7791611680444213,14.060368029636617
70.81,2.501003937384401,4.081275760371986,13.784428090088246
70.82000000000001,2.667042267650249,4.409356733122216,13.529916175407692
70.83,2.849850553336994,4.765724385451801,13.298720364243856
70.84,3.0506406016548793,5.152785914915677,13.093108670119266
70.85000000000001,3.2707411799766817,5.573009512605238,12.915791407803614
70.86,3.511590917686316,6.028885253666033,12.769991614159279
70.87,3.774727363289448,6.5228687486248,12.659523344949557
70.88,4.0617706903967745,7.057302605836729,12.588876944423227
70.89,4.374400170042363,7.634309741221356,12.56330927439332
70.9,4.714321087581481,8.255651523656033,12.588935254650373
70.91,5.083219288444,8.92254278944865,12.672814738992619
70.92,5.482700012071418,9.635415116612839,12.823025543536932
70.93,5.9142071659461495,10.393619772575963,13.048709173594178
70.94,6.3789187876639515,11.195062972848016,13.360070333793416
70.95,6.877614281954711,12.035769277252106,13.768304667951337
70.96000000000001,7.410509312629674,12.909375123948925,14.285421662335095
70.97,7.977055276235086,13.806564903965716,14.923922060571059
70.98,8.57570247984885,14.71447793229203,15.696283063410597
70.99,9.203629963984309,15.61613722538682,16.614202697137905
71.0,9.856450843590414,16.48998027284495,17.68756103484625
71.01,10.527910456473824,17.309606162770773,18.9230757251168
71.02,11.209605521874758,18.043887349610067,20.32266838713643
71.03,11.89076522869346,18.657618245287793,21.88162154903769
71.04,12.55814787819358,19.112871642133722,23.586693239836716
71.05,13.196116122657386,19.37118897951567,25.41445957367812
71.06,13.78695522710777,19.396624256583976,27.33025291962731
71.07000000000001,14.311486625572371,19.159487457859154,29.288117992999638
71.08,14.749998766861601,18.640408378702553,31.232174626857656
71.09,15.083467836687058,17.834115182628185,33.099614803194626
71.10000000000001,15.294977765264102,16.752173907996077,34.82526460699356
71.11,15.371185112638193,15.423953797301186,36.34725567561416
71.12,15.303629028600403,13.895324221656592,37.612981960853865
71.13,15.08967862734232,12.225031532644572,38.58430457518916
71.14,14.732950608091326,10.479235228684713,39.241021159301766
71.15,14.243114430624779,8.725128849012153,39.5819572493861
71.16,13.635110380349225,7.024772518234488,39.62356975199891
71.17,12.927907697639215,5.430152812709782,39.396499616425935
71.18,12.142998183835015,3.9801168986625544,38.94089425339023
71.19,11.302840656799308,2.699347944144983,38.30144059796337
71.2,10.429445375955478,1.599120505230484,37.52291755902454
71.21000000000001,9.543230318997391,0.6793081012777021,36.64678689133334
71.22,8.66221331305699,-0.06896127053590018,35.70901569374978
71.23,7.80154308930746,-0.6605317884645546,34.739057149346515
71.24,6.973328716436617,-1.1137040276680685,33.75975383553466
71.25,6.1867032779136375,-1.448182795549298,32.7878689471856
71.26,5.448051295128411,-1.683553564761858,31.834967288354747
71.27,4.761334908810136,-1.8382571232707787,30.908425199882032
71.28,4.128465683484604,-1.9289812020356762,30.01241791541058
71.29,3.5496827234223476,-1.9703709393650566,29.14879602558783
71.3,3.023910779071424,-1.9749644475349697,28.317811516185472
71.31,2.5490827730316066,-1.9532747535559631,27.518686803315077
71.32000000000001,2.1224192726596818,-1.9139576077223353,26.750039538342868
71.33,1.7406630559868366,-1.864021848559446,26.01018521191462
71.34,1.4002704997699287,-1.8090532679283788,25.297342195064907
71.35000000000001,1.0975635676782312,-1.7534337739203307,24.609762589035483
71.36,0.8288471520229939,-1.7005453978275382,23.945809084488534
71.37,0.5904967941220796,-1.6529539302597156,23.30399421846034
71.38,0.3790216511519602,-1.6125703358743186,22.68299469171007
71.39,0.19110718269591623,-1.580790140277661,22.081650132847727
71.4,0.02364152445260595,-1.5586121396737118,21.498953003070984
71.41,-0.12627102140271113,-1.5467383690206236,20.93403423046629
71.42,-0.26130647362564685,-1.5456574952535311,20.386147584024904
71.43,-0.383925216417774,-1.5557138223028408,19.854654657331377
71.44,-0.4963816147531836,-1.5771639958877373,19.33901153952191
71.45,-0.6007375944936333,-1.6102233350993147,18.838757723962157
71.46000000000001,-0.6988789084680274,-1.6551035286660454,18.35350747348178
71.47,-0.7925330872357946,-1.7120432363658868,17.882943669187753
71.48,-0.8832883056695553,-1.7813329414379357,17.426814075086405
71.49,-0.9726125886570514,-1.8633352138676031,16.98492992132849
71.5,-1.0618729359316752,-1.9585013696282085,16.557166722254006
71.51,-1.1523540717702423,-2.067385347833134,16.14346728601907
71.52,-1.245276624067281,-2.1906554753260186,15.743846930222336
71.53,-1.3418146125990102,-2.32910464444263,15.35840098626898
71.54,-1.4431121810422505,-2.4836592914704183,14.987314750567963
71.55,-1.5502995438148424,-2.655387426694819,14.630876121160902
71.56,-1.6645081387048941,-2.8455058267924236,14.28949124312792
71.57000000000001,-1.7868849805113534,-3.0553863504530887,13.963703574540299
71.58,-1.9186061997307764,-3.286561170828239,13.654216875975685
71.59,-2.0608897230715666,-3.540726524398068,13.361922718863648
71.60000000000001,-2.21500700771577,-3.8197443438744707,13.087933197610713
71.61,-2.3822936762090396,-4.1256408593460385,12.833619611182117
71.62,-2.564158809919067,-4.460600901161727,12.600657941002803
71.63,-2.7620925411669743,-4.826956201797947,12.391081976977835
71.64,-2.977671431050131,-5.227165451990156,12.207344906730034
71.65,-3.212560923921337,-5.6637831978692414,12.052390047325904
71.66,-3.468513921562279,-6.139413851722383,11.929731109865664
71.67,-3.7473642106908454,-6.656646116869311,11.84354186959279
71.68,-4.0510130973318645,-7.217961999221603,11.798754263960019
71.69,-4.381407143820503,-7.825613324312683,11.801162620676829
71.7,-4.74050436749238,-8.481457376856532,11.857529751010109
71.71000000000001,-5.130225654162081,-9.186742085981669,11.975687816427106
71.72,-5.552387493326043,-9.941830368668478,12.164622948256412
71.73,-6.008611516079305,-10.745853266451908,12.43452733425853
71.74,-6.5002058195283805,-11.596283054838418,12.796795717113703
71.75,-7.0280128709079674,-12.488421561463653,13.263935002037996
71.76,-7.592219172091683,-13.414806824054835,13.84934635391332
71.77,-8.192123217461091,-14.364554569064305,14.566929864446077
71.78,-8.825861105339284,-15.322671490589906,15.430454731027849
71.79,-9.49009407329117,-16.26940622764594,16.452636530208636
71.8,-10.179669835431415,-17.179741193214966,17.643872975612886
71.81,-10.887280331901957,-18.023171117330524,19.010617519776368
71.82000000000001,-11.603152258314996,-18.763954789511246,20.553423787315488
71.83,-12.314822421172524,-19.362051104312037,22.264778418853002
71.84,-13.007064905402569,-19.774938454001724,24.12695391103522
71.85000000000001,-13.662046640785995,-19.960443253425968,26.110241882175192
71.86,-14.259785840957207,-19.88054880068893,28.172037850396556
71.87,-14.778967045977746,-19.505918163388472,30.257289483818933
71.88,-15.198122291319605,-18.8205776998378,32.30073220329383
71.89,-15.49712118991737,-17.825948925815002,34.23107766428424
71.9,-15.658833516123067,-16.543296969563723,35.97690306914276
71.91,-15.670756036664118,-15.013788898485549,37.47350174818902
71.92,-15.526356057183282,-13.295763815002479,38.66955769097348
71.93,-15.225898647709329,-11.459433168205273,39.53237289974004
71.94,-14.776599041642024,-9.57986647900311,40.05060789890895
71.95,-14.192061315779291,-7.72954599819053,40.23405148678275
71.96000000000001,-13.491096344866406,-5.971833632118395,40.11063313136299
71.97,-12.696118177304621,-4.356374993901424,39.72148731988598
71.98,-11.831370721218699,-2.9169095786994337,39.11518634241849
71.99,-10.921228598035157,-1.6713754581343894,38.34222356117665
72.0,-9.988759964218177,-0.6237721560079448,37.45053477084176
72.01,-9.054659252546603,0.23294150587115903,36.48244240670308
72.02,-8.136578729991376,0.9136072353550255,35.473038844756935
72.03,-7.248826465518552,1.4378106939790358,34.44977501830435
72.04,-6.402361524677744,1.8273226825237432,33.43290703169939
72.05,-5.605003418098911,2.104162363661304,32.436449133021455
72.06,-4.861775930665304,2.2892712141529237,31.469341982031263
72.07000000000001,-4.175318287137894,2.4017094542261574,30.53663004629536
72.08,-3.54631313811362,2.458256942941939,29.64052377232937
72.09,-2.9738970193897347,2.473301569722918,28.78128728488598
72.10000000000001,-2.4560325914804455,2.458915263364367,27.95793726214032
72.11,-1.9898323609092028,2.4250403591232423,27.168765504014114
72.12,-1.571830835965721,2.3797310075294114,26.41171096861364
72.13,-1.1982067018923703,2.329412678374676,25.684611251628766
72.14,-0.8649592541621132,2.2791368130366907,24.98536236301262
72.15,-0.5680445983751246,2.23281762374389,24.312011888144546
72.16,-0.3034774935542237,2.1934446967471137,23.66280592306129
72.17,-0.0674045398793065,2.1632692691769035,23.036205532695533
72.18,0.1438460601837526,2.1439645546072206,22.430884388663365
72.19,0.3337335453009683,2.136761865628242,21.845715881961837
72.2,0.5054884636157295,2.142564938708962,21.279755384741325
72.21000000000001,0.6621080074591327,2.1620450905850173,20.73222137629136
72.22,0.8063600259307754,2.1957198104303774,20.202477740171545
72.23,0.9407934330975856,2.244017232843539,19.690018566735176
72.24,1.0677531688824826,2.307328711786396,19.19445615365321
72.25,1.1893982443222186,2.3860514643156074,18.715512498735066
72.26,1.307721717548614,2.4806229964856152,18.253014354458585
72.27,1.4245717073736253,2.59154877264732,17.80689180864914
72.28,1.5416727636313337,2.7194243476183004,17.377180331074406
72.29,1.6606470829738706,2.864952949146013,16.964026252880092
72.3,1.7830351905346273,3.0289592735850754,16.56769570483292
72.31,1.9103158059043848,3.212400036889434,16.188587117489842
72.32000000000001,2.043924679523729,3.416371600562334,15.827247472075905
72.33,2.185272225300396,3.64211476142459,15.484392577871297
72.34,2.335759788501143,3.8910165468702766,15.160931734048793
72.35000000000001,2.49679437525179,4.164608584148334,14.857997204437021
72.36,2.669801630788381,4.4645613021708,14.576978983946978
72.37,2.8562367863606646,4.792672865159097,14.319565353209814
72.38,3.05759319675975,5.150851316033431,14.08778968580162
72.39,3.2754079581923063,5.541087910903886,13.884083865184666
72.4,3.511263925212243,5.965419043348163,13.711338450875617
72.41,3.7667872307948427,6.425873482402697,13.572969356772427
72.42,4.043639150877495,6.924400885476044,13.47299020381557
72.43,4.343500840890889,7.462776718819335,13.416088599244294
72.44,4.6680491077694155,8.042477875678978,13.407703268939567
72.45,5.018920974435097,8.66452252455524,13.45409710036291
72.46000000000001,5.397664364406087,9.329267215891944,13.562418600500228
72.47,5.8056718203639655,10.036154293594379,13.7407408996132
72.48,6.244093838719149,10.78340360083129,13.998063141754963
72.49,6.713728258822913,11.567644908133703,14.34425390560023
72.5,7.2148823500488,12.38349218344965,14.78991040961375
72.51,7.747205017506715,13.223068694082377,15.346101246298574
72.52,8.309488193953033,14.075503974894854,16.023955388589716
72.53,8.899439358996508,14.926440746994196,16.83405812310349
72.54,9.513431604798395,15.757612153800393,17.785618256013084
72.55,10.146244057258105,16.546576122548284,18.88538423836666
72.56,10.79081383840961,17.26672094213722,20.13631416464014
72.57000000000001,11.438030722084518,17.887677712743137,21.536049773994616
72.58,12.07661602226309,18.376280767540795,23.075308894540964
72.59,12.693135846365177,18.69819287277529,24.736389864040387
72.60000000000001,13.272202292901436,18.82024403542595,26.49206203379487
72.61,13.796910327871302,18.713412760989346,28.30517430076336
72.62,14.249539004597402,18.356212403178933,30.129315658276877
72.63,14.612511420374007,17.738060927435892,31.9107748869165
72.64,14.869560426695724,16.862062590766172,33.591853451430076
72.65,15.006994369325446,15.746581729593357,35.11530348002077
72.66,15.014912145413039,14.425098519608575,36.429353426514666
72.67,14.888195023088734,12.944117480355985,37.492545426215955
72.68,14.62711604314497,11.359298556577063,38.27753997807363
72.69,14.237459159015307,9.730384153566384,38.77319918975413
72.7,13.730119856148876,8.115770154003052,38.98461213299636
72.71000000000001,13.120246797102311,6.567620645928683,38.931168525646456
72.72,12.426056829813032,5.128244295215548,38.64317822661961
72.73,11.667495773593492,3.8281104996469413,38.157759064348724
72.74,10.864918595324976,2.685507665042381,37.51473185519075
72.75,10.037930888440917,1.7075465630725166,36.75310471747669
72.76,9.204482840853741,0.8920507089521563,35.90848236287085
72.77,8.38025263772026,0.22985536550900698,35.011488132411635
72.78,7.578310522997206,-0.2928824176522745,34.08709807089988
72.79,6.809023765678406,-0.6926321515673027,33.15468045674929
72.8,6.080147316218722,-0.9868362852716868,32.22850355286965
72.81,5.397042187572981,-1.1926904229187705,31.318495760050695
72.82000000000001,4.762969287009997,-1.3263249255349057,30.43109023838783
72.83,4.179416427728263,-1.4023201196362693,29.570040238123788
72.84,3.6464273997908903,-1.4334765641633376,28.737139557418157
72.85000000000001,3.1629122892180814,-1.4307662653190707,27.932819372529554
72.86,2.7269267259997867,-1.4034026551398935,27.156617499574942
72.87,2.3359141514771404,-1.3589812816022546,26.40753073878141
72.88,1.9869096738048362,-1.3036564586469825,25.68426796209936
72.89,1.676706967371192,-1.2423302125986575,24.985423590163435
72.9,1.4019913528285155,-1.1788383932603177,24.3095901283832
72.91,1.1594430198266878,-1.116124998378687,23.65542597338594
72.92,0.9458146099882145,-1.0564000177074948,23.021691721076685
72.93,0.7579872776874295,-1.0012789028642115,22.40726527036601
72.94,0.5930090428034557,-0.9519035236466593,21.811143411085755
72.95,0.4481188451186426,-0.9090455079774613,21.232435424200204
72.96000000000001,0.3207592700077926,-0.8731934238766014,20.67035251797727
72.97,0.20858047934308033,-0.844625518804204,20.124195632737905
72.98,0.1094374726931557,-0.8234698002578199,19.593343204048995
72.99,0.021382433345141033,-0.8097531978592225,19.077239810156215
73.0,-0.057346414086589165,-0.803441440256054,18.575386179500423
73.01,-0.1283382923394742,-0.8044711408282633,18.08733074306229
73.02,-0.19302480787470316,-0.8127754335701293,17.61266273925467
73.03,-0.2526956420307652,-0.8283043463353992,17.151006781344293
73.04,-0.3085144757074322,-0.8510409499328531,16.70201875286447
73.05,-0.3615347679419292,-0.8810141824415295,16.265382886293356
73.06,-0.4127151241952496,-0.9183091207931592,15.840809891202557
73.07000000000001,-0.4629340831332232,-0.9630753571248807,15.42803602124155
73.08,-0.5130042245328538,-1.0155340357873952,15.026822999033808
73.09,-0.5636855587024167,-1.0759840177724973,14.636958750954312
73.10000000000001,-0.6156982021559091,-1.144807561851858,14.258258938101145
73.11,-0.6697343775590044,-1.2224758447343569,13.890569304958207
73.12,-0.7264698001501562,-1.3095545846388994,13.53376890343103
73.13,-0.7865745295881276,-1.4067099822081957,13.18777428780069
73.14,-0.8507233768137529,-1.5147151477979777,12.852544816714449
73.15,-0.9196059610517707,-1.634457142751848,12.528089242897652
73.16,-0.9939365132182948,-1.7669447218787677,12.21447382129519
73.17,-1.07446351912302,-1.9133168221251382,11.911832223434578
73.18,-1.161979289009295,-2.0748517949344465,11.62037761164099
73.19,-1.2573295288383093,-2.252977322786829,11.34041730305263
73.2,-1.361422972553947,-2.4492808886225426,11.07237054183563
73.21000000000001,-1.4752411121229507,-2.6655205735813565,10.816789999988215
73.22,-1.5998480315865429,-2.9036358351854235,10.574387743525973
73.23,-1.7364003100908998,-3.1657577538086397,10.34606653152584
73.24,-1.8861569033541825,-3.454218016012875,10.13295745862077
73.25,-2.0504888385731066,-3.7715556112991617,9.936465102385172
73.26,-2.230888458207281,-4.120519831647796,9.75832148642934
73.27,-2.4289778154459825,-4.504067653232114,9.600650301760124
73.28,-2.6465156483486076,-4.9253529134766145,9.46604291638302
73.29,-2.885402128056745,-5.387703835292275,9.357647704001787
73.3,-3.147680273791563,-5.894584351092868,9.279274072339147
73.31,-3.4355325356168676,-6.449533299573609,9.23551217365043
73.32000000000001,-3.7512705452026993,-7.05607387444366,9.23186849442701
73.33,-4.0973154048027585,-7.717583686863324,9.274916150238282
73.34,-4.476165108318897,-8.437113503734741,9.372456484154366
73.35000000000001,-4.890344758327103,-9.217140277962539,9.5336851262976
73.36,-5.342334172695266,-10.059237790862593,9.76935057206808
73.37,-5.834466315839552,-10.963646634933012,10.091886064163774
73.38,-6.368788860003766,-11.928725318486805,10.515485607208825
73.39,-6.946880301912014,-12.950267457446241,11.056081949656644
73.4,-7.569611803458159,-14.020678515663011,11.731168434234197
73.41,-8.236846874825583,-15.128022313876347,12.559388793392811
73.42,-8.947074015220236,-16.254976108338564,13.559801992765347
73.43,-9.696973575817688,-17.377776965063156,14.750718509289333
73.44,-10.480930689379502,-18.465303417130496,16.148009020167915
73.45,-11.290522289178488,-19.47851274917349,17.762819496110467
73.46000000000001,-12.114028496599817,-20.37053521466443,19.598704133880066
73.47,-12.936045840518357,-21.08778872670321,21.6483238858992
73.48,-13.737307866626027,-21.572482084928435,23.89005728430214
73.49,-14.494839699499396,-21.76677044715496,26.285110888706807
73.5,-15.182574905479651,-21.618565779677372,28.775938865066394
73.51,-15.772531418559009,-21.088574083206613,31.286880965069532
73.52,-16.236567555870934,-20.15759124901362,33.7277787308771
73.53,-16.548620109698277,-18.83260163899384,36.00083903856417
73.54,-16.68718444974265,-17.150025881511077,38.01020754658309
73.55,-16.63767257674437,-15.174775043013513,39.67279623940106
73.56,-16.394230205140822,-12.99464062746596,40.928233840755084
73.57000000000001,-15.960646825269988,-10.710767955736866,41.745731230261384
73.58,-15.35015558926145,-8.42607982211139,42.12632093102585
73.59,-14.58414946483835,-6.234072191882159,42.100142915980435
73.60000000000001,-13.69006269230146,-4.210166393794221,41.71973878847408
73.61,-12.698811402082235,-2.4069117273333243,41.051188281161465
73.62,-11.6422181250786,-0.8531986482347134,40.16511401489412
73.63,-10.550771567864356,0.44329435710758025,39.129158867575114
73.64,-9.451938417546224,1.4916796289859018,38.00279816306027
73.65,-8.36909951791628,2.3127399018991666,36.8346134773443
73.66,-7.321067160571881,2.934088590869031,35.661639772909396
73.67,-6.322070519435293,3.3861850893575784,34.51016182296347
73.68,-5.382070718709675,3.6994140032275946,33.39732668298094
73.69,-4.507273540381918,3.9021840995976156,32.33306044376516
73.7,-3.700731877649145,4.019868945410307,31.321942572649764
73.71000000000001,-2.9629598587684534,4.0743693738350295,30.36484378614476
73.72,-2.2925085512441252,4.084091973897009,29.460248654266152
73.73,-1.6864757043905936,4.064177400707445,28.605258371548953
73.74,-1.1409382346016126,4.026857467199554,27.796309384314792
73.75,-0.6513067458489527,3.9818601824422406,27.02966001804719
73.76,-0.21260754918205754,3.9368132095948085,26.30169920158693
73.77,0.1802993037249045,3.8976184319512397,25.60912578700403
73.78,0.5325564284531807,3.8687849194384767,24.94903835179564
73.79,0.8491905809059845,3.8537165096006305,24.3189663656844
73.8,1.1350306187930141,3.854955228716312,23.716865518134576
73.81,1.3946544439464246,3.874384274885969,23.141093339915404
73.82000000000001,1.6323585429032774,3.9133952625136215,22.590376073419012
73.83,1.852144808605343,3.973024549529593,22.063773898875095
73.84,2.0577202778103336,4.054063149213498,21.560648874444098
73.85000000000001,2.2525062385595094,4.157144210958629,21.080638056457797
73.86,2.4396538506504974,4.282811471987903,20.623633015658793
73.87,2.6220639894395257,4.431571501051855,20.189766176577066
73.88,2.802409482672787,4.6039320031844495,19.779403937877195
73.89,2.983158274918554,4.80042793871787,19.39314627230117
73.9,3.1665963368761747,5.02163672702746,19.031832373250698
73.91,3.354849348032028,5.268183349022911,18.69655184914184
73.92,3.549902329758458,5.540735724815363,18.388660919180637
73.93,3.7536164994556454,5.8399903183673585,18.109802997640934
73.94,3.9677426610288595,6.1666475064100705,17.861932936193206
73.95,4.193930448523229,6.521375846285025,17.647343995856122
73.96000000000001,4.433732703694017,6.9047639951795965,17.468696312325466
73.97,4.688604200980861,7.317258689619601,17.32904517018828
73.98,4.959893842828068,7.7590869206026545,17.23186678112648
73.99,5.2488293456740145,8.230160286173703,17.1810784377019
74.0,5.556493338132702,8.72995954325187,17.181048862085053
74.01,5.88378972072162,9.25739771773746,17.236593276207458
74.02,6.231399123117095,9.810660904991472,17.352946201474488
74.03,6.59972238442787,10.387027277161765,17.535703314689385
74.04,6.988811232571698,10.982667016570517,17.790721979180173
74.05,7.398285823745912,11.592429135857945,18.12396858261437
74.06,7.82723960860575,12.20962562044058,18.541299939896312
74.07000000000001,8.274133210909557,12.825829136817452,19.04816633709699
74.08,8.736680721750146,13.430707588733558,19.64922607181699
74.09,9.211734079312777,14.01192661962634,20.347866518399314
74.10000000000001,9.695173999704416,14.555158776829476,21.145635785873
74.11,10.181819104888396,15.04424380652301,22.041602711502208
74.12,10.665368133797047,15.461546016648475,23.031681408871627
74.13,11.138392865283283,15.78854879043526,24.107978888108175
74.14,11.592400822276684,16.006710001649218,25.258247683312273
74.15,12.017985968834648,16.098572969959022,26.465545131958812
74.16,12.405081431601873,16.049085651315025,27.708210141752108
74.17,12.743320015733396,15.847029734058717,28.960259223237685
74.18,13.022495843312896,15.4864097982533,30.192269835200086
74.19,13.233104775274294,14.96761376975931,31.3727586897402
74.2,13.36692461884187,14.298144591724508,32.469981107424445
74.21000000000001,13.417581830808222,13.492751573974504,33.45398924102645
74.22,13.38104333527042,12.572861941191283,34.29871350635825
74.23,13.255973399448713,11.565319523033715,34.9837957074446
74.24,13.043907646195674,10.500556254300264,35.495920067068056
74.25,12.74921796759608,9.410423744918864,35.829461367987804
74.26,12.37886942988599,8.325969537171117,35.98638246616371
74.27,11.941997634352806,7.275440914180207,35.975438558460155
74.28,11.449356784211956,6.2827410169442155,35.81085155789172
74.29,10.912700878226198,5.366466304421925,35.51068106901825
74.3,10.34416162438392,4.5395480813472915,35.09512972245739
74.31,9.755678161225644,3.8094294412018055,34.584986385726154
74.32000000000001,9.158518718037476,3.1786490118847954,34.00034790245762
74.33,8.56291685976566,2.645679062735449,33.359688505018866
74.34,7.977828438556916,2.205872647675044,32.679282490762766
74.35000000000001,7.410802173325938,1.852401863176049,31.972939897070663
74.36,6.867947950306718,1.5771054519373036,31.251989420527224
74.37,6.3539824246163965,1.3711996256368617,30.525435173974376
74.38,5.872330542708805,1.2258354351284175,29.800218921169936
74.39,5.425263137613871,1.1325070096039425,29.08153161965608
74.4,5.014053724316392,1.0833276967649026,28.373132830877346
74.41,4.639141182979511,1.0711970895562624,27.67765068876551
74.42,4.300288558756584,1.0898830935515467,26.996846947305432
74.43,3.9967313668981115,1.134041421439593,26.331840544039157
74.44,3.7273114015890076,1.1991916542162486,25.683289210686276
74.45,3.49059407012889,1.281665288260207,25.05153238540613
74.46000000000001,3.2849687536876835,1.378537602668826,24.43670060576189
74.47,3.1087327135724676,1.4875520432188791,23.838797237014344
74.48,2.9601597108873094,1.6070432408780662,23.257758276040025
74.49,2.837554876466283,1.7358627596627656,22.693495414980042
74.5,2.739297533736409,1.8733101375227332,22.145926794230956
74.51,2.663873701832822,2.019070659517551,21.61499907897959
74.52,2.609899937757593,2.17316049852633,21.100703749568066
74.53,2.5761400501837484,2.335879298034517,20.603089850352426
74.54,2.56151605908952,2.5077698899767586,20.122274911291047
74.55,2.56511460230073,2.6895845869030546,19.65845534002594
74.56,2.5861898137704173,2.8822573218798264,19.211917268527184
74.57000000000001,2.6241635261360927,3.0868808006453112,18.78304861172797
74.58,2.6786234856050415,3.304687754676865,18.372352938939365
74.59,2.749320111983052,3.537035322169167,17.980465655553267
74.60000000000001,2.836162190393126,3.785391521258146,17.60817292703244
74.61,2.9392117423478017,4.051322703441936,17.256433734866313
74.62,3.0586781897895823,4.336480774042691,16.92640542092731
74.63,3.194911793204744,4.642588830964583,16.61947303796937
74.64,3.348396210091737,4.971423694305651,16.337282763790018
74.65,3.5197398786818592,5.324793570366804,16.08177953584049
74.66,3.7096657794399173,5.704508809310964,15.855248898372118
74.67,3.9189989592069616,6.112343375012866,15.660362795986092
74.68,4.1486510161616135,6.549984253756926,15.500228658352883
74.69,4.39960053566455,7.018965601014331,15.378440554331865
74.7,4.672868237550779,7.520583994384375,15.299130393334888
74.71000000000001,4.96948534871151,8.055790782068232,15.267016052185708
74.72,5.290453461576483,8.625057281233127,15.287441836511613
74.73,5.636693899984778,9.228208629189915,15.366404780269091
74.74,6.008984423848631,9.86422262618465,15.51055789941555
74.75,6.407881017662248,10.530991214032115,15.72717864930445
74.76,6.83362260583038,11.225044679318305,16.02408758730909
74.77,7.286016932092168,11.941242703782299,16.409498867963915
74.78,7.764306677873179,12.67244250189591,16.891781196013994
74.79,8.267016353931147,13.409162935398223,17.47910607250883
74.8,8.791782776991031,14.139274912143431,18.17896086000428
74.81,9.335175216957811,14.847762313231915,18.997509100166063
74.82000000000001,9.892515670373978,15.516613034562312,19.938791745515534
74.83,10.457715106270792,16.124914050586053,21.003782655839522
74.84,11.023147561975358,16.649233583055047,22.18934133848386
74.85000000000001,11.579589815296773,17.06437158597642,23.48714518118822
74.86,12.116258654483861,17.34453978385115,24.88272880828928
74.87,12.620978604536774,17.464987930698303,26.35480154946678
74.88,13.080508151982595,17.404020878999297,27.875042099426175
74.89,13.481040106676195,17.14525602961442,29.408565414315778
74.9,13.808870941424985,16.679868219744822,30.91520474321424
74.91,14.051206063218578,16.008485921882965,32.35164365039748
74.92,14.197037106003547,15.14237210106571,33.674277545200134
74.93,14.23800027222333,14.103573944820068,34.842511322258765
74.94,14.169109542222653,12.923867544041922,35.82205653071478
74.95,13.989262001780281,11.64253571083653,36.58772890292193
74.96000000000001,13.701437244773453,10.303248377926067,37.12529867011193
74.97,13.312555402681584,8.950499049981671,37.43211016364973
74.98,12.83300973165217,7.626131289774403,37.51642236709014
74.99,12.275937745405649,6.366443576119577,37.39566124420532
75.0,11.65632857851228,5.20020905048381,37.09395137255336
75.01,10.990077222855641,4.147741025475998,36.63936817726247
75.02,10.293088356227795,3.2209372093740227,36.06132012081049
75.03,9.580508869635967,2.424092813280107,35.38836188008971
75.04,8.866136851713634,1.7552054911550021,34.64659909962334
75.05,8.162023525048651,1.2074975832489518,33.85871362653521
75.06,7.478259086305981,0.7709312243163664,33.0435411316182
75.07000000000001,6.822916279656395,0.4335631776113148,32.21607918249098
75.08,6.202116944047118,0.18265714198396016,31.387788330194468
75.09,5.620185166925841,0.005528711736769304,30.567060044261083
75.10000000000001,5.079853816682008,-0.10986265199259672,29.7597508380438
75.11,4.582496936524856,-0.17453840213203117,28.969711561601812
75.12,4.128367045789118,-0.19829777183544278,28.199268121543586
75.13,3.7168226709539502,-0.18964251524494843,27.449631659984604
75.14,3.3465367996788653,-0.155790667261822,26.721231718640908
75.15,3.0156811869526665,-0.10274780192434049,26.013975741646806
75.16,2.722084559368139,-0.0354117462568954,25.327443639761565
75.17,2.4633649074639052,0.0423066493400404,24.661028350231692
75.18,2.2370374211789357,0.12735865687764591,24.01403351519893
75.19,2.0406004034206973,0.21743653096261037,23.385738440667694
75.2,1.8716018603468436,0.3108608160561009,22.77543899967917
75.21000000000001,1.7276895495388036,0.4064786693502308,22.18247150046841
75.22,1.606647171048771,0.503574295198709,21.606224981398203
75.23,1.5064191850364712,0.6017916230748532,21.04614603386626
75.24,1.4251264844034437,0.7010687592397108,20.501739133596235
75.25,1.361074875456033,0.8015833916638168,19.97256457808686
75.26,1.3127580458628827,0.9037081472481264,19.45823545928219
75.27,1.2788564401108686,1.0079748324715592,18.958414612117924
75.28,1.2582332255586512,1.115046493074634,18.472812136345425
75.29,1.2499283204146094,1.2256962775148887,18.00118385853159
75.3,1.2531512693828155,1.3407921636012172,17.543330955678957
75.31,1.2672735925897487,1.461286694758292,17.099100879071493
75.32000000000001,1.2918210970113984,1.5882109626190455,16.668389679335156
75.33,1.3264665246793077,1.7226721595879047,16.251145828350502
75.34,1.371022815857422,1.8658541038843381,15.847375651290223
75.35000000000001,1.4254371854001955,2.0190202066459157,15.457150516322221
75.36,1.489786143814923,2.1835184027707757,15.080615976283866
75.37,1.5642715383215524,2.3607876012732425,14.71800311336506
75.38,1.6492176405675973,2.5523652237440624,14.369642403067644
75.39,1.7450692636865952,2.759895387199444,14.035980486539883
75.4,1.8523908490283962,2.9851372453906806,13.717600320014212
75.41,1.9718664188572126,3.229972924450849,13.41524525528036
75.42,2.104300241983285,3.496414366818949,13.129847693644201
75.43,2.250618000550523,3.7866082218812616,12.862563043564435
75.44,2.411868173272153,4.102837680462442,12.614809792132945
75.45,2.5892232576773884,4.447519828277591,12.388316561409535
75.46000000000001,2.7839803347772536,4.823196673140442,12.185177044594159
75.47,2.997560326193786,5.232517462315702,12.007913677266691
75.48,3.231505097237954,5.678209229187752,11.859550755867303
75.49,3.487471309622748,6.163031673467433,11.743697412280627
75.5,3.7672196138459038,6.689711474354475,11.664640309806718
75.51,4.072597383673633,7.260849964707475,11.627445032367367
75.52,4.405512726062222,7.878796789023994,11.638063749862726
75.53,4.767896947814602,8.545480812615027,11.703444671778579
75.54,5.161652035649863,9.262188310517436,11.83163582200275
75.55,5.588579040185866,10.029277637003254,12.031871526099312
75.56,6.050282611201072,10.845819640914861,12.31462445006705
75.57000000000001,6.548046427448751,11.70915478443263,12.69159889654451
75.58,7.082674089337648,12.614362300595708,13.175632387292673
75.59,7.654290486788507,13.553645201008198,13.780462795305382
75.60000000000001,8.262100129835867,14.515649234115596,14.52030862410262
75.61,8.904101978357895,15.484755774884649,15.409202795968145
75.62,9.576765572032862,16.44041938808943,16.460019419344107
75.63,10.274681383469265,17.356660230975276,17.68314425025794
75.64,10.990209721339744,18.20186624811544,19.084770402911403
75.65,11.71316703778978,18.939101896176084,20.66485915317063
75.66,12.43060488458017,19.527143703852,22.414896663230135
75.67,13.126752074738587,19.922446043127792,24.315698663523346
75.68,13.783199837388402,20.082157188694882,26.3356497540811
75.69,14.37940608958511,19.968135911517663,28.42987538630214
75.7,14.893571192099092,19.55166349636393,30.54087694080986
75.71000000000001,15.303889031717002,18.81824467651178,32.601051699101966
75.72,15.590105790607485,17.771630027053924,34.53723026585495
75.73,15.735236003095673,16.436090878907844,36.276913592609475
75.74,15.727213204831209,14.85614210491633,37.755383677121465
75.75,15.560217207398605,13.09336747856209,38.922470170820645
75.76,15.235442758962023,11.220661482367653,39.74765896936685
75.77,14.761159126992602,9.314851993931956,40.222519632247504
75.78,14.152038480108875,7.4490719537851575,40.360042083435715
75.79,13.427866809470032,5.68625358826735,40.19120222927941
75.8,12.611855187937332,4.074739384430775,39.7596657618407
75.81,11.728814926550957,2.6464052207292523,39.11580857484054
75.82000000000001,10.803443213562323,1.4170985124169542,38.31114761756553
75.83,9.858901975520002,0.3887857707992277,37.3939398878781
75.84,8.915788190986897,-0.44735176992526526,36.40628301603215
75.85000000000001,7.991513683014618,-1.1075740427506346,35.382681616471814
75.86,7.100052631055247,-1.6125006587075175,34.349806252112714
75.87,6.251981129541245,-1.9845815886693638,33.32707553064953
75.88,5.454722360976335,-2.2462194562497784,32.327702718903424
75.89,4.712916520803231,-2.4185124541497824,31.359919008363743
75.9,4.028849100678714,-2.520516748157907,30.428175481634824
75.91,3.402888523058178,-2.568903579800577,29.534208821381974
75.92,2.8339005615380195,-2.5778917622003674,28.67791986375195
75.93,2.3196205441728384,-2.5593560647392373,27.858057035137122
75.94,1.8569744616308648,-2.523035938768801,27.072721539737497
75.95,1.442347028911105,-2.47679140610007,26.31972270630615
75.96000000000001,1.0717990752233473,-2.4268712149550105,25.59681483521519
75.97,0.7412390343690545,-2.3781720483983757,24.901844922977578
75.98,0.44655438061020597,-2.3344771342995467,24.232836367224728
75.99,0.1837090803106694,-2.2986689090069077,23.588028789965083
76.0,-0.05118714449905329,-2.2729143063808555,22.96588936480175
76.01,-0.2618324810001529,-2.2588235239647054,22.365106923112716
76.02,-0.4517050060733766,-2.2575843270032285,21.78457678469802
76.03,-0.6240490349154237,-2.2700744921443654,21.223381691180688
76.04,-0.781872522906333,-2.296955136885969,20.680772321285264
76.05,-0.9279527800922074,-2.338747601720437,20.156149515784143
76.06,-1.0648482634130976,-2.395896355989206,19.64904941697805
76.07000000000001,-1.1949146477974415,-2.468820148262575,19.159132127267767
76.08,-1.3203237468018685,-2.5579533525878486,18.68617412617037
76.09,-1.4430841620702584,-2.6637791914317535,18.230064486052754
76.10000000000001,-1.5650627946832354,-2.7868562529031506,17.79080484152439
76.11,-1.688006556532823,-2.927839466389223,17.368513057311997
76.12,-1.8135637817305255,-3.0874964560973273,16.963430576907715
76.13,-1.9433049615482134,-3.2667199529391007,16.575933499900387
76.14,-2.0787425154596635,-3.4665367068384145,16.20654751600303
76.15,-2.2213493685447574,-3.6881130975848246,15.855966908409322
76.16,-2.3725761339305085,-3.9327573851253264,15.525077920159246
76.17,-2.5338666991716448,-4.201918260674168,15.2149868468187
76.18,-2.706671987590539,-4.497179047905182,14.92705326778164
76.19,-2.8924616086290955,-4.820246547347155,14.662928844689201
76.2,-3.0927330232103327,-5.172933104874692,14.424602081794692
76.21000000000001,-3.30901772801091,-5.557130005158372,14.214449335589894
76.22,-3.5428838027030136,-5.974769733487488,14.035292146204416
76.23,-3.7959339625826423,-6.427774009958826,13.890460595284665
76.24,-4.06979801189232,-6.917983783964351,13.783861813283584
76.25,-4.366118298521787,-7.447066606837331,13.720051884417824
76.26,-4.686526430196108,-8.016396027381056,13.704308131603488
76.27,-5.032609133985495,-8.626896973763714,13.742696990074963
76.28,-5.405860744458922,-9.278850656096328,13.8421302698901
76.29,-5.807619428130599,-9.971652599161649,14.010399443407758
76.3,-6.238983956258524,-10.703518369228426,14.25617359385018
76.31,-6.700707724605902,-11.471133919446377,14.588941844513904
76.32000000000001,-7.193066936205897,-12.269251938858975,15.018875667536165
76.33,-7.715700619576865,-13.090242990993694,15.556580987969763
76.34,-8.26742172225263,-13.923621463648024,16.212705501426434
76.35000000000001,-8.846001223723105,-14.755582154654663,16.997364863845664
76.36,-9.447931394413555,-15.568603862205768,17.919355003064236
76.37,-10.068180262161205,-16.34120062018681,18.98513021230048
76.38,-10.699957095669287,-17.047926184502415,20.197551873090415
76.39,-11.334517907663614,-17.65975709595401,21.55445408086331
76.4,-11.961049555852624,-18.144984751788815,23.047131241433195
76.41,-12.566678973687639,-18.470725169202822,24.65892499790351
76.42,-13.136657370801652,-18.60509394253816,26.36416180890743
76.43,-13.65476415523167,-18.519985579657316,28.127746576624766
76.44,-14.103958255395023,-18.194245614725304,29.905722342136617
76.45,-14.46727356121637,-17.61685497885126,31.647031172107333
76.46000000000001,-14.728912042502834,-16.789605413411216,33.29654027606499
76.47,-14.875439452377474,-15.728692280601223,34.79914323917227
76.48,-14.896946014976129,-14.464739361085911,36.10446213366417
76.49,-14.788012094674512,-13.041015006946099,37.1714485337795
76.5,-14.548327967955965,-11.509957909469698,37.97210116784968
76.51,-14.182860914385751,-9.928505446453537,38.493639069249376
76.52,-13.701534229093227,-8.352987489655845,38.73877515903125
76.53,-13.118464032102045,-6.834422635926346,38.72413705303871
76.54,-12.450869749026477,-5.414912622373943,38.47725288134206
76.55,-11.717815783922097,-4.125533541618482,38.032750733051785
76.56,-10.938948047699382,-2.9857763751670934,37.428462729303604
76.57000000000001,-10.133363650138183,-2.004299537143924,36.70200161809181
76.58,-9.318707066581855,-1.180586549257368,35.888160085879804
76.59,-8.510535655404603,-0.5070628665604267,35.01725168753431
76.60000000000001,-7.721953204817955,0.02871357515245876,34.11432759327692
76.61,-6.963478848469335,0.44206106770035125,33.19909203467206
76.62,-6.24310172971289,0.7495342303786287,32.28629901838271
76.63,-5.566467145067223,0.967686612307207,31.386424498840064
76.64,-4.937143820139968,1.1122173499906092,30.50644846386361
76.65,-4.356930606858679,1.1974448507623943,29.65063079247812
76.66,-3.8261711424993154,1.236036062100905,28.82121066303064
76.67,-3.3440548333920828,1.238921194233435,28.018995626669074
76.68,-2.9088908358691383,1.2153333983973416,27.24383179463595
76.69,-2.5183481289638814,1.172925570899341,26.494962130866597
76.7,-2.1696593686225807,1.1179289484818797,25.771287867963956
76.71000000000001,-1.8597892592300505,1.0553288993761785,25.071550941960986
76.72,-1.5855700212962753,0.9890417759374505,24.394455062478674
76.73,-1.3438075050840856,0.9220829531862286,23.738741076639766
76.74,-1.1313618760572337,0.8567205760771711,23.10322963777404
76.75,-0.9452067928865334,0.7946124924124259,22.486841456675684
76.76,-0.7824707669569847,0.7369257447401953,21.888602920003862
76.77,-0.6404640401387626,0.6844391506304801,21.307642751341138
76.78,-0.516693914698697,0.6376301572584072,20.74318369929774
76.79,-0.4088710591362741,0.5967474864315427,20.194531937515126
76.8,-0.31490892201698995,0.5618712096614498,19.661065899162896
76.81,-0.23291802633406436,0.5329618896679346,19.14222558069231
76.82000000000001,-0.16119659583707127,0.5099003471630534,18.63750287557647
76.83,-0.09821868379065149,0.4925194935057746,18.14643318531897
76.84,-0.042620732716192704,0.4806295321461389,17.668588358213217
76.85000000000001,0.006812711741842427,0.4740376880390717,17.203570891511614
76.86,0.05116358192346194,0.47256348266833703,16.75100927345191
76.87,0.09139475603145616,0.4760504379952294,16.310554318594694
76.88,0.12836412138621334,0.4843749684511325,15.881876349341054
76.89,0.16283803609330724,0.49745310756893624,15.464663088817556
76.9,0.1955040674887056,0.5152456156178141,15.05861814924581
76.91,0.22698294494487672,0.5377619266695998,14.663460021495391
76.92,0.2578397104147715,0.5650633174617848,14.278921493431723
76.93,0.2885940848348481,0.5972656155292475,13.90474944571857
76.94,0.31973009427589566,0.6345417094712712,13.540704993467799
76.95,0.3517050183073851,0.6771240789132027,13.186563960578479
76.96000000000001,0.38495773594643223,0.7253075246714374,12.842117691107145
76.97,0.4199165530704734,0.7794522497778396,12.507174219082662
76.98,0.4570066003358152,0.8399874183111389,12.181559835464133
76.99,0.49665689331480994,0.9074153003758497,11.865121109165512
77.0,0.539307147415056,0.9823160970269822,11.557727439037368
77.01,0.5854144396841325,1.0653535274106418,11.259274236285597
77.02,0.635459808191921,1.1572812507784218,10.96968686299622
77.03,0.6899548775356191,1.2589501871417759,10.688925483321468
77.04,0.7494485962044237,1.3713167907990704,10.416991020708867
77.05,0.8145341679974324,1.4954523191702702,10.153932458740496
77.06,0.8858562551706257,1.6325531233050874,9.899855776311181
77.07000000000001,0.9641185250645843,1.7839519635337304,9.654934871843034
77.08,1.050091603964388,1.951130320683466,9.419424908049264
77.09,1.1446214908969108,2.1357316257181775,9.193678600634065
77.10000000000001,1.2486384686194665,2.3395752627818336,8.978166083536205
77.11,1.3631665273292877,2.56467110475215,8.773499112073182
77.12,1.489333286087619,2.8132342063391254,8.580460515365834
77.13,1.6283803541863364,3.087699094014872,8.400039981477393
77.14,1.7816740151162962,3.390732836928597,8.233477451663417
77.15,1.9507160333531768,3.725245735385662,8.082315609593133
77.16,2.1371542708606386,4.094397993787271,7.9484631675186606
77.17,2.342792645590966,4.5016001155946475,7.83427085558755
77.18,2.5695997549042078,4.950503922458854,7.742622180751837
77.19,2.8197152057058354,5.444980002556604,7.677041085465855
77.2,3.095452319133221,5.989075971110274,7.641818520663664
77.21000000000001,3.3992953855014747,6.58694811283933,7.642159525527354
77.22,3.7338890060142287,7.242756713305799,7.684351489675494
77.23,4.102016240885329,7.960512644131622,7.775952588995946
77.24,4.506561261335227,8.743859582353537,7.925996552777933
77.25,4.950450959461173,9.595772782045008,8.145205423355565
77.26,5.436568516594633,10.518151970299577,8.44619515427841
77.27,5.967630331996042,11.511283479728373,8.843648985577712
77.28,6.546016127555063,12.573146507221246,9.354419741873842
77.29,7.173540780379966,13.698542590205639,9.997503942405999
77.3,7.851156033117116,14.878039292538272,10.793807989094097
77.31,8.578571550282065,16.09674318596113,11.76560128064
77.32000000000001,9.353789083617478,17.33295895422702,12.935527151469524
77.33,10.172552443255231,18.55685616023047,14.325028605293278
77.34,11.027731453507187,19.729355539570363,15.952056325070421
77.35000000000001,11.90868177202389,20.80155791335843,17.82798221204909
77.36,12.800654806757949,21.715152086303576,19.953767424152566
77.37,13.684370586294778,22.404313025544834,22.315649666607115
77.38,14.535904112149135,22.79957315067341,24.88091906912172
77.39,15.327058849126496,22.83393773109751,27.594698708042554
77.4,16.026390163536455,22.451057787884007,30.378921299376692
77.41,16.600976293354083,21.61458316545186,33.134720700560464
77.42,17.018903832832756,20.31704480410298,35.74904942064349
77.43,17.252250817702055,18.58606424685062,38.105411028678795
77.44,17.280157798614844,16.48573337696152,40.09731677234037
77.45,17.09144683179221,14.111884478541429,41.641879780774026
77.46000000000001,16.686250664293823,11.581553539595483,42.690427572821484
77.47,16.07628022906655,9.018678069097326,43.233542832246755
77.48,15.28365100312417,6.539219141088585,43.29944955381483
77.49,14.338511153576478,4.238936751360971,42.946550735568934
77.5,13.275954887530272,2.1860025391324167,42.25240433804716
77.51,12.132790637974962,0.41903938649350314,41.30196061527268
77.52,10.944662164382162,-1.05026936540008,40.17744900664382
77.53,9.74384613202576,-2.23168179922289,38.95128917964838
77.54,8.557848554317054,-3.1498034802639068,37.68232081025532
77.55,7.408756210664039,-3.8378032898240173,36.41486343262737
77.56,6.313197173694586,-4.332264844002403,35.179749098795575
77.57000000000001,5.2827265226813065,-4.669468814604255,33.996446448428436
77.58,4.324461810195603,-4.883036739540413,32.87556891949395
77.59,3.4418264655378037,-5.002679922884156,31.821297771262792
77.60000000000001,2.6353005846789017,-5.053744817367457,30.833467274266322
77.61,1.903116621669276,-5.057273186425106,29.909218901645065
77.62,1.2418674586710017,-5.0303558373716095,29.044230339610174
77.63,0.6470152873577789,-4.986624022021429,28.233575747340293
77.64,0.11330286660080735,-4.936778512997223,27.47229176998966
77.65,-0.3649240543366717,-4.889098340805092,26.755723051369287
77.66,-0.7934711555406215,-4.849899827459265,26.079711174144744
77.67,-1.1781141074456474,-4.8239345533761755,25.44067812855865
77.68,-1.5244692501497812,-4.814725267388206,24.835642853885354
77.69,-1.8379057079125682,-4.824844091479434,24.262198589451586
77.7,-2.1234898142119842,-4.8561396284236915,23.71847015523627
77.71000000000001,-2.385954254378273,-4.909920084100689,23.2030637676478
77.72,-2.629685717636222,-4.98709911500384,22.71501727207466
77.73,-2.8587260428713903,-5.0883103099009945,22.253755370183097
77.74,-3.076782837695709,-5.21399529142065,21.8190521884532
77.75,-3.28724636321056,-5.364469518060501,21.41100208001945
77.76,-3.4932101296588742,-5.539969039180319,21.029998638977776
77.77,-3.697493164563219,-5.74068072185974,20.676721353896593
77.78,-3.902662316869523,-5.966757826162763,20.35212899953676
77.79,-4.111053267194099,-6.218322244647727,20.05745866236998
77.8,-4.324789141875137,-6.49545423357825,19.794229142584452
77.81,-4.545795791270563,-6.798170042240925,19.564247318417173
77.82000000000001,-4.775812903223904,-7.126387494749825,19.369615857272585
77.83,-5.016400192796236,-7.479879305823634,19.212740381811564
77.84,-5.268937951490318,-7.858213738432677,19.096333826027585
77.85000000000001,-5.534621266838049,-8.260682168890705,19.02341523271536
77.86,-5.814447252337711,-8.686213259294096,18.99729964676874
77.87,-6.109194677764552,-9.133273808066129,19.02157506074012
77.88,-6.419395484829843,-9.599757030723996,19.100061604868067
77.89,-6.745297842346226,-10.082860099674214,19.2367474106424
77.9,-7.0868206732924675,-10.57895433142391,19.43569492706252
77.91,-7.443500012842906,-11.083453526888679,19.70091110231553
77.92,-7.814428172683799,-11.59068868185534,20.03617500034098
77.93,-8.19818753011934,-12.093800549774313,20.444817414800934
77.94,-8.592781854777684,-12.584665189492762,20.929449247503786
77.95,-8.995569428393438,-13.053871309019437,21.491639233560843
77.96000000000001,-9.403203756070512,-13.490771317492332,22.131547367742716
77.97,-9.811589295826021,-13.883629631143174,22.84752828279002
77.98,-10.215861145211637,-14.21989079049262,23.635728663218483
77.99,-10.61039871835766,-14.486585035053626,24.489713799922114
78.0,-10.988883730580369,-14.670878962088269,25.400169111136105
78.01,-11.344411833729046,-14.760763110779704,26.354730569277862
78.02,-11.669664593743612,-14.745847167450906,27.33800052006506
78.03,-11.95714390393639,-14.618208966455654,28.33179924161254
78.04,-12.199464418765213,-14.373219410454317,29.31568536460686
78.05,-12.389691654476142,-14.010247320665183,30.267749403048146
78.06,-12.521705032926636,-13.533142171563107,31.16564647101271
78.07000000000001,-12.59055779364464,-12.950403745894297,31.987792505915053
78.08,-12.59280102979053,-12.274977978422715,32.71461149120885
78.09,-12.526738594384769,-11.523664962028638,33.32969869685612
78.10000000000001,-12.392584107979436,-10.716180532574578,33.82076437278418
78.11,-12.192500602851524,-9.873965675089474,34.18024648319553
78.12,-11.93051616738395,-9.018876283493777,34.40552649976087
78.13,-11.612323124540225,-8.17190073740532,34.49873969818983
78.14,-11.24498124669068,-7.352041434279203,34.46622832302962
78.15,-10.836555026793734,-6.575462662548407,34.31773045487485
78.16,-10.3957196944417,-5.854960060926912,34.065421501660516
78.17,-9.931370208030902,-5.19975751919937,33.722926855092126
78.18,-9.452262643572315,-4.615595606505695,33.30440687314842
78.19,-8.966709710780123,-4.105047688678107,32.82378603024604
78.2,-8.482343270631763,-3.667987625715893,32.29416485614389
78.21000000000001,-8.005948237807473,-3.302134414130256,31.727422943810623
78.22,-7.543365211600175,-3.0036102521707346,31.13399812028936
78.23,-7.099454142223868,-2.7674645830592044,30.522812422759582
78.24,-6.678108384303854,-2.588133676200798,29.901309250270376
78.25,-6.282307360439863,-2.4598204532944505,29.275566158867107
78.26,-5.914196324404881,-2.3767911026483617,28.65045199905783
78.27,-5.575182902960246,-2.3335931825807026,28.029803393724112
78.28,-5.266041781881794,-2.325204734289995,27.416602334397247
78.29,-4.98702075250548,-2.347126098472978,26.81314290517365
78.3,-4.737943120211967,-2.395426435641544,26.221180291473377
78.31,-4.518303059124013,-2.466756088631815,25.64205912754905
78.32000000000001,-4.327351814047887,-2.5583344490833735,25.076820947210685
78.33,-4.164173688199683,-2.6679212872376254,24.52629221272909
78.34,-4.02775153156558,-2.7937778231652026,23.991155334862174
78.35000000000001,-3.9170219940829667,-2.9346222943406,23.4720054825555
78.36,-3.830921170235598,-3.0895834694811466,22.969396001880433
78.37,-3.768421476536517,-3.258154483305927,22.483875066849354
78.38,-3.7285607060098975,-3.440148505341221,22.0160158762479
78.39,-3.710464223848478,-3.635657078864666,21.566442362180993
78.4,-3.713361229720075,-3.8450114400052393,21.135852031732043
78.41,-3.736595933079456,-4.068746719118703,20.725037246545522
78.42,-3.779634381943433,-4.307568607312995,20.334905965273432
78.43,-3.8420675626343592,-4.5623218151183575,19.96650272977728
78.44,-3.9236112545993724,-4.833959436923995,19.621030460277076
78.45,-4.024102984774757,-5.123512147389143,19.2998734254423
78.46000000000001,-4.1434962825202115,-5.432055982236067,19.004621555813944
78.47,-4.281852290130063,-5.760677287608719,18.7370960555993
78.48,-4.439328635914397,-6.110433256274651,18.499376019273384
78.49,-4.616165327311991,-6.482306307830968,18.29382545390797
78.5,-4.8126672714546235,-6.877150423490987,18.123119722112836
78.51,-5.029182882324662,-7.295627433205761,17.990269928899774
78.52,-5.266078091598334,-7.7381312054538585,17.898643153674637
78.53,-5.523704952238137,-8.20469775562837,17.85197565377949
78.54,-5.802363922402851,-8.694899535073247,17.854375224191756
78.55,-6.102258861143121,-9.207722680507992,17.910307790531064
78.56,-6.4234437836078,-9.741426909492786,18.024562068459158
78.57000000000001,-6.765760548800955,-10.293389182489467,18.202184815195714
78.58,-7.1287669347704075,-10.859934372449379,18.44837796736724
78.59,-7.511655052339414,-11.436159141130297,18.76834803404267
78.60000000000001,-7.913160824374955,-12.015759129065474,19.167097841227285
78.61,-8.331466378499975,-12.590874434330013,19.64915158450086
78.62,-8.764098719072177,-13.151974008390559,20.218206749170935
78.63,-9.20782997606816,-13.687805563148187,20.876711493948626
78.64,-9.658586825380475,-14.18544297421046,21.625374224426846
78.65,-10.11137918422013,-14.630466586586907,22.462623727433442
78.66,-10.560260710609558,-15.007311374567747,23.38405326935645
78.67,-10.998335509179764,-15.29981133092888,24.38189941967831
78.68,-11.41782612909081,-15.491953608938491,25.444623677820932
78.69,-11.810216685767616,-15.568831503736392,26.556678395757892
78.7,-12.166481025547693,-15.51775187241849,27.69854288432561
78.71000000000001,-12.47739881122542,-15.329413442885302,28.847105500114395
78.72,-12.733952297807509,-14.999034444532995,29.976438772500707
78.73,-12.92778424399939,-14.527280823761616,31.058966564203494
78.74,-13.051684629649824,-13.920840652686497,32.06695963433717
78.75,-13.100063147152992,-13.192514455912743,32.97422973359099
78.76,-13.069358600009497,-12.360747041959877,33.757838087922735
78.77,-12.958337666686205,-11.448606996118205,34.39960798119265
78.78,-12.768244932389273,-10.482309365361559,34.88724428824057
78.79,-12.502782722582753,-9.48945428587316,35.21491647849112
78.8,-12.167920267964728,-8.497199909080303,35.38324532699982
78.81,-11.771553038028305,-7.530590725780626,35.398727779316424
78.82000000000001,-11.323050533694946,-6.611223125673701,35.272716796754935
78.83,-10.832741316138874,-5.756361012065865,35.02012578906826
78.84,-10.311386283976546,-4.978534326693673,34.65804239032742
78.85000000000001,-9.769685870586121,-4.285581197059231,34.20441668639606
78.86,-9.217856080932485,-3.6810433434690535,33.676945480910895
78.87,-8.665294958986482,-3.1647995880730697,33.09222093668348
78.88,-8.120347863518736,-2.733821640231338,32.46516165467208
78.89,-7.590168811286213,-2.3829529802421145,31.808705328064956
78.9,-7.080667171044017,-2.1056373480828148,31.133717876007115
78.91,-6.5965243543046705,-1.8945507978805995,30.44906366839136
78.92,-6.1412634393334375,-1.7421155231963794,29.76178193027213
78.93,-5.7173551601537556,-1.6408921893283352,29.077321698347163
78.94,-5.326345600872685,-1.5838598082499389,28.399798176929536
78.95,-4.968993558202041,-1.5645989900295074,27.732244308301258
78.96000000000001,-4.645408340658266,-1.5773970000116353,27.076841165527494
78.97,-4.355181411584332,-1.6172928230863133,26.435118606471466
78.98,-4.097507561548506,-1.6800785715910072,25.80812332918111
78.99,-3.8712931377618967,-1.762270959870983,25.196555242292472
79.0,-3.6752502649211927,-1.8610637963325747,24.60087527985864
79.01,-3.5079770080008235,-1.97426985750652,24.021388854946615
79.02,-3.368024117066917,-2.100258274843661,23.458309429575138
79.03,-3.2539494249690253,-2.2378917348322123,22.911806479001488
79.04,-3.164361203448201,-2.386466350948408,22.38204166838648
79.05,-3.097951875193923,-2.545655963521487,21.86919649292381
79.06,-3.0535234717266304,-2.715461800928202,21.373494056389514
79.07000000000001,-3.030006152879817,-2.896167833271019,20.89521713395058
79.08,-3.026470987775275,-3.0883017147624603,20.434724210088984
79.09,-3.0421380571921968,-3.2926008986320157,19.99246480967278
79.10000000000001,-3.076380785247973,-3.5099832818957726,19.568995145842955
79.11,-3.1287272521799183,-3.7415215673847766,19.164994882155316
79.12,-3.1988590843385496,-3.9884203935152174,18.781285634597616
79.13,-3.2866083644307307,-4.251995159555974,18.418851706406326
79.14,-3.3919528549258544,-4.53365135041134,18.078863438981834
79.15,-3.515009679370425,-4.8348630279627045,17.762703458889927
79.16,-3.6560274582164247,-5.157148996244703,17.471995986031008
79.17,-3.815376745134283,-5.502044958421905,17.2086392216918
79.18,-3.9935384538885335,-5.8710697614255825,16.974840634539966
79.19,-4.191089802113644,-6.265683570798432,16.773154680816795
79.2,-4.408687124867459,-6.687235542441026,16.606522100188418
79.21000000000001,-4.647044727262583,-7.1368982786107065,16.478309383608288
79.22,-4.906908753920376,-7.615586106799462,16.392346271717006
79.23,-5.189024859611726,-8.123854057372943,16.352958166325617
79.24,-5.49409828241539,-8.661774423444443,16.364989079745786
79.25,-5.822744768839993,-9.228788086616206,16.43380917440611
79.26,-6.175430712268223,-9.823528553874265,16.565299051957567
79.27,-6.5524008899418575,-10.443618095934474,16.765800781046355
79.28,-6.9535923867645,-11.085437779557113,17.04202333570377
79.29,-7.3785337653375285,-11.743876856030159,17.400887913638417
79.3,-7.826229391049483,-12.412072210718843,17.849296965722093
79.31,-8.295030174199393,-13.081155614567871,18.393810389890355
79.32000000000001,-8.78249397323741,-13.740035348129016,19.0402142028488
79.33,-9.28524160918283,-14.375248975129033,19.792972346852444
79.34,-9.798817887105274,-14.970934539893001,20.6545625067056
79.35000000000001,-10.317571074220748,-15.508976235106731,21.624713145325142
79.36,-10.834568581735326,-15.969384518362737,22.699581984329885
79.37,-11.341570462345645,-16.330965628640836,23.870944998800685
79.38,-11.82908473548956,-16.572316929192976,25.125496489481772
79.39,-12.286528150972872,-16.673148801777398,26.444388749146643
79.4,-12.702511358584744,-16.6158801123298,27.803155029451617
79.41,-13.065257418789805,-16.387386926972162,29.17215099981114
79.42,-13.363146872917714,-15.980714500716841,30.517608089352134
79.43,-13.585362341058456,-15.396508656236,31.80331338448104
79.44,-13.722583792956526,-14.643905854335527,32.992822153308964
79.45,-13.767666837985432,-13.740659177499076,34.05199065749063
79.46000000000001,-13.71622591149695,-12.712375416094554,34.951519201193555
79.47,-13.56704652447205,-11.59088299191617,35.66915071108665
79.48,-13.32226757710501,-10.411909419919404,36.19120035817629
79.49,-12.98730408910993,-9.212378276149575,36.513197284575455
79.5,-12.570516841525153,-8.027701996622094,36.63957627919004
79.51,-12.08267047695353,-6.889430407607998,36.582523862518244
79.52,-11.536247990126927,-5.823523923730089,36.360216089035
79.53,-10.944702316491664,-4.84938492958774,35.994754353626575
79.54,-10.32172384113063,-3.979640174162882,35.510102972337826
79.55,-9.680588722198122,-3.220554859459951,34.93027213256502
79.56,-9.033631855663415,-2.5728942226282827,34.27789841792462
79.57000000000001,-8.391865483030458,-2.0330324802528907,33.57328030562513
79.58,-7.764744230416866,-1.5941311006664551,32.83384840908854
79.59,-7.160062358990763,-1.2472520966242384,32.07399973501538
79.60000000000001,-6.5839599893512615,-0.9823218288911462,31.305202206247653
79.61,-6.041011466345869,-0.7889056065683042,30.536274475378598
79.62,-5.534369547760258,-0.6567874534870182,29.773758664442582
79.63,-5.065942228531168,-0.5763714950228034,29.022322675999945
79.64,-4.636583417609418,-0.5389329880884622,28.285148615121358
79.65,-4.246283370460821,-0.5367507591131346,27.564281335559283
79.66,-3.894349112521358,-0.5631515343039838,26.860924725088903
79.67,-3.5795687410768084,-0.612492676044541,26.175682885747243
79.68,-3.300356359699129,-0.6801048458674689,25.50874935639206
79.69,-3.054876512673033,-0.7622111366477735,24.860050759946695
79.7,-2.841148449768785,-0.8558348033339567,24.229352546837116
79.71000000000001,-2.6571314923877787,-0.9587040885517089,23.61633454607409
79.72,-2.5007933164454927,-1.0691598034288041,23.020643362052855
79.73,-2.370163225326585,-1.1860691997862602,22.441927646405375
79.74,-2.263372546965614,-1.3087481330722923,21.87986117572693
79.75,-2.178684221012579,-1.436892438397464,21.33415762283663
79.76,-2.114513495504114,-1.5705187111576147,20.804579996011064
79.77,-2.0694414632036615,-1.7099142056804857,20.29094696584416
79.78,-2.042222960241127,-1.8555952671764155,19.79313770371173
79.79,-2.031790139936259,-2.0082735388282145,19.311096404891202
79.8,-2.037252832728023,-2.168829096147885,18.84483734217789
79.81,-2.0578966146487785,-2.338289624570115,18.39445106978177
79.82000000000001,-2.093179334457921,-2.5178147513176428,17.960112251125164
79.83,-2.1427266939696814,-2.7086846520725634,17.542089499272844
79.84,-2.2063273363998035,-2.912292063891873,17.140757579500328
79.85000000000001,-2.2839277718114137,-3.1301368375123237,16.75661231711585
79.86,-2.3756273543052253,-3.3638221455217114,16.390288569487314
79.87,-2.4816734192341916,-3.6150514193272203,16.042581650118958
79.88,-2.6024565866968943,-3.885625009035129,15.714472625927902
79.89,-2.7385061356918734,-4.177435437599627,15.407157937412235
79.9,-2.8904852469617768,-4.49245994474556,15.122083804262658
79.91,-3.059185796633219,-4.832748777618827,14.860985862067379
79.92,-3.2455222517406748,-5.200407374227816,14.625934410152327
79.93,-3.4505240667282115,-5.59757019379808,14.419385510456781
79.94,-3.6753258010142544,-6.026363469217098,14.244237927577709
79.95,-3.921153965905591,-6.488853590721083,14.103895493716614
79.96000000000001,-4.189309359800883,-6.986977187673705,14.002333857597437
79.97,-4.4811433612775255,-7.522448286033909,13.944169655007125
79.98,-4.798026322211912,-8.096637241957215,13.934728824374858
79.99,-5.14130584693564,-8.71041559137648,13.980108972671273
80.0,-5.512252380035636,-9.36396068201282,14.087228257577397
80.01,-5.9119891946421435,-10.056514230519486,14.26385008731843
80.02,-6.341403641551632,-10.786090155642688,14.518568995503859
80.03,-6.801036490797197,-11.549129704679846,14.860738381672405
80.04,-7.2909465224218835,-12.34010669275755,15.300315681915741
80.05,-7.810548409709041,-13.151093409083938,15.847595550552054
80.06,-8.358423651326884,-13.971309218811287,16.5127979038182
80.07000000000001,-8.932107157474555,-14.786689689790922,17.305476994550133
80.08,-9.527856387903682,-15.57953415678465,18.233722649855164
80.09,-10.140415897198611,-16.32831271108354,19.30313874672155
80.10000000000001,-10.762797749839951,-17.00773634708774,20.51561055560202
80.11,-11.386107063902289,-17.589210284800433,21.867914627657168
80.12,-11.999450776169006,-18.041791069461155,23.350282723179763
80.13,-12.58997454563681,-18.33374136395983,24.94510003087662
80.14,-13.143074564165211,-18.434711281707187,26.625985046554327
80.15,-13.642824407007806,-18.31846618947401,28.35754251654193
80.16,-14.072638785632968,-17.965935309722145,30.096073881686323
80.17,-14.416164872116733,-17.36819914971656,31.791445209782133
80.18,-14.658350031604886,-16.528912322052282,33.39013899298484
80.19,-14.786589336543905,-15.465627292267897,34.83927109559869
80.2,-14.791818446338798,-14.209588630421324,36.09109196860804
80.21000000000001,-14.669400188359822,-12.803813950849994,37.10729400323218
80.22,-14.419666248982416,-11.299619884027221,37.862395725988264
80.23,-14.048020647993534,-9.752093792860814,38.34561058616605
80.24,-13.56458069220222,-8.215244569192894,38.56090906290389
80.25,-12.983407017628068,-6.737611543762483,38.52535945049328
80.26,-12.32143765379476,-5.358960084649517,38.26616797072496
80.27,-11.597276798270395,-4.108406829348416,37.81703704156954
80.28,-10.829991644067313,-3.0039967519776725,37.21448401711599
80.29,-10.038044726924781,-2.0534926193183445,36.49463789226176
80.3,-9.2384462089617,-1.2559893534155302,35.69082555014762
80.31,-8.446163367344262,-0.6039371562862921,34.83204572194429
80.32000000000001,-7.673783803378862,-0.08521784494725726,33.94226107808558
80.33,-6.9314003125703865,0.3149753206430839,33.04033937084826
80.34,-6.226670121857652,0.6125922020774506,32.14043990359074
80.35000000000001,-5.564997272719981,0.8235598492157247,31.252653901361
80.36,-4.949790824967926,0.9629775593217003,30.383745293224987
80.37,-4.382759727520449,1.0446192205102904,29.53788432686797
80.38,-3.86421481735913,1.0806761389722703,28.717308936373964
80.39,-3.3933575992734104,1.0816748315892393,27.92288239960962
80.4,-2.968543238108298,1.056513183594265,27.154539293421045
80.41,-2.5875112192427023,1.0125700928918686,26.411626202513506
80.42,-2.2475814577602584,0.9558553126496838,25.69315114245709
80.43,-1.945816516885491,0.8911761997626129,24.997958387843557
80.44,-1.6791523505725197,0.8223059875029117,24.32484518550076
80.45,-1.4445009195465472,0.7521440821037486,23.67263504341116
80.46000000000001,-1.238828402081202,0.6828630417531693,23.040219838084234
80.47,-1.0592127296769944,0.6160397096604953,22.42658044044365
80.48,-0.9028839686791014,0.5527697945832447,21.83079323059864
80.49,-0.7672507421393098,0.4937663150460148,21.252027893542706
80.5,-0.6499155082424408,0.43944297104275665,20.68954029591482
80.51,-0.5486811242142299,0.3899838411952318,20.142663016424805
80.52,-0.46155075273471363,0.3454009368059379,19.610795190347158
80.53,-0.3867228251980882,0.3055811530697902,19.09339267388733
80.54,-0.32258246916891836,0.2703240921162464,18.589959081016318
80.55,-0.26769053807959126,0.2393721251472862,18.100037943921283
80.56,-0.22077114890116464,0.2124339326310163,17.623206057354732
80.57000000000001,-0.18069843597639573,0.18920262559361206,17.159067954250602
80.58,-0.14648306340980727,0.1693694158765802,16.707251400098258
80.59,-0.11725890100336823,0.15263367394759275,16.267403768322794
80.60000000000001,-0.09227015628336008,0.1387100925364331,15.839189155141963
80.61,-0.07085916436566722,0.12733356469014015,15.422286100933539
80.62,-0.05245496513884637,0.11826228654450346,15.016385799955241
80.63,-0.03656274065128849,0.1112795082960719,14.621190697411716
80.64,-0.02275414209923232,0.10619428119946724,14.236413390002589
80.65,-0.010658503146035964,0.10284148329026357,13.861775761906271
80.66,4.508753491870403e-05,0.10108135114368332,13.497008302039333
80.67,0.009634898334451612,0.10079869842219197,13.14184956019502
80.68,0.01835290633915946,0.10190196329805615,12.796045709374495
80.69,0.026410450167714303,0.10432219512116167,12.459350189482466
80.7,0.03399324900954038,0.10801206503504819,12.131523413824802
80.71000000000001,0.04126585371058032,0.11294496478055835,11.812332524791683
80.72,0.04837559479013481,0.11911424189416153,11.501551188993432
80.73,0.05545609006379647,0.12653260721383605,11.198959425168612
80.74,0.06263037153460788,0.13523174143828154,10.904343460605533
80.75,0.07001368774555337,0.14526212091482532,10.617495613778399
80.76,0.07771603412933524,0.1566930784042657,10.338214202541144
80.77,0.08584446024893168,0.16961311190509565,10.066303478666015
80.78,0.09450519934507445,0.18413045339807843,9.801573590863857
80.79,0.10380566240329317,0.20037390933604077,9.543840579771194
80.8,0.11385633609985352,0.21849398564506206,9.292926409821076
80.81,0.124772621534211,0.23866431175818884,9.04865904451482
80.82000000000001,0.1366766486383421,0.2610833806452492,8.810872573467911
80.83,0.14969909958977604,0.2859766248376174,8.579407401812093
80.84,0.16398107345504898,0.31359885200586407,8.354110515207227
80.85000000000001,0.17967602365687932,0.3442370676821656,8.134835836981255
80.86,0.19695179969063284,0.37821371719368463,7.921444697930816
80.87,0.2159928248099185,0.41589038376219223,7.7138064442697365
80.88,0.2370024421518093,0.4576719850057223,7.511799215341927
80.89,0.2602054629717508,0.5040115157218232,7.315310930308217
80.9,0.28585095229665786,0.5554153907967225,7.124240532430539
80.91,0.31421528936775805,0.6124494483023754,6.938499551253857
80.92,0.3456055427111848,0.6757456792045132,6.758014057473229
80.93,0.38036320251171446,0.7460097564376796,6.582727103246609
80.94,0.4188683161235318,0.8240294421449853,6.412601763008055
80.95,0.4615440759554391,0.9106839572374975,6.247624917478661
80.96000000000001,0.5088619125017779,1.0069544015222416,6.087811957825597
80.97,0.561347148783765,1.113935314639853,5.933212629326048
80.98,0.6195852756679658,1.232847466739904,5.783918286329074
80.99,0.6842289100744531,1.3650519614936363,5.640070895040993
81.0,0.7560054994517738,1.5120657202863288,5.501874200400894
81.01,0.8357258353297996,1.6755783918580134,5.369607571266993
81.02,0.9242934352030643,1.8574706915445387,5.243643158023834
81.03,1.022714843951298,2.0598341120450323,5.124467142761605
81.04,1.1321108913776816,2.2849918542291716,5.012706038975789
81.05,1.2537289183245288,2.5355206894110083,4.909159210020241
81.06,1.3889559461737182,2.814273266670934,4.814839027672679
81.07000000000001,1.5393327077934256,3.1244000969784267,4.731020387197503
81.08,1.706568374536151,3.4693700487257297,4.659301633420919
81.09,1.892555693363646,3.8529876349733936,4.601679328347358
81.10000000000001,2.0993860765907977,4.279404606020695,4.560639689986001
81.11,2.3293639454278696,4.7531223102232305,4.539269923591356
81.12,2.585019292835838,5.27897986049268,4.5413929939017885
81.13,2.8691169692797094,5.862121232294668,4.571729553079639
81.14,3.1846605663675005,6.507931891452788,4.636090584769378
81.15,3.5348879286375094,7.2219322679119085,4.741603598457594
81.16,3.92325420536947,8.009611230318784,4.8969735251511075
81.17,4.353396900825297,8.876177613440575,5.11277625474679
81.18,4.82907553763511,9.82620189471107,5.401777201950412
81.19,5.354076285874271,10.863113701246986,5.77925827753837
81.2,5.932069266005265,11.988514902988825,6.263322747005638
81.21000000000001,6.566403371904597,13.201264491957849,6.875127021523986
81.22,7.259820774225211,14.496293595192462,7.638959861640297
81.23,8.014071522938869,15.863122223790144,8.58205197820854
81.24,8.829409203780516,17.284081727351687,9.733953943596733
81.25,9.703953513347773,18.732308982612928,11.125273529484213
81.26,10.632917879654203,20.169681755273572,12.785528805193817
81.27,11.607723561876634,21.545017722014112,14.7398761121258
81.28,12.615059633532518,22.793058068985,17.004552193646283
81.29,13.636002570481919,23.834968816718053,19.58107796676629
81.3,14.645376301723248,24.5812425737076,22.44965277389382
81.31,15.611600417171392,24.937839217832867,25.56272550951868
81.32000000000001,16.497314380124546,24.816000097664066,28.84036854654169
81.33,17.2610404856072,24.145281023851037,32.169560372007794
81.34,17.860018378230144,22.888025047277928,35.40942639897216
81.35000000000001,18.254092731790152,21.05210372946768,38.40352577156406
81.36,18.410199818712123,18.697985767155327,40.99832962098422
81.37,18.306682862242884,15.93678613949448,43.06461434101486
81.38,17.936517091548925,12.918176540110611,44.51666230011483
81.39,17.308659462006133,9.810258960333451,45.324057498863496
81.4,16.447157396579062,6.776295547957994,45.51289201009575
81.41,15.388215408103848,3.954145217043314,45.15658090641346
81.42,14.17590838698862,1.4429351635581282,44.35963344932522
81.43,12.857466272622556,-0.7013069864525332,43.23926024344052
81.44,11.478988599793118,-2.4621757898040704,41.90923878718553
81.45,10.082164630051953,-3.854416813522925,40.46867865603303
81.46000000000001,8.702223129677229,-4.913629457468718,38.99629362082516
81.47,7.367041763650365,-5.686603524882924,37.54930727446244
81.48,6.0971705989057545,-6.2236601566393555,36.16545808968913
81.49,4.906466135474666,-6.573398943782775,34.86657605111426
81.5,3.803056103255538,-6.779627221026227,33.66256528664032
81.51,2.790419212008983,-6.879965514709258,32.55507530634636
81.52,1.8684361632400266,-6.905581857113975,31.54052223596838
81.53,1.0343305305700452,-6.881591930519196,30.61237831871676
81.54,0.2834639794844076,-6.827786935295971,29.762791152222555
81.55,-0.3900200156169962,-6.759469242780687,28.983655029019214
81.56,-0.992693005261166,-6.688268182169427,28.267267874310754
81.57000000000001,-1.5314601879952066,-6.62287204773355,27.60669336904304
81.58,-2.0132798549352673,-6.569652242871441,26.99592463334206
81.59,-2.444963592256258,-6.533177973545248,26.42992189474659
81.60000000000001,-2.833039545349102,-6.5166310343667435,25.904575749414285
81.61,-3.183663889026659,-6.522134528495893,25.416631133602984
81.62,-3.502568426713953,-6.5510099141837115,24.96359482121328
81.63,-3.795034708758047,-6.603975510452145,24.543640483157752
81.64,-4.0658871325529775,-6.681297644440982,24.155519299980288
81.65,-4.319499169167438,-6.782903580489728,23.798480092713067
81.66,-4.559808196427491,-6.908463516856285,23.47220034242803
81.67,-4.790335463890733,-7.057447373860954,23.176727857445268
81.68,-5.014208527355938,-7.229160840639523,22.912431888901523
81.69,-5.234184119677753,-7.422764170500976,22.67996195545871
81.7,-5.4526699129060745,-7.637276479206414,22.48021235365199
81.71000000000001,-5.671744008750236,-7.871567770399165,22.314290192668032
81.72,-5.893171298325352,-8.124340559792696,22.18348473166731
81.73,-6.118416081397352,-8.394102775620686,22.089235774013947
81.74,-6.348650549619652,-8.679133566566344,22.033098868417042
81.75,-6.584758934678473,-8.977443745179706,22.016705082646475
81.76,-6.827337316049557,-9.286732832732598,22.041713167285433
81.77,-7.076689287776311,-9.604345047431867,22.10975204488414
81.78,-7.332817911028772,-9.927227082689248,22.22235178630032
81.79,-7.5954146383915715,-10.251891134511583,22.380861623835404
81.8,-7.863846192309637,-10.574387317072334,22.586354159776135
81.81,-8.13714071383036,-10.890290287402888,22.83951581953867
81.82000000000001,-8.413974860897902,-11.194705486085644,23.140524821835356
81.83,-8.692663909878972,-11.482300757378788,23.4889195213645
81.84,-8.971157268969616,-11.747369072048803,23.883461906955404
81.85000000000001,-9.247042102639496,-11.983927448713995,24.322003229763666
81.86,-9.517557933179562,-12.185855763404373,24.80136102588554
81.87,-9.779625058422045,-12.347076797259888,25.31721891868555
81.88,-10.029889329181723,-12.46177553061085,25.864062170526516
81.89,-10.264785198493886,-12.524651425540597,26.43516255770682
81.9,-10.480617942986218,-12.531192526536104,27.022625303621833
81.91,-10.673664562280122,-12.477955161714108,27.617508133925778
81.92,-10.840291142741602,-12.362828579433794,28.210017815672263
81.93,-10.97708255715054,-12.185260888408639,28.789782925818784
81.94,-11.080978464902783,-11.94642206689569,29.34619358341946
81.95,-11.149407937920307,-11.649282250518839,29.868790416024062
81.96000000000001,-11.18041394681093,-11.29858926211673,30.34767738584499
81.97,-11.172758652009845,-10.900738084228696,30.77392766741103
81.98,-11.126001121238167,-10.46353572389551,31.139949761575743
81.99,-11.040540767467402,-9.995876171300655,31.439783175915185
82.0,-10.917622338534969,-9.507350133358782,31.669299295557717
82.01,-10.759301404423276,-9.007821268324708,31.826292706118238
82.02,-10.568372585102562,-8.50700359114622,31.910459736429782
82.03,-10.348265807190538,-8.014073162571231,31.923272531468267
82.04,-10.10291828235188,-7.537341563611301,31.867766764624974
82.05,-9.836631390669677,-7.0840101433242895,31.748267805489352
82.06,-9.553922112557384,-6.660014169081984,31.570083107967722
82.07000000000001,-9.259378131364791,-6.269956398866086,31.339187846527775
82.08,-8.957524409270574,-5.917121541635702,31.06192709377276
82.09,-8.652707189132325,-5.603557390551269,30.744752160727362
82.10000000000001,-8.34899928816684,-5.330205376139831,30.39400226733111
82.11,-8.05012849334352,-5.097062693983025,30.015736489955316
82.12,-7.75942904987209,-4.90335949965489,29.615615674226078
82.13,-7.4798147830161374,-4.747737276115672,29.198830099200674
82.14,-7.213771364099766,-4.6284177174247505,28.77006622345786
82.15,-6.963364616260937,-4.543354798377139,28.333504700123857
82.16,-6.73026150332797,-4.49036573000739,27.892841749600642
82.17,-6.515760481544463,-4.467239013694728,27.451326611461234
82.18,-6.320828136924093,-4.471819715581482,27.011808860680972
82.19,-6.146139403622855,-4.50207340062563,26.5767906192779
82.2,-5.992119095454118,-4.556130964843095,26.148479939659097
82.21000000000001,-5.8589829328914185,-4.632316986583053,25.728842762654715
82.22,-5.746776675825947,-4.7291642896211235,25.31965179852486
82.23,-5.655412355376167,-4.845417269795933,24.922531421609605
82.24,-5.58470092424466,-4.980026263757385,24.538998214791516
82.25,-5.534380910484046,-5.132134895566201,24.170497170434878
82.26,-5.504142865537192,-5.301061969474087,23.818433778787035
82.27,-5.493649548945856,-5.486279115741328,23.484202342675946
82.28,-5.502551895933615,-5.687385060082352,23.169210875611363
82.29,-5.530500877699452,-5.9040770875290125,22.87490289135178
82.3,-5.577155395327602,-6.136120014259449,22.60277629370458
82.31,-5.642186354048563,-6.383312769527096,22.354399437950466
82.32000000000001,-5.725277052051593,-6.645452526540369,22.13142426788237
82.33,-5.826119993603589,-6.922296208751069,21.935596240054608
82.34,-5.94441020604185,-7.213519140810417,21.7687605327239
82.35000000000001,-6.0798351103771,-7.518670618055803,21.632863804063156
82.36,-6.2320609720463755,-7.837126244177078,21.529950516717165
82.37,-6.400715948505919,-8.168037045916126,21.46215259084526
82.38,-6.585369761214715,-8.510275630968177,21.43167089769331
82.39,-6.7855100592674376,-8.86238002671286,21.44074687994293
82.4,-7.000515619365616,-9.222496338299289,21.491622412656785
82.41,-7.229626651286071,-9.588322006101157,21.586485940343525
82.42,-7.471912658613727,-9.957052226655948,21.727402995466793
82.43,-7.726238548962945,-10.325333013921366,21.916229488808863
82.44,-7.991230000747356,-10.689225380420648,22.15450674037416
82.45,-8.265239473612196,-11.044186137586857,22.443338173122363
82.46000000000001,-8.546314686857128,-11.385071734339792,22.78324899517513
82.47,-8.832171861890199,-11.706172204819234,23.17403209721895
82.48,-9.120176491985438,-12.001282461445102,23.614585786315875
82.49,-9.407334807209809,-12.263817589729388,24.102751777189958
82.5,-9.690299366290644,-12.48697720714126,24.635164862974438
82.51,-9.965392235543813,-12.663961109125289,25.20712854360815
82.52,-10.228648904661572,-12.788234220303108,25.812533108882384
82.53,-10.475885344143975,-12.85383337295492,26.443833644193877
82.54,-10.702789362638025,-12.855702002582568,27.092104499500234
82.55,-10.905035663626723,-12.790032169782071,27.747183374837952
82.56,-11.07842180158456,-12.654587400679095,28.397912030704084
82.57000000000001,-11.219019771000227,-12.44897591567844,29.032471874928333
82.58,-11.323335503715711,-12.17484312534349,29.638802036759007
82.59,-11.388466456818719,-11.835955756668199,30.205076347238684
82.60000000000001,-11.412246129373198,-11.438157961180561,30.72020570187581
82.61,-11.393364090430861,-10.98919171536913,31.1743255336998
82.62,-11.331451143747534,-10.498388296291761,31.559226219271064
82.63,-11.227121610224392,-9.97625240649797,31.868688065079432
82.64,-11.081968162023312,-9.433973132419851,32.09869188142064
82.65,-10.89850876815391,-8.882904116882717,32.247489706070624
82.66,-10.680089549374815,-8.334057692602757,32.31553576242251
82.67,-10.430751102930591,-7.797654004275754,32.30529261817156
82.68,-10.155068647832364,-7.282757280605994,32.22093937506365
82.69,-9.857977845818752,-6.797019252156084,32.0680159477656
82.7,-9.544598288510116,-6.346536507874698,31.853039502690102
82.71000000000001,-9.22006554532286,-5.935816478000503,31.58312637898772
82.72,-8.889380643175905,-5.567837307192343,31.265646526497196
82.73,-8.557283287099322,-5.244180955618856,30.907929264517893
82.74,-8.228152422876192,-4.965216494848727,30.51703056184466
82.75,-7.905935219234823,-4.730311223298382,30.099564314353763
82.76,-7.59410343868284,-4.538050055643935,29.661594037262237
82.77,-7.295634594351348,-4.38644770179643,29.20857730779718
82.78,-7.013014279509572,-4.273142606778446,28.74535312068165
82.79,-6.748255558593032,-4.195565843625874,28.276161736021095
82.8,-6.502931231667826,-4.151081744497716,27.804687175768322
82.81,-6.278215018239297,-4.137099840700717,27.33411382253975
82.82000000000001,-6.0749281428389885,-4.151159642085993,26.86719021521408
82.83,-5.893588349550511,-4.1909910055124,26.40629483368195
82.84,-5.734458951199473,-4.2545534582679725,25.953500231150514
82.85000000000001,-5.59759607805149,-4.340058006887922,25.510633201747233
82.86,-5.482892796366667,-4.445974815632803,25.079329723668174
82.87,-5.390119200490245,-4.571029799869556,24.66108419747168
82.88,-5.318957936438573,-4.714192738497613,24.257293034699202
82.89,-5.269034891307044,-4.874659031291095,23.869292984910388
82.9,-5.239944987395019,-5.051826754617018,23.49839476269082
82.91,-5.231273161478774,-5.24527022851252,23.145912589780583
82.92,-5.242610697956832,-5.45471091347977,22.813190234075183
82.93,-5.273567129408557,-5.679986112505026,22.501624032114083
82.94,-5.323777928598299,-5.921015664000825,22.212683242640264
82.95,-5.392908200407781,-6.17776657381792,21.947927907266553
82.96000000000001,-5.480652547990938,-6.4502153482771165,21.709024196413854
82.97,-5.586731241285853,-6.738307655796571,21.497756996913065
82.98,-5.710882764078225,-7.041914865098408,21.3160392521175
82.99,-5.852852764130066,-7.360786989499431,21.165917295457454
83.0,-6.0123793857236025,-7.694501619765758,21.04957112446626
83.01,-6.18917493218003,-8.04240856715557,20.969308247746344
83.02,-6.382903795311569,-8.403570182619218,20.927549410717237
83.03,-6.59315660841942,-8.77669769029815,20.926804183893562
83.04,-6.819420639825095,-9.1600843979424,20.969634107622962
83.05,-7.0610465567834355,-9.55153734674955,21.058600871912112
83.06,-7.3172118675460265,-9.948309854871061,21.196196929035786
83.07000000000001,-7.586881604640277,-10.347038494424597,21.384756069582252
83.08,-7.868767155314755,-10.743689298115301,21.626341938316717
83.09,-8.161284580858904,-11.133519356745364,21.922613338437323
83.10000000000001,-8.46251429156483,-11.511061327610763,22.274666588870794
83.11,-8.770164541072965,-11.870139542984523,22.68285726022962
83.12,-9.081541835916285,-12.20392712818431,23.146606374565554
83.13,-9.393531961633187,-12.505053477957198,23.6641995764457
83.14,-9.702595815845122,-12.765770217290704,24.232591693924018
83.15,-10.004784493174622,-12.978181012089864,24.84723314726962
83.16,-10.295777947857331,-13.134536012424645,25.501938254045204
83.17,-10.57095092379668,-13.227585233259962,26.188817837291772
83.18,-10.825468567387784,-13.250977076099998,26.89829875053699
83.19,-11.054412163279737,-13.199679198838393,27.619250089397582
83.2,-11.2529327945605,-13.070390279813068,28.339229316786472
83.21000000000001,-11.416427598784308,-12.861904542524227,29.04485116950578
83.22,-11.540729993154445,-12.575388026310113,29.7222687027322
83.23,-11.622302233708824,-12.214528085516667,30.35774073587601
83.24,-11.658416487657728,-11.785526326918575,30.938245659784958
83.25,-11.647309744906623,-11.296919838693908,31.452090836925287
83.26,-11.588298739583127,-10.75923443728571,31.889462245301914
83.27,-11.481843703549936,-10.184493861807473,32.24286222553446
83.28,-11.329554016380662,-9.585626828420187,32.50739432539058
83.29,-11.134134119603136,-8.975826256279024,32.68087172189636
83.3,-10.899273672008505,-8.367919483894967,32.76374653268002
83.31,-10.629491011678338,-7.7738042601776725,32.75887778602193
83.32000000000001,-10.3299428376721,-7.203993858384451,32.67117239548634
83.33,-10.006215158880758,-6.667298378864231,32.50714371633197
83.34,-9.664110835703568,-6.170651414830898,32.27443520776157
83.35000000000001,-9.309447639073197,-5.7190748457579685,31.981352988495516
83.36,-8.947878090430306,-5.31576188052575,31.63644240806734
83.37,-8.584738968695184,-4.962250744020386,31.24813246744973
83.38,-8.224934821223588,-4.658658613421939,30.824460260108197
83.39,-7.872856547385185,-4.4039467478080425,30.372877322775704
83.4,-7.532333442269954,-4.1961919487010135,29.900131936741523
83.41,-7.206615144264134,-4.03284519096475,29.41221636552454
83.42,-6.898378738805996,-3.9109643116524055,28.91436557406931
83.43,-6.609755749686634,-3.8274132031288084,28.41109363938654
83.44,-6.342373762288955,-3.7790245404346954,27.90625519445893
83.45,-6.097407815520002,-3.7627264960000417,27.40312122782501
83.46000000000001,-5.875637324459891,-3.7756361876525633,26.904460880581333
83.47,-5.677505031136618,-3.8151239263735177,26.412623173793794
83.48,-5.503175233418208,-3.878852891282464,25.929614635612584
83.49,-5.352589248475139,-3.9647988776562895,25.45717046757387
83.5,-5.2255166898579315,-4.07125443033795,24.996818166328467
83.51,-5.121601658143195,-4.196821141726598,24.54993342618435
83.52,-5.040403360694047,-4.340393272026391,24.117788743226587
83.53,-4.981430991868212,-4.501135214730877,23.701595487096103
83.54,-4.944172931665074,-4.678454728601251,23.30254036371046
83.55,-4.928120471292128,-4.871973313439644,22.92181721503549
83.56,-4.932786361782138,-5.081494630945795,22.56065503327946
83.57000000000001,-4.957718519157033,-5.306971464956147,22.220342938117888
83.58,-5.0025092179064305,-5.548471373536215,21.902252698014834
83.59,-5.066800073375043,-5.8061409029498545,21.607859182955053
83.60000000000001,-5.15028306121056,-6.080168004923013,21.338758921626
83.61,-5.252697755259567,-6.370742120119219,21.09668670184019
83.62,-5.373824890281317,-6.678011261614736,20.883529895824456
83.63,-5.513476278183862,-7.002035355661312,20.70133990705501
83.64,-5.671481031785991,-7.342735081288222,20.552339817405723
83.65,-5.847667984491755,-7.699835509117965,20.43892695882543
83.66,-6.041844144882188,-8.072803993216384,20.363668742613434
83.67,-6.253769000775259,-8.460782044437465,20.329289658187797
83.68,-6.483124498475065,-8.86251134215415,20.338646918677092
83.69,-6.7294805827334,-9.276254660415951,20.394691813765142
83.7,-6.9922563067388515,-9.699713332071761,20.50041348143783
83.71000000000001,-7.270676726495527,-10.129943982155947,20.658761604626523
83.72,-7.563726098244849,-10.563278645906035,20.872544580023096
83.73,-7.87009831758302,-10.995254032691367,21.14430012875682
83.74,-8.188146085911418,-11.420557540547266,21.476136282981873
83.75,-8.51583096457461,-11.832999529738698,21.869542363369526
83.76,-8.850677262625924,-12.225523094341137,22.325172122582405
83.77,-9.189733557716467,-12.590263780858503,22.842604776678442
83.78,-9.52954649358175,-12.918671929442652,23.420094171712204
83.79,-9.866152213145819,-13.201709005481217,24.054321636664632
83.8,-10.195091211852178,-13.430125880213174,24.74017368704469
83.81,-10.511452335475564,-13.594825052192416,25.470570871489343
83.82000000000001,-10.809950892066434,-13.687300111074554,26.23637757712352
83.83,-11.085044217136565,-13.700134666079952,27.02642318233145
83.84,-11.3310854242022,-13.627530514682851,27.82766122292305
83.85000000000001,-11.542512532689804,-13.46582279938649,28.625484234535637
83.86,-11.714065934391794,-13.213930723573581,29.404197464022925
83.87,-11.841022705489765,-12.873688760000654,30.147635716361226
83.88,-11.919432259424404,-12.450007487144504,30.839886618377726
83.89,-11.946335037453785,-11.950826361814652,31.46606413089558
83.9,-11.91994506911722,-11.38684217800373,32.01306236971401
83.91,-11.839778787122569,-10.771023865753742,32.47021537056441
83.92,-11.706716530409663,-10.117952094270594,32.829795422492694
83.93,-11.522989307604748,-9.443045544739933,33.08730064381272
83.94,-11.292090764486042,-8.761750008210019,33.24150864258265
83.95,-11.018621765370739,-8.088768860297574,33.2943024969914
83.96000000000001,-10.70808139191853,-7.4374038700567295,33.250302337906355
83.97,-10.36662254896749,-6.819056247805737,33.11635573393654
83.98,-10.000792236719258,-6.242913657379793,32.900950035448
83.99,-9.61727588958244,-5.715824472215023,32.61360942854124
84.0,-9.22266241960295,-5.242339987026824,32.26433045248956
84.01,-8.823242445528242,-4.824891206839821,31.863095273616256
84.02,-8.42484743882269,-4.464060026367715,31.4194855757373
84.03,-8.032732899668133,-4.158904359897219,30.94240452534691
84.04,-7.651504724035806,-3.907301398675616,30.439901914807834
84.05,-7.2850849399518935,-3.7062806366679797,29.919089189926606
84.06,-6.936711063151834,-3.5523267561681053,29.38612660626508
84.07000000000001,-6.608962370748334,-3.4416404957432505,28.84626359051874
84.08,-6.303806237558712,-3.3703523723629494,28.303914582736795
84.09,-6.02265810410426,-3.3346892263503487,27.76275525425367
84.10000000000001,-5.766449433059997,-3.331096995184042,27.22582723106262
84.11,-5.535698978754917,-3.3563251150380315,26.69564271505956
84.12,-5.330583702407436,-3.4074788117823824,26.17428331809928
84.13,-5.151006618735735,-3.482045603458638,25.663489822925648
84.14,-4.996659700703658,-3.577901883540367,25.16474141217008
84.15,-4.867080671869957,-3.693304717824237,24.67932419834231
84.16,-4.761703074766051,-3.826873133215432,24.20838972526616
84.17,-4.679899427068723,-3.9775623133828786,23.753004591461195
84.18,-4.621017580580293,-4.144633309177981,23.314192562387326
84.19,-4.584410599747248,-4.327620153465807,22.892970572326323
84.2,-4.569460595423286,-4.526295651624202,22.490379932308993
84.21000000000001,-4.575597003161652,-4.740636598202585,22.10751390525011
84.22,-4.602309798604243,-4.970788737744947,21.745542615405814
84.23,-4.649158108124826,-5.21703143128184,21.40573604580328
84.24,-4.715774610989967,-5.47974169702987,21.08948565377994
84.25,-4.801866048043979,-5.75935705359344,20.798324903002616
84.26,-4.907210057752854,-6.056336398508467,20.533948766581414
84.27,-5.031648458615513,-6.371118000200648,20.29823199257367
84.28,-5.175076992058389,-6.704073567972987,20.0932456303029
84.29,-5.337431436449531,-7.055457298785025,19.92127098245789
84.3,-5.518669905769945,-7.42534879438316,19.784809763312296
84.31,-5.718751061873145,-7.813588818736805,19.686588799443275
84.32000000000001,-5.937607905099219,-8.21970705368178,19.62955710292781
84.33,-6.175116774799272,-8.642841349863204,19.616872583835487
84.34,-6.431061202829853,-9.081648509793215,19.651875068401797
84.35000000000001,-6.70509033683579,-9.53420743715439,19.738041691350062
84.36,-6.996671807658961,-9.997916601586756,19.878920203382993
84.37,-7.305039181490775,-10.469389255529471,20.07803538253249
84.38,-7.629134539378151,-10.944351733077385,20.33876370989502
84.39,-7.967547290135756,-11.417552451182367,20.66417196386459
84.4,-8.318451066760561,-11.882691838450704,21.056816644493576
84.41,-8.67954148553102,-12.332386143185701,21.518503429800624
84.42,-9.04797863979237,-12.758180577253087,22.05000944441728
84.43,-9.420339396492198,-13.150629012217188,22.650776162624034
84.44,-9.792585749168415,-13.499457749709373,23.31858726680037
84.45,-10.160056478496555,-13.793828888525425,24.04925342743216
84.46000000000001,-10.517489936494751,-14.022713634595522,24.836334016775744
84.47,-10.859085606413457,-14.175376868154562,25.670932945707097
84.48,-11.17861088563558,-14.241961214915214,26.541610341056096
84.49,-11.469557032804845,-14.21414243170408,27.434451552688536
84.5,-11.72534429373836,-14.085809915833064,28.33332797850784
84.51,-11.939570996806472,-13.8537096005563,29.220369124389514
84.52,-12.106295334893584,-13.517975343571715,30.076642330905553
84.53,-12.22033242258318,-13.082473239881129,30.883007905591644
84.54,-12.277544102955703,-12.554894164162507,31.621087401666127
84.55,-12.27509603597354,-11.946554042769073,32.27425751082572
84.56,-12.211656799788244,-11.271896434335078,32.82856779858115
84.57000000000001,-12.087517561729573,-10.547732270871302,33.27348205786999
84.58,-11.904618106266973,-9.792289221123262,33.60236186239001
84.59,-11.666474670378337,-9.024170089959911,33.81264426503202
84.60000000000001,-11.378015580385693,-8.26133015235942,33.90570706289756
84.61,-11.045340332022615,-7.520175460610023,33.88645616098521
84.62,-10.67542493673476,-6.81486049308253,33.76270221155107
84.63,-10.275800071773558,-6.156830027912982,33.544412366781984
84.64,-9.854228575348198,-5.554614331152327,33.24292593764393
84.65,-9.418405598587697,-5.01385550517898,32.87021198806075
84.66,-8.975699248475834,-4.537520759296613,32.43822694184581
84.67,-8.532943022014036,-4.1262471696054055,31.958406570928357
84.68,-8.096284854825758,-3.778761346075186,31.441304104896673
84.69,-7.671092025125348,-3.492323804897517,30.896367968862503
84.7,-7.2619069471082796,-3.263158613253366,30.33184034867515
84.71000000000001,-6.872446198176126,-3.0868411218278196,29.754751400518487
84.72,-6.505633836212408,-2.9586281481867913,29.170982461814816
84.73,-6.163659906718859,-2.8737245224105874,28.585373627667135
84.74,-5.848055686665241,-2.827486939570533,28.001855063394622
84.75,-5.5597783454787715,-2.815570631389399,27.423586210612758
84.76,-5.299299059273155,-2.8340268489078886,26.85309174874248
84.77,-5.066689996458707,-2.879360047024723,26.29238728207191
84.78,-4.861706873172712,-2.9485534853357938,25.743091003960707
84.79,-4.683864884361998,-3.039071136800359,25.206520011460757
84.8,-4.5325067223750155,-3.1488426523833595,24.683771590293482
84.81,-4.406862099858678,-3.2762368906029016,24.175790801993106
84.82000000000001,-4.306098714966763,-3.42002832544053,23.683426235379486
84.83,-4.229364960097776,-3.579359569849995,23.207475974720538
84.84,-4.175824908772168,-3.7537023264717586,22.748725804424822
84.85000000000001,-4.144686245854564,-3.942818305625621,22.307981504967554
84.86,-4.135221858067665,-4.14672102093761,21.886096861257553
84.87,-4.146785794708508,-4.365638865244368,21.483998745064852
84.88,-4.178824258802092,-4.599979461575142,21.102710372254506
84.89,-4.23088220912598,-4.85029495466895,20.74337358503652
84.9,-4.3026060530114565,-5.117247638739834,20.40727077127983
84.91,-4.3937427954358474,-5.401575091530127,20.09584680236598
84.92,-4.504135886585794,-5.70405379149001,19.81073113847762
84.93,-4.633717881348926,-6.025460027005084,19.553760002605145
84.94,-4.782499892853736,-6.366526761826007,19.326998246435636
84.95,-4.950557690809901,-6.727895003073593,19.132760205528577
84.96000000000001,-5.138014167048423,-7.110058138510892,18.973628449879435
84.97,-5.345017769554169,-7.513297688278052,18.852468861753856
84.98,-5.571716398679053,-7.937608984085728,18.77243990080308
84.99,-5.818226174365965,-8.3826154902814,18.736993238193982
85.0,-6.084594434403149,-8.847470875692833,18.74986215917606
85.01,-6.3707563294340686,-9.330748608173066,18.81503326809757
85.02,-6.676484465291784,-9.830319865384856,18.936696131030793
85.03,-7.001331238564999,-10.343222034694351,19.11916465016103
85.04,-7.344563854919132,-10.865522108060555,19.36676332876274
85.05,-7.70509255391581,-11.392181935316087,19.683671375025746
85.06,-8.08139333136277,-11.916935591954545,20.07371810773717
85.07000000000001,-8.471427485161177,-12.432192946202512,20.540124747017547
85.08,-8.872561627181438,-12.92898760179621,21.085190833964496
85.09,-9.281493377316439,-13.396991230816095,21.709928652579734
85.10000000000001,-9.694189700840145,-13.824619076066384,22.41365643550019
85.11,-10.105846595484204,-14.199251957101493,23.19357084271377
85.12,-10.51088030414943,-14.507597072500516,24.044330722337666
85.13,-10.902961036984527,-14.736201828091545,24.95769627002759
85.14,-11.275099860721962,-14.87212075425499,25.922278278433126
85.15,-11.619797461915372,-14.903715113908477,26.923458229578387
85.16,-11.929259519257617,-14.821539364043097,27.943538056619467
85.17,-12.195677290404117,-14.61924152439953,28.96216531039867
85.18,-12.411564020869866,-14.29438106161648,29.9570535048193
85.19,-12.57012875995743,-13.849054774654745,30.904979637757368
85.2,-12.665660521506691,-13.290224776406207,31.782996010060398
85.21000000000001,-12.69388923190779,-12.629666961104695,32.56974979088094
85.22,-12.652287339295484,-11.883502678544291,33.24677167505466
85.23,-12.540278586068798,-11.071334340228002,33.799584076847815
85.24,-12.35932856120655,-10.215066042497813,34.21849516470083
85.25,-12.112904301585713,-9.337539541978087,34.4989866417831
85.26,-11.80630532277211,-8.461142492992686,34.641662463392635
85.27,-11.446383296237025,-7.606543832622058,34.65178965727915
85.28,-11.041179473745343,-6.791682164616346,34.53851708539477
85.29,-10.599515960058097,-6.0310852545860785,34.31389260673635
85.3,-10.130578303528678,-5.335544307777768,33.99180901002409
85.31,-9.643523095933402,-4.712117371653836,33.58699621104136
85.32000000000001,-9.147136767240529,-4.164400427695345,33.11414838826808
85.33,-8.649562384110386,-3.692986080966735,32.587238854527946
85.34,-8.158101803431569,-3.2960272361602447,32.0190407133699
85.35000000000001,-7.679092359392904,-2.9698327437318977,31.42084339964434
85.36,-7.21785115698981,-2.709438530364646,30.802336660081
85.37,-6.77867623067286,-2.509116403848621,30.171624362891244
85.38,-6.364892108492394,-2.362800029780481,29.535329009227148
85.39,-5.978927261763746,-2.264421520034675,28.898751516621324
85.4,-5.622411998048317,-2.208161967728368,28.2660573625231
85.41,-5.296287082957628,-2.188625333847821,27.64046759796156
85.42,-5.000915360053295,-2.200948046212853,27.02444027348352
85.43,-4.736190598696097,-2.2408573766732616,26.41983374920276
85.44,-4.501639565280033,-2.304690927472525,25.828047922744112
85.45,-4.296514798386912,-2.3893880357437554,25.250142631082166
85.46000000000001,-4.1198767489470836,-2.4924620657066203,24.68693455237896
85.47,-3.970664837110737,-2.611960704209948,24.139075101342005
85.48,-3.847757613623269,-2.746419678549215,23.607112325858576
85.49,-3.750022638657544,-2.8948138549869706,23.09153989058077
85.5,-3.676356949145703,-3.0565084716750706,22.592836046324994
85.51,-3.62571911640022,-3.231212296118609,22.111495158418744
85.52,-3.597153932853632,-3.4189337435719325,21.64805398822076
85.53,-3.589810737180942,-3.6199404116302913,21.203114543660153
85.54,-3.602956311865786,-3.8347220409798464,20.777364966513822
85.55,-3.6359831820540798,-4.063956569471405,20.37159961901052
85.56,-3.688414020492951,-4.308478677730342,19.98673927146552
85.57000000000001,-3.7599027281074626,-4.569250005582563,19.623852069768972
85.58,-3.8502326181824973,-4.847330030410333,19.284175765616556
85.59,-3.959311986964353,-5.143846426136654,18.969141509124807
85.60000000000001,-4.087167206052546,-5.459963553927336,18.680399316270556
85.61,-4.233933322532042,-5.796847566175293,18.41984511365708
85.62,-4.399842001271462,-6.155626431994377,18.189649009461338
85.63,-4.585206490164918,-6.537343019383567,17.992284118724672
85.64,-4.790403134055852,-6.9428992083181535,17.83055485775478
85.65,-5.015848808923767,-7.372988882579858,17.70762308888998
85.66,-5.2619734994563325,-7.828017592267371,17.627029815622237
85.67,-5.52918710899944,-8.308006747718613,17.592709274477897
85.68,-5.817839485086147,-8.812480475654162,17.608991228199677
85.69,-6.128172587527247,-9.340333843122886,17.680586036613168
85.7,-6.460263749863533,-9.889682166923386,17.812545700706334
85.71000000000001,-6.813959130383836,-10.457692735617021,18.010192626497258
85.72,-7.188796769699523,-11.0404026555436,18.27900649886725
85.73,-7.583919233573504,-11.632529862958824,18.62445865774
85.74,-7.997976696006044,-12.227288743552144,19.05178313021614
85.75,-8.42902258162872,-12.816227270092423,19.565674546314295
85.76,-8.874405594822376,-13.389108889018901,20.16990625232017
85.77,-9.330664130062889,-13.933868987225178,20.86686782073115
85.78,-9.793431620036367,-14.436681593947101,21.657030571986922
85.79,-10.257364148821075,-14.882175375719898,22.538363098840435
85.8,-10.71610428336753,-15.253836746825632,23.505735873652217
85.81,-11.162297006940184,-15.534629479412668,24.55037345154812
85.82000000000001,-11.587674134779547,-15.707842194161078,25.65943164717617
85.83,-11.983221807569349,-15.758146298057692,26.815790742735917
85.84,-12.3394408085613,-15.672808364339595,27.998158333337777
85.85000000000001,-12.646701084858055,-15.44295709584483,29.18156074170099
85.86,-12.895680179965403,-15.064764252847546,30.338265854191526
85.87,-13.077861449520118,-14.540372690602656,31.439123008750208
85.88,-13.186054108843866,-13.878404810139443,32.455234019565935
85.89,-13.214886303656264,-13.093919465070972,33.359797303505225
85.9,-13.161217596554014,-12.207754826863349,34.1299126517893
85.91,-13.024420827202718,-11.24528841767745,34.74811502718419
85.92,-12.8064958381692,-10.234743523899033,35.20343218224593
85.93,-12.511997454473466,-9.20524943746016,35.49183092762999
85.94,-12.14778374021052,-8.184901195055133,35.61601545287381
85.95,-11.722613215244728,-7.1990534881281105,35.584644382031755
85.96000000000001,-11.246636939054962,-6.26902816265128,35.4111166170421
85.97,-10.730840204412802,-5.411332009637929,35.11212217822614
85.98,-10.186488272789925,-4.637393453155655,34.70615794535867
85.99,-9.624622487207555,-3.9537530997174,34.21217604372934
86.0,-9.055639992742162,-3.3625960854269876,33.64847882178433
86.01,-8.488975397680782,-2.862496605263323,33.03191493139684
86.02,-7.932888814746869,-2.4492522428149996,32.37737889276006
86.03,-7.394353690582355,-2.1167090215209505,31.69757913676064
86.04,-6.87903046619969,-1.8575082417675879,31.003018760301195
86.05,-6.3913083375371755,-1.6637157946190968,30.30212697747478
86.06,-5.934396570862038,-1.5273192267967328,29.60148335930252
86.07000000000001,-5.51044810316219,-1.4405955278832892,28.906086967915744
86.08,-5.120700661449782,-1.396363520362526,28.21963468559067
86.09,-4.765623656221914,-1.3881400442340186,27.544784850297834
86.10000000000001,-4.44506213617528,-1.4102204109007175,26.88339230672298
86.11,-4.158371823422025,-1.4577023529933968,26.236708619367583
86.12,-3.904541529378542,-1.526470118750221,25.60554650455066
86.13,-3.6823010412652484,-1.6131522982468858,24.99041086158548
86.14,-3.4902138963028055,-1.71506395198566,24.391600574453776
86.15,-3.3267553887747354,-1.830140922528493,23.809285962400693
86.16,-3.1903767598442987,-1.9568719617777401,23.243566763273037
86.17,-3.0795568753816984,-2.09423251265265,22.694515132561865
86.18,-2.9928428682936015,-2.241622602357663,22.162207544899488
86.19,-2.9288812626683582,-2.3988102703281773,21.646748832656737
86.2,-2.8864410495718946,-2.5658811980534493,21.148290972645686
86.21000000000001,-2.8644300802742997,-2.7431946663442672,20.66704868156444
86.22,-2.861906005100348,-2.931345583448692,20.203313421943548
86.23,-2.8780828310973683,-3.131132059831766,19.757467054493656
86.24,-2.912334010059805,-3.3435278165358673,19.329996091791415
86.25,-2.9641928068359356,-3.5696585754230266,18.92150729908966
86.26,-3.033350539919715,-3.810781468749671,18.532745235501984
86.27,-3.1196531334866724,-4.068266404388481,18.1646122170855
86.28,-3.2230962719743204,-4.343578216895079,17.81819109655748
86.29,-3.343819303500682,-4.638258311401935,17.494771176459466
86.3,-3.4820978944249177,-4.953904357065476,17.19587748664771
86.31,-3.638335291136564,-5.2921464017348905,16.92330354441794
86.32000000000001,-3.8130518933443622,-5.65461755457846,16.67914755483482
86.33,-4.006872682362451,-6.042917117337753,16.46585177421024
86.34,-4.220511875260866,-6.458563742194352,16.28624441998086
86.35000000000001,-4.454753989461054,-6.902935868244126,16.143583027825315
86.36,-4.710430302654088,-7.3771963658159,16.041597487243486
86.37,-4.988389483419478,-7.882198044205093,15.984530079574736
86.38,-5.289460957516705,-8.418366527005242,15.977168644422482
86.39,-5.614409380232196,-8.985557080441513,16.024867462834965
86.4,-5.963878434260382,-9.582882452340739,16.133548536699355
86.41,-6.338322108418361,-10.208509859261381,16.309673670559434
86.42,-6.737921697681047,-10.859427227403346,16.560175202834927
86.43,-7.162487085893322,-11.531181988119899,16.89233058473903
86.44,-7.611341541263526,-12.217600521103936,17.313563642529008
86.45,-8.083190407202167,-12.910503064654076,17.831153906279674
86.46000000000001,-8.575975856097719,-13.599437758300208,18.451835783050193
86.47,-9.086722428846322,-14.271468292260066,19.181272871425172
86.48,-9.611381490992168,-14.911061646296352,20.02340091558857
86.49,-10.144686956947943,-15.500133917062367,20.979647397806104
86.5,-10.680039412681188,-16.018320352731596,22.048057783637237
86.51,-11.2094405337971,-16.443536218573783,23.22238802025595
86.52,-11.723503480043457,-16.7528828162419,24.49125793246965
86.53,-12.211566369538334,-16.923922771087344,25.837495353436672
86.54,-12.661933343186572,-16.936297537246425,27.237827108710984
86.55,-13.062259543080554,-16.773589654133023,28.663078197544493
86.56,-13.40008162329198,-16.425251735863576,30.079012058195136
86.57000000000001,-13.663474633770944,-15.888351154389682,31.447874308249062
86.58,-13.841791696682161,-15.168837946059362,32.730591647839
86.59,-13.926419377336565,-14.282057539192584,33.88944331814711
86.60000000000001,-13.911465024212504,-13.252313279122639,34.89089591241564
86.61,-13.79428845054124,-12.111430521631112,35.70821215720903
86.62,-13.57580272964177,-10.89645488963115,36.323443074219576
86.63,-13.260497091115202,-9.646785505996686,36.72850234683628
86.64,-12.856173835428121,-8.401151440138362,36.92518423075644
86.65,-12.37343232692699,-7.194855209333994,36.92417916047989
86.66,-11.824967213027003,-6.0576295193734015,36.743311698787835
86.67,-11.224767999629023,-5.01231032497641,36.40533103239363
86.68,-10.58731019406632,-4.074365231635997,35.93560662418068
86.69,-9.926816194003411,-3.2521746503261957,35.36002990538411
86.7,-9.256642041437845,-2.5478720749005435,34.70332501515824
86.71000000000001,-8.588820364289715,-1.9585169379265368,33.98786108541281
86.72,-7.933765825621578,-1.477389186165623,33.23296271552952
86.73,-7.300130790848327,-1.0952405728240244,32.45464917508696
86.74,-6.6947871199510125,-0.8013945709005097,31.66569945259455
86.75,-6.1229046498740285,-0.584640266005094,30.875934095716666
86.76,-5.588096667074515,-0.433907492073215,30.092616745265598
86.77,-5.092605743177652,-0.33873837756834824,29.320899266123963
86.78,-4.637508108078779,-0.28958564738229725,28.56425741471368
86.79,-4.222920028388857,-0.27797351365581985,27.82488469841989
86.8,-3.8481946395484012,-0.29655614268040525,27.10402844301814
86.81,-3.5121019184342797,-0.3391043716391017,26.402263682700656
86.82000000000001,-3.2129878275519004,-0.400445648967348,25.71970784529706
86.83,-2.9489111340658942,-0.4763763966590595,25.056183235809115
86.84,-2.7177581207721597,-0.5635608429709704,24.41133598851708
86.85000000000001,-2.517336509637113,-0.659426132332555,23.784720300377277
86.86,-2.3454505591968022,-0.7620602168353674,23.175856025028676
86.87,-2.1999596042633853,-0.8701165722673767,22.58426655613236
86.88,-2.0788223848211747,-0.9827280131024133,22.009502659187582
86.89,-1.9801294409406927,-1.0994306521890111,21.45115669867045
86.9,-1.9021256907573723,-1.2200982262950861,20.908870643059366
86.91,-1.8432251004755091,-1.3448864772575229,20.38234034901033
86.92,-1.8020191271233088,-1.4741869543901214,19.871317929045514
86.93,-1.7772803847873657,-1.6085894228332807,19.37561347797452
86.94,-1.7679627646940075,-1.7488519777823288,18.895097047283517
86.95,-1.7731990352944749,-1.8958779421586025,18.42970148753091
86.96000000000001,-1.7922967636075522,-2.050698640921844,17.97942660166839
86.97,-1.8247332343572757,-2.214461181184346,17.54434494574976
86.98,-1.8701498982648077,-2.388420410480671,17.124609560093678
86.99,-1.928346753535522,-2.5739342659110718,16.720463899688973
87.0,-1.999276952749466,-2.7724617562454568,16.332254246683704
87.01,-2.0830418281453476,-2.985562830319199,15.960444921857832
87.02,-2.179886438432311,-3.214899371416825,15.605636659411095
87.03,-2.2901956561799253,-3.462236511907576,15.26858856443532
87.04,-2.4144907325924723,-3.7294433776511315,14.950244129298207
87.05,-2.5534261917517282,-4.018492239169694,14.651761837053241
87.06,-2.7077868144458344,-4.331454856649214,14.374550917960473
87.07000000000001,-2.8784843672009015,-4.670494547641828,14.120312836750621
87.08,-3.0665536092289662,-5.037852168109525,13.891089055580373
87.09,-3.273146962253714,-5.435823767239919,13.689315515411703
87.10000000000001,-3.499527048658079,-5.866727143806257,13.51788407132081
87.11,-3.747056085042646,-6.3328538906348975,13.380210756134574
87.12,-4.017180854508739,-6.836402767124177,13.280310165980021
87.13,-4.311411666873617,-7.379389407841277,13.222874374530864
87.14,-4.631293350333757,-7.963526506839071,13.213353480685685
87.15,-4.978365906383487,-8.590067807111982,13.258033045104295
87.16,-5.3541120192568,-9.25960863661939,13.364101125688052
87.17,-5.759888177531101,-9.971835630812077,13.539694231797393
87.18,-6.196835802613868,-10.725219067602355,13.793907167215709
87.19,-6.665768590657491,-11.516643489043053,14.136746404792387
87.2,-7.167032419378894,-12.34097676846541,14.579000512315256
87.21000000000001,-7.700334875670849,-13.190585464571729,15.131994761803993
87.22,-8.26454302620036,-14.05481624800254,15.807191492511997
87.23,-8.857450852770036,-14.919480331312927,16.615594947840222
87.24,-9.475522210097903,-15.766400563128114,17.566922062376435
87.25,-10.113621582515064,-16.573108278605815,18.668512986527663
87.26,-10.764753447341121,-17.312805999758552,19.92398165902206
87.27,-11.419841361941376,-17.954736178201813,21.331651777304256
87.28,-12.067588864831045,-18.46510480894062,22.88288895302203
87.29,-12.69447371796461,-18.808687706286214,24.56052198435189
87.3,-13.28493149651612,-18.951181416155077,26.337632145173455
87.31,-13.821779707199942,-18.862240144778283,28.17705467734004
87.32000000000001,-14.28691520540597,-18.518968777112267,30.03194672328712
87.33,-14.662283260983648,-17.909447267617562,31.847694739785904
87.34,-14.93106789157405,-17.035697202410027,33.56524099578486
87.35000000000001,-15.078997667604666,-15.915438119113478,35.12561715546063
87.36,-15.095612600300527,-14.582081846835916,36.475145189507664
87.37,-14.97531230072801,-13.082696848645472,37.570504163112425
87.38,-14.718016680992655,-11.474090390481262,38.38277362894272
87.39,-14.329321866840354,-9.817586626939718,38.899712874755444
87.4,-13.82011628341765,-8.173380550029028,39.125897241354544
87.41,-13.205714304276313,-6.595416574148491,39.08079885332868
87.42,-12.50464268996867,-5.127559557383075,38.795318479234105
87.43,-11.737258993272459,-3.801471944347701,38.307522388550076
87.44,-10.924383997612196,-2.6362127299884204,37.65836370551019
87.45,-10.08609796524417,-1.639253524197954,36.888006996916104
87.46000000000001,-9.24079754163723,-0.8084324899242125,36.03311573363883
87.47,-8.404553101455058,-0.13434249521709674,35.12519942527785
87.48,-7.590758040272836,0.39726606760460625,34.18991662206072
87.49,-6.810028749252275,0.8033520864721763,33.247117047117676
87.5,-6.070297648726781,1.1018671360741057,32.31137331178442
87.51,-5.377038741255212,1.3104926796739982,31.392775301284136
87.52,-4.733571145828238,1.445796306997675,30.497811041654426
87.53,-4.141396606203689,1.522735277551312,29.63021514218425
87.54,-3.6005386777437955,1.5544246431150937,28.791716694885213
87.55,-3.109862092841186,1.5520922213383748,27.982657183117134
87.56,-2.6673596662473535,1.5251554764192858,27.20247487128031
87.57000000000001,-2.270400762160866,1.481370352062271,26.450067275619173
87.58,-1.9159399748754953,1.4270161161567867,25.724050484069856
87.59,-1.6006876401494556,1.367091893721624,25.02293601920961
87.60000000000001,-1.3212455041473863,1.3055094542863865,24.345244801489994
87.61,-1.0742117012341181,1.2452732223389018,23.68957512116176
87.62,-0.8562594302885355,1.1886428618680098,23.054638367035153
87.63,-0.6641935952437372,1.137276646829529,22.43927317036293
87.64,-0.49498934672830014,1.0923556056348753,21.842445896523476
87.65,-0.3458160332573267,1.0546894642855775,21.26324316743009
87.66,-0.21404960932965655,1.0248059632971933,20.70086032983706
87.67,-0.097276094265642,1.0030253656245651,20.154588450940505
87.68,0.006711747871125648,0.9895220259037887,19.623801452697716
87.69,0.09992271930445314,0.9843748334176547,19.107944316231993
87.7,0.18417903976371003,0.9876082218713157,18.606522829621838
87.71000000000001,0.2611305792129875,0.9992252892608868,18.119095058516628
87.72,0.33227056277672684,1.0192344097861021,17.645264542795637
87.73,0.3989520487516636,1.047670558320984,17.184675127875522
87.74,0.46240465571248257,1.0846124131337316,16.737007299411207
87.75,0.5237511589189483,1.1301961581147106,16.301975885673308
87.76,0.5840236935503822,1.1846267736306375,15.879329009378095
87.77,0.6441793964974993,1.2481874859426019,15.468848201249852
87.78,0.7051153929618018,1.3212479387267952,15.070349625496657
87.79,0.7676830920042579,1.4042715558238688,14.683686409468644
87.8,0.8327017991125907,1.497822480637695,14.30875211452721
87.81,0.9009716860894322,1.602572402918526,13.945485432239963
87.82000000000001,0.9732861809757961,1.7193075159240774,13.593876239878055
87.83,1.0504438547946227,1.848935783674694,13.253973202804124
87.84,1.133259888707731,1.9924946362585163,12.925893170008775
87.85000000000001,1.2225772053965593,2.151159147377611,12.609832674277948
87.86,1.3192773423397308,2.3262506782980115,12.306081921807111
87.87,1.4242911319337188,2.519245890857752,12.015041738987804
87.88,1.5386092333195172,2.731785932726397,11.737244037759428
87.89,1.6632925319528924,2.9656854726002715,11.473376465950366
87.9,1.799482383267639,3.222941101278317,11.22431202501197
87.91,1.9484106232199014,3.5057384037879062,10.991144562363178
87.92,2.111409196973249,3.816456731882614,10.77523117438336
87.93,2.2899191620772026,4.157670345433985,10.578242679866964
87.94,2.4854986972099016,4.5321441212403215,10.402223427028993
87.95,2.699829583038392,4.942821419745319,10.249661754940025
87.96000000000001,2.934721407028845,5.392800921122071,10.123572403699312
87.97,3.1921124659121873,5.885298256729232,10.027591998022151
87.98,3.4740659826942983,6.423587036232943,9.966088329865633
87.99,3.7827598029123792,7.010912380202811,9.944283413381253
88.0,4.120467170836422,7.650368311496811,9.968389006940086
88.01,4.489525497521951,8.344728381648459,10.045751258285168
88.02,4.8922892153086055,9.096216839984452,10.184998025882006
88.03,5.331061882691081,9.906205762611766,10.39617788796432
88.04,5.80800170872508,10.774822335275033,10.69087344729593
88.05,6.324993713286346,11.700450744329853,11.082262864071188
88.06,6.883481022973319,12.67911614100745,11.58509233814073
88.07000000000001,7.484247645489951,13.70374574185662,12.215508645010885
88.08,8.127145965177913,14.763316764686744,12.990685739455506
88.09,8.810764867420302,15.84192549749273,13.928165211602789
88.10000000000001,9.532039752441332,16.917849214470493,15.0448215231721
88.11,10.285814797679393,17.96272447272096,16.355366919524933
88.12,11.064381636136313,18.94102970320569,17.870338430005962
88.13,11.857037541583946,19.81012850794213,19.59357348304466
88.14,12.649729345563324,20.521184016485613,21.51929331490934
88.15,13.42487345702862,21.021262802394226,23.629078259638625
88.16,14.161461103839219,21.256867798612795,25.889220792723336
88.17,14.835561452750326,21.178933330689848,28.24913469029269
88.18,15.421311875501168,20.748966659765898,30.64160012336083
88.19,15.892424753777135,19.945570513673395,32.98553162210203
88.2,16.224142901040715,18.77015081617952,35.191585871321564
88.21000000000001,16.39545515151418,17.250391967854014,37.1702814682444
88.22,16.391271525573924,15.440257453374464,38.841524701015835
88.23,16.20419568926783,13.415923046942051,40.14379810839624
88.24,15.835556953790341,11.26804270692125,41.04107646575214
88.25,15.29548431742573,9.09174962370277,41.525956635134094
88.26,14.60199331920826,6.97641025026018,41.61842825213533
88.27,13.779255463014222,4.997127050906948,41.36082759365333
88.28,12.855367340670178,3.2093609825114715,40.81038520280746
88.29,11.859992509617317,1.6471077580013669,40.03111653155169
88.3,10.822210895298603,0.3241867278244974,39.08659128040618
88.31,9.768807179498202,-0.7623432626380477,38.034548708481424
88.32000000000001,8.72310405298172,-1.6277670228318613,36.923677852347815
88.33,7.70433546356517,-2.2952487720933843,35.79236791606403
88.34,6.727479797735021,-2.7919501720132818,34.66894732379325
88.35000000000001,5.803437021430696,-3.146028563079088,33.5728550135238
88.36,4.939429604271534,-3.384557889925643,32.51625396210053
88.37,4.139522687936745,-3.532260440703969,31.505727268221126
88.38,3.4051833614795264,-3.610871029516253,30.543834110712158
88.39,2.735824193659428,-3.638948452760096,29.630415684678326
88.4,2.1292979569525015,-3.6319742810916202,28.763619943647438
88.41,1.582327096365998,-3.6026159419320125,27.9406611266221
88.42,1.0908629763429634,-3.561067487215711,27.158353191666357
88.43,0.6503771275730977,-3.5154117910673417,26.41346358769479
88.44,0.2560906984228069,-3.471970653130521,25.702931996829466
88.45,-0.09684989519323728,-3.4356250012358847,25.02399250703289
88.46000000000001,-0.413242722390531,-3.410097525746721,24.374230087125493
88.47,-0.6977374842745352,-3.398196173877743,23.7515948705138
88.48,-0.9547728399447188,-3.402020299096966,23.154391375734136
88.49,-1.1885376433781127,-3.4231328940136776,22.581254648170233
88.5,-1.4029507807902863,-3.4627029305707735,22.03112136763474
88.51,-1.6016551903358835,-3.5216218447266256,21.503201073828876
88.52,-1.7880224384042864,-3.600597916152515,20.996950618461725
88.53,-1.9651649089523828,-3.7002318714043363,20.512053565780878
88.54,-2.1359532367033065,-3.8210765713001553,20.048405363523106
88.55,-2.3030370899637713,-3.9636831742791903,19.606104555486557
88.56,-2.468867794663748,-4.128635715714863,19.18544999645904
88.57000000000001,-2.635721598394273,-4.316575612727871,18.786943877279043
88.58,-2.8057226111294282,-4.528217192032807,18.411300310218863
88.59,-2.9808646360250206,-4.764354938520002,18.059459216113122
88.60000000000001,-3.1630312258205735,-5.025862767278266,17.732605259080533
88.61,-3.3540133732343556,-5.313685224439776,17.43219156350116
88.62,-3.5555242714982147,-5.62882011660881,17.15996789563826
88.63,-3.7692105671340164,-5.9722916511131094,16.918012873803825
88.64,-3.9966594740502654,-6.345112740274216,16.708769559003454
88.65,-4.239401028913994,-6.748234689110061,16.535083441235333
88.66,-4.498904646222974,-7.182482064000884,16.40024133844183
88.67,-4.776568983158716,-7.648470161194313,16.308009023466543
88.68,-5.073703958145384,-8.146502211018863,16.26266444337751
88.69,-5.3915035975498515,-8.676443347894374,16.269022149907816
88.7,-5.73100823478191,-9.237568567776895,16.332442983661252
88.71000000000001,-6.0930544893693375,-9.828382551758581,16.458821136862767
88.72,-6.47821145996605,-10.446410580800297,16.654538497231005
88.73,-6.8867017435932905,-11.087962081646168,16.926373770514523
88.74,-7.318306334899797,-11.747871949796998,17.281351544868365
88.75,-7.772253277607601,-12.419230017159332,17.7265146407227
88.76,-8.24709126661538,-13.093116118951816,18.268602481139656
88.77,-8.740551366884008,-13.758367205302239,18.91361981236981
88.78,-9.249402730561723,-14.401413464303806,19.66628518432654
88.79,-9.769311687125477,-15.006231427731754,20.529358624566452
88.8,-10.29471773626066,-15.554471516342307,21.50286425497288
88.81,-10.818744439033104,-16.025822294297555,22.583246918653696
88.82000000000001,-11.33316730708283,-16.398669594833954,23.762531498278253
88.83,-11.8284634863817,-16.651090868566996,25.02758645568209
88.84,-12.293967942733047,-16.76218955096093,26.359623002735727
88.85000000000001,-12.718156465101343,-16.71371970305214,27.734078768285098
88.86,-13.089065856720456,-16.491881687229377,29.121028388172647
88.87,-13.394845774256432,-16.0890964922243,30.48622274077725
88.88,-13.62441587087306,-15.50550807732242,31.7927790787463
88.89,-13.768179162860445,-14.749942195275146,33.003432524833435
88.9,-13.818722596277471,-13.840085718528057,34.083135519308996
88.91,-13.771424204336489,-12.801749222286688,35.00168746241035
88.92,-13.624887775859715,-11.667224556738159,35.73602630079788
88.93,-13.381142675065528,-10.47291544123176,36.27184111069201
88.94,-13.045576460677228,-9.256558560915973,36.60427165532777
88.95,-12.626605400527884,-8.054425422089325,36.73762318703874
88.96000000000001,-12.135124649251226,-6.898881398514109,36.68419931456994
88.97,-11.583807737800146,-5.8165856014484305,36.46249638694616
88.98,-10.986338799485322,-4.827474519749338,36.095077134797
88.99,-10.356659391081825,-3.9445250382666748,35.606440470845
89.0,-9.708297516318071,-3.1741743798016793,35.021142466492975
89.01,-9.053824632744195,-2.5172058551985237,34.36232829703607
89.02,-8.404462673768442,-1.9698921073572664,33.650735744827664
89.03,-7.769842052212431,-1.5252104076749844,32.90414951370465
89.04,-7.157895970066603,-1.1739902386261103,32.13723271351564
89.05,-6.574866975338809,-0.905905458827114,31.361637840610022
89.06,-6.02539798453953,-0.7102701231538777,30.586298404674928
89.07000000000001,-5.512680554274894,-0.5766325278266732,29.81781564420568
89.08,-5.038636462154292,-0.4951849493560061,29.060874703808082
89.09,-4.604113249731521,-0.45701843970417366,28.318645431826734
89.10000000000001,-4.209079249055296,-0.4542557783567392,27.593141151080847
89.11,-3.8528081022212617,-0.48009421802208335,26.88552286458206
89.12,-3.534046554671862,-0.5287854381497319,26.19634620976522
89.13,-3.251162253154098,-0.5955748757366669,25.525754623809306
89.14,-3.0022704457540534,-0.6766174098379414,24.873625469099
89.15,-2.7853399743024085,-0.768881795707728,24.239677144079938
89.16,-2.5982799036152717,-0.8700524911512401,23.623545198326966
89.17,-2.439008679105094,-0.978434600637055,23.024834738251602
89.18,-2.305507958555593,-1.0928654875887371,22.443155341999784
89.19,-2.195863317473845,-1.2126350391332608,21.87814355084469
89.2,-2.108293950873415,-1.3374154757874843,21.32947691751383
89.21000000000001,-2.041173339228295,-1.4672008623309787,20.796882644307622
89.22,-1.9930426491148279,-1.6022559985211071,20.280143063163024
89.23,-1.9626184245449907,-1.74307407407877,19.77909959526728
89.24,-1.948795909412395,-1.890342304891804,19.293656363581647
89.25,-1.9506491348618982,-2.0449146848793442,18.82378429531423
89.26,-1.9674287134336355,-2.207790959880668,18.369526319305937
89.27,-1.9985581071692349,-2.380100933869038,17.931004113367756
89.28,-2.043628980058306,-2.5630932370661514,17.508426769650608
89.29,-2.1023961053640567,-2.758127707359577,17.102101706234272
89.3,-2.174772173613747,-2.966670550538391,16.712448147430155
89.31,-2.260822734770044,-3.1902914424904107,16.340013513432503
89.32000000000001,-2.3607614051638137,-3.4306617095956096,15.985493093289843
89.33,-2.474945372561528,-3.689552664175276,15.649753415936855
89.34,-2.603871137231332,-3.968833071761843,15.333859774350467
89.35000000000001,-2.7481703286004127,-4.2704645772618495,15.039108388679326
89.36,-2.908605331146094,-4.596493708177869,14.767063703837348
89.37,-3.0860643341396132,-4.949038794742279,14.519601289885205
89.38,-3.281555281907585,-5.3302697889212896,14.29895672794767
89.39,-3.4961980381721576,-5.742378517881098,14.107780690630246
89.4,-3.7312138834529214,-6.187536367369206,13.949200123253835
89.41,-3.987911232557331,-6.667835758707137,13.826884946279236
89.42,-4.267666185311167,-7.185211075451012,13.745118958912844
89.43,-4.571896206292514,-7.741333950856313,13.708872539091274
89.44,-4.902024872295308,-8.337477120037923,13.723873196908851
89.45,-5.259435242681586,-8.974340501128475,13.796667923451313
89.46000000000001,-5.645409025552597,-9.651833007200997,13.934668458874015
89.47,-6.061048381933984,-10.368804123334026,14.14616697972371
89.48,-6.507177013094454,-11.122720968351464,14.44030524353932
89.49,-6.984217238317091,-11.90929001825312,14.826975043814075
89.5,-7.492040272520841,-12.722028678681596,15.316622299729119
89.51,-8.02978809861981,-13.551801342193537,15.91992203589168
89.52,-8.595667502360715,-14.386348287757615,16.6472883171654
89.53,-9.186720337885394,-15.209854249037067,17.508184112523764
89.54,-9.79857923582179,-16.002626285880257,18.510204173615396
89.55,-10.425224926477167,-16.74097569748525,19.657923135365934
89.56,-11.058769976729941,-17.397421548127014,20.951535005301434
89.57000000000001,-11.689303304085929,-17.941346101076952,22.38536141321334
89.58,-12.304838768155054,-18.340223952194812,23.94637310405318
89.59,-12.891416867740025,-18.561504076581894,25.612944154369803
89.60000000000001,-13.433407600492728,-18.57513677656583,27.35412406669849
89.61,-13.914051077500304,-18.35660397235278,29.129742732556554
89.62,-14.316247685645115,-17.89014644139003,30.89162619853253
89.63,-14.623571358844071,-17.17172239629397,32.586072846187975
89.64,-14.821432260902041,-16.211133899314426,34.157518332193504
89.65,-14.898268509937099,-15.032779829829195,35.553038606319106
89.66,-14.846613863851584,-13.674671549155839,36.72707731239707
89.67,-14.663882699099354,-12.185664529444509,37.6456301809002
89.68,-14.35274262508298,-10.62124008755218,38.28914959933348
89.69,-13.921005992807592,-9.038499836969303,38.65366406608007
89.7,-13.381050778581026,-7.491201665474522,38.749980275412476
89.71000000000001,-12.748858481908524,-6.025616181223063,38.601234189634944
89.72,-12.042812074207081,-4.677743223035542,38.239358592209776
89.73,-11.28241877625876,-3.472090560943088,37.701160187025046
89.74,-10.48710982590583,-2.42189280995206,37.024642273920186
89.75,-9.675231415663523,-1.5304227907745078,36.24602335311651
89.76,-8.863291439527075,-0.7929534236810599,35.3976684984055
89.77,-8.06547878562256,-0.19895034083418883,34.506940687974335
89.78,-7.293434587350902,0.2658293906313793,33.595835078191925
89.79,-6.556231726777893,0.6175358971066267,32.681189587936004
89.8,-5.860509248828824,0.8728142895822674,31.775256785559197
89.81,-5.210708980282519,1.0477898080338122,30.886452317715733
89.82000000000001,-4.609368615862406,1.1574070500861016,30.020142273512068
89.83,-4.057435350594914,1.215056043549284,29.179380239915037
89.84,-3.5545742984493844,1.2324133039512908,28.365545613314357
89.85000000000001,-3.0994549655790897,1.2194327188677772,27.578864776907807
89.86,-2.690006291345299,1.184432883518108,26.81881630842333
89.87,-2.3236361310509333,1.1342403071815697,26.08443239617923
89.88,-1.9974147339594044,1.0743594947463788,25.374513510925187
89.89,-1.7082240966911564,1.009150358967463,24.687774287545217
89.9,-1.4528763886008393,0.9420005959060347,24.02293721589704
89.91,-1.2282052545407631,0.8754858118922818,23.378788314729295
89.92,-1.0311339424169816,0.8115137236152689,22.754206224739843
89.93,-0.8587240571134981,0.7514510688839536,22.14817354083965
89.94,-0.7082084345025688,0.6962333129998756,21.55977692340564
89.95,-0.5770112436333135,0.6464580876387633,20.988200658982738
89.96000000000001,-0.46275801561895125,0.6024637564541759,20.432716878155443
89.97,-0.3632778968198471,0.5643947053265771,19.892674537477475
89.98,-0.276600050021408,0.5322550009644532,19.367488472911166
89.99,-0.2009457896182822,0.5059520126191087,18.8566292719401
90.0,-0.13471773878466775,0.485331488907746,18.359614333719968
90.01,-0.07648703822639752,0.4702054512295442,17.876000243371266
90.02,-0.024979415384664805,0.4603741234417814,17.40537643922683
90.03,0.020939263148640155,0.45564297458306946,16.947360070727076
90.04,0.06227748826038899,0.4558358137776283,16.501591907462174
90.05,0.09993231382357354,0.46080474777513053,16.067733150517853
90.06,0.13470303462974162,0.4704376939664831,15.645463004548269
90.07000000000001,0.16730418352421225,0.48466403616128384,15.234476885293596
90.08,0.1983777603828295,0.5034589171728663,14.834485157686755
90.09,0.22850465687681165,0.5268465810854823,14.44521232127547
90.10000000000001,0.2582152802341186,0.5549031083911806,14.06639658077269
90.11,0.2879994086233779,0.5877588281767786,13.69778975938434
90.12,0.31831533226827974,0.6256006422748873,13.339157530974694
90.13,0.3495983495800954,0.668674455756349,12.99027996431147
90.14,0.382268697853947,0.7172878752965481,12.650952389007534
90.15,0.41673900456076135,0.771813310758386,12.320986608906194
90.16,0.4534213489242534,0.8326915947806254,12.000212505196469
90.17,0.49273402505778263,0.9004362192413257,11.688480089217055
90.18,0.5351080980398077,0.9756382751908367,11.385662084505096
90.19,0.5809938433682984,1.058972173212364,11.09165714003884
90.2,0.6308671585536929,1.1512022131155635,10.806393802781836
90.21000000000001,0.6852360333532905,1.2531900642428468,10.529835408654824
90.22,0.7446471623500996,1.3659032091383472,10.261986088187848
90.23,0.8096927801269922,1.4904243922957192,10.002898127769447
90.24,0.8810177949135027,1.6279621001669313,9.752680981249261
90.25,0.9593272908286176,1.7798620760200312,9.51151229152452
90.26,1.0453944610134354,1.9476198402354554,9.279651359726966
90.27,1.1400690230462436,2.1328941388101352,9.057455592982643
90.28,1.244286152670578,2.3375211743274957,8.845400572784888
90.29,1.3590759501396033,2.5635293766398575,8.644104517040864
90.3,1.485573422802549,2.8131543346208936,8.454358061626772
90.31,1.625028924448896,3.0888533218460124,8.277160462619682
90.32000000000001,1.7788189317250296,3.3933185898861624,8.113763517157812
90.33,1.948456954456771,3.729488249513077,7.965724714663951
90.34,2.135604261791711,4.100553082195047,7.834971350942109
90.35000000000001,2.342079949069835,4.509956983411911,7.723877546528486
90.36,2.569869657514828,4.96138788799688,7.635356274917297
90.37,2.8211319728105964,5.458754908972635,7.572968572168262
90.38,3.0982011478171376,6.006145970311351,7.541051982075248
90.39,3.4035842931887115,6.607758362795954,7.544869860595154
90.4,3.73995052785317,7.267792340785512,7.590782226188399
90.41,4.110108747881426,7.9902950758305815,7.6864371193395975
90.42,4.516969628895076,8.778939028470257,7.840978532908147
90.43,4.963486207564415,9.636715262703524,8.065262367349192
90.44,5.452565903840533,10.565518814547094,8.372064877362213
90.45,5.98694521410326,11.565600731370363,8.776257914873693
90.46000000000001,6.569016689552197,12.63486121730698,9.294911124745413
90.47,7.200596533826568,13.767962708829682,9.947262526751636
90.48,7.882620765797516,14.955254043477067,10.754475737421341
90.49,8.614759283883071,16.18152180537396,11.739076098622894
90.5,9.394941631832445,17.4246280408419,12.923933634022925
90.51,10.218797513811998,18.65416027055247,14.330646942766716
90.52,11.07903109562561,19.830312665429165,15.977193819919972
90.53,11.964772550826039,20.90333128119364,17.874773081169515
90.54,12.860983555786923,21.813971465055637,20.023893108911132
90.55,13.748032936784316,22.495489739942887,22.409986279090116
90.56,14.601596840842149,22.87765813518066,24.99914222550048
90.57000000000001,15.393060478449259,22.893063956822854,27.734906846430988
90.58,16.090585618502956,22.485480109292983,30.53736896093084
90.59,16.660938858319835,21.619377791881725,33.30576907107612
90.60000000000001,17.072039692800537,20.28886570152734,35.925425678287624
90.61,17.29599826552441,18.523797065550465,38.278809840694485
90.62,17.31221748596636,16.390869574956596,40.25928343826532
90.63,17.110006431717967,13.988482486134892,41.7848151959286
90.64,16.69016277804862,11.435757440349514,42.80849470188827
90.65,16.065159663256722,8.857891694633512,43.32326740577965
90.66,15.257875234714051,6.371131024029516,43.3598953879875
90.67,14.29912984477657,4.070617744986418,42.979075621129674
90.68,13.224532963528848,2.0232481044627266,42.26011198878284
90.69,12.071219059691074,0.26603355246046445,41.28901787100993
90.7,10.87496983996007,-1.190986811325891,40.14842796357455
90.71000000000001,9.66803811295764,-2.3590261143471016,38.91064203265329
90.72,8.477784239541808,-3.2638353964912725,37.63403173306458
90.73,7.326070713661543,-3.93938821063236,36.362270517173556
90.74,6.229261537444915,-4.4227615166074585,35.125500058289894
90.75,5.198638569838818,-4.750478416782881,33.9425428253961
90.76,4.241058431984569,-4.956220350120149,32.82345789036405
90.77,3.3597090144105057,-5.069638363497296,31.77198094227334
90.78,2.5548667576961632,-5.115948537219805,30.787606920148725
90.79,1.8245941124986116,-5.1160286653611715,29.867231235172447
90.8,1.165346332367168,-5.086796518125003,29.006361812150626
90.81,0.5724773421338253,-5.041716353254779,28.199962292522944
90.82000000000001,0.04064717960684694,-4.991336306192196,27.44300293020841
90.83,-0.43585958826740717,-4.943800862839564,26.730793713722015
90.84,-0.8628921151542933,-4.905310737353738,26.059163706403
90.85000000000001,-1.2462552921051304,-4.880519980644656,25.424537406764507
90.86,-1.5915834228999055,-4.872870117972982,24.823946235009867
90.87,-1.9042548574570108,-4.884866161492953,24.255002430193265
90.88,-2.189338479542829,-4.918301397186865,23.7158540721267
90.89,-2.4515644954765947,-4.974438216038776,23.205133496569996
90.9,-2.6953133622314818,-5.054151774275451,22.721906718796337
90.91,-2.9246178857980465,-5.158042415359965,22.265628239389986
90.92,-3.1431745122153605,-5.286521833997096,21.836103425166264
90.93,-3.3543606410457247,-5.439877041246586,21.433459241868395
90.94,-3.561255437847872,-5.618315354274005,21.058123229304407
90.95,-3.76666213271179,-5.821992898194278,20.710810074390302
90.96000000000001,-3.9731301884622425,-6.051028466384162,20.392514819027276
90.97,-4.18297602411844,-6.305504029246777,20.10451153899671
90.98,-4.398301203199776,-6.5854527004751136,19.84835617463744
90.99,-4.621007156832991,-6.890834559999156,19.625892030736825
91.0,-4.852805621231826,-7.221500396716801,19.439256252488626
91.01,-5.095224040315175,-7.577143183257074,19.290885297650203
91.02,-5.349605229735926,-7.957236951169546,19.183517042105304
91.03,-5.61710063256412,-8.360962731714396,19.12018666604252
91.04,-5.898656535944363,-8.787121411717722,19.10421287175395
91.05,-6.194992682415705,-9.234033786472454,19.139170299155545
91.06,-6.506572823921248,-9.699428845841023,19.228843273209588
91.07000000000001,-6.833566960621208,-10.180322487382043,19.377155314395406
91.08,-7.1758053152352,-10.672890492162821,19.588068291322593
91.09,-7.532724555208277,-11.172341787222935,19.86544487400109
91.10000000000001,-7.903307428266275,-11.672800769788362,20.212868305136666
91.11,-8.286017854738855,-12.167210713092043,20.633414760810943
91.12,-8.67873463933184,-12.647273805920918,21.12937608746631
91.13,-9.078688312576626,-13.103446796840249,21.701934851240658
91.14,-9.482407126230214,-13.525013871862019,22.350799711152135
91.15,-9.885679776899787,-13.900259374272267,23.073817211019808
91.16,-10.283543801003031,-14.216761131944477,23.866585871606997
91.17,-10.670309460658112,-14.461819261291222,24.722109070686965
91.18,-11.039628932436903,-14.623024337417505,25.630533009569103
91.19,-11.384619292885283,-14.688952350259058,26.57902271325937
91.2,-11.698044792759577,-14.649952633692099,27.551829602756875
91.21000000000001,-11.97255903117846,-14.498971270993373,28.530595847279677
91.22,-12.201001010225035,-14.232330406306597,29.494921513666498
91.23,-12.376731244925157,-13.85036885680401,30.423190544789147
91.24,-12.49398618486685,-13.357847134897023,31.29361378824426
91.25,-12.548222622432574,-12.7640347423949,32.08540778009747
91.26,-12.536420092964368,-12.082430373266622,32.779995200639014
91.27,-12.457309814681857,-11.330112822466583,33.362095608204555
91.28,-12.311504071915685,-10.526773703725095,33.82057956766733
91.29,-12.101509714488161,-9.693531406221727,34.148987088182295
91.3,-11.831622191360143,-8.851658148002336,34.34565782702304
91.31,-11.507710067181685,-8.02136117240219,34.41347615080582
91.32000000000001,-11.13691187978509,-7.220743644312468,34.35928687315211
91.33,-10.727275477241704,-6.465035401183361,34.19307655610352
91.34,-10.28737349549517,-5.76613757212564,33.92703417607127
91.35000000000001,-9.825927343580346,-5.132478716359943,33.57460281157148
91.36,-9.351466839627804,-4.569142362438711,33.14961487816249
91.37,-8.872044960019348,-4.078201791073117,32.66557432741893
91.38,-8.39501864645309,-3.659188616080616,32.135117651268835
91.39,-7.92689865553821,-3.309624915908316,31.569657543166564
91.4,-7.47326497969472,-3.02556029170889,30.979192267464704
91.41,-7.038739861219552,-2.8020708989211327,30.372251298624818
91.42,-6.6270078782813915,-2.6336935685109086,29.75594284949913
91.43,-6.2408717254362704,-2.514782166332465,29.13606969827213
91.44,-5.882332720496497,-2.4397841308880808,28.51728413333918
91.45,-5.552686297880322,-2.4034424485779757,27.90325896721385
91.46000000000001,-5.25262440250485,-2.400932554900496,27.296857998332474
91.47,-4.982338474732351,-2.4279454648483734,26.70029511916709
91.48,-4.741618409925814,-2.4807285659366407,26.11527602668224
91.49,-4.52994436567019,-2.5560945990853314,25.54312006180609
91.5,-4.346569521744342,-2.6514079084950266,24.984862167810146
91.51,-4.190592864124249,-2.764555413020212,24.441336496315493
91.52,-4.061021783984986,-2.8939081589410334,23.913244019616787
91.53,-3.956824789240117,-3.0382778781585875,23.40120683430604
91.54,-3.876974957742947,-3.196871748268952,22.905811837134035
91.55,-3.8204849550026387,-3.369247539772384,22.42764625413266
91.56,-3.7864345281915477,-3.5552705244157625,21.96732720516493
91.57000000000001,-3.773991400038007,-3.755072879302859,21.525527153094664
91.58,-3.7824264430833026,-3.969015822282496,21.102996759140076
91.59,-3.811123933800495,-4.197654324491438,20.700586364288593
91.60000000000001,-3.859587579884543,-4.441703938191591,20.319267048105793
91.61,-3.9274428916477655,-4.702009028656601,19.960151978908982
91.62,-4.014436336019238,-4.9795114885545955,19.624518554989862
91.63,-4.120431573066123,-5.2752188270014,19.3138316330926
91.64,-4.245402932545168,-5.590170352435333,19.029767932419244
91.65,-4.389426143037427,-5.92540000241446,18.774241472379572
91.66,-4.552666179525446,-6.281894213236541,18.549429630320862
91.67,-4.735361947755714,-6.660543073098842,18.35779906979334
91.68,-4.937807377082758,-7.062082877540694,18.202130367176593
91.69,-5.160328350983473,-7.487028128742453,18.085539630724444
91.7,-5.403254771887474,-7.935591027914088,18.011494738636106
91.71000000000001,-5.6668869439770635,-8.407586656447004,17.98382300393073
91.72,-5.951455378940813,-8.902322401164792,18.006706096913717
91.73,-6.257073106877987,-9.418470849580133,18.08465693422736
91.74,-6.583679637609022,-9.953926483917392,18.222472023615968
91.75,-6.930975906209689,-10.505648178518015,18.425151533549002
91.76,-7.298349900399569,-11.069491901511087,18.697778307858368
91.77,-7.684793264867214,-11.640041266636795,19.045346435828844
91.78,-8.088810071125542,-12.21044773990261,19.47253020388296
91.79,-8.508320188045703,-12.772297312748782,19.98338580784282
91.8,-8.940561323198091,-13.31552602086645,20.580981711060588
91.81,-9.381995818055467,-13.828412197472916,21.2669596434028
91.82000000000001,-9.82823058237884,-14.297677749799444,22.041037487530456
91.83,-10.273960940898556,-14.708732498110397,22.900477881663527
91.84,-10.712951286025543,-15.046092752935602,23.83956179708127
91.85000000000001,-11.13806676673231,-15.29399570167921,24.849123099148123
91.86,-11.541370138383824,-15.437213077783213,25.916215319083385
91.87,-11.91429563966812,-15.462040431930758,27.023991346102903
91.88,-12.247906750531213,-15.357403713055904,28.151875419405595
91.89,-12.533236667021603,-15.115987360461506,29.276089861299326
91.9,-12.761699664986313,-14.735255386561176,30.370563727279162
91.91,-12.92554938612851,-14.218218769294118,31.408198344658782
91.92,-13.01834846566672,-13.573808319957273,32.3624025178788
91.93,-13.035405383395583,-12.816747701692355,33.2087503687622
91.94,-12.974131483761402,-11.966884970756759,33.9265727167564
91.95,-12.834275499013875,-11.04802270535596,34.5002824178225
91.96000000000001,-12.618004838207781,-10.086369086442456,34.9202622756088
91.97,-12.329820748930562,-9.108795370790862,35.18320777283761
91.98,-11.976315004400897,-8.141113232651078,35.291902286282784
91.99,-11.565795030368943,-7.206572121944795,35.254489552330426
92.0,-11.107818714550458,-6.324727292623449,35.08337696137958
92.01,-10.612687208330467,-5.5107579300367036,34.79394022982534
92.02,-10.09094333740216,-4.775240122535621,34.40320149791732
92.03,-9.552916010185957,-4.124317389807742,33.9286247967078
92.04,-9.008339606954374,-3.5601718662625395,33.38712695914365
92.05,-8.466064443634883,-3.0816842690103656,32.794351581971554
92.06,-7.933862369438687,-2.685176588448515,32.16420922343456
92.07000000000001,-7.418321941187632,-2.365150877865368,31.50865482935347
92.08,-6.924821112930054,-2.114962973201457,30.8376550937822
92.09,-6.457561950090582,-1.9273952958140572,30.15929244510138
92.10000000000001,-6.019651011878288,-1.7951142068692563,29.4799552548758
92.11,-5.613210022245856,-1.711013016303435,28.804572011285806
92.12,-5.239503540106132,-1.6684516592852514,28.136857443762384
92.13,-4.899072931741527,-1.6614091429484303,27.47954871461822
92.14,-4.591868596260267,-1.6845664069331527,26.834618523156017
92.15,-4.3173748171559465,-1.733336483656743,26.203458761824052
92.16,-4.074723664202084,-1.8038568179691916,25.58703319008415
92.17,-3.8627960029590804,-1.8929560567900094,24.98600069898185
92.18,-3.680308899278694,-1.9981050279852421,24.400812492864198
92.19,-3.5258895821679284,-2.1173592642246053,23.83178728910277
92.2,-3.398136712444242,-2.249298413758133,23.27916876038891
92.21000000000001,-3.2956700597630917,-2.3929662441109363,22.743169176917924
92.22,-3.2171698736824887,-2.5478136622101135,22.224002737237853
92.23,-3.161407293206148,-2.71364619647251,21.72191153524655
92.24,-3.1272671118135187,-2.890576656577721,21.23718657694598
92.25,-3.113764130500149,-3.0789831507543375,20.770185778680226
92.26,-3.1200542113220724,-3.2794722505106644,20.32135046868124
92.27,-3.1454410036320657,-3.492846808602537,19.891221579835324
92.28,-3.18937916496261,-3.720077724783712,19.48045645795861
92.29,-3.251474744904533,-3.962278789050352,19.08984700533897
92.3,-3.3314832470245115,-4.220683592425654,18.720339719801796
92.31,-3.4293057323707616,-4.496623363783187,18.3730580595446
92.32000000000001,-3.544983178350069,-4.791504454146998,18.049327446939728
92.33,-3.6786891574939045,-5.106784036694924,17.75070310279276
92.34,-3.8307207498869484,-5.443942413675804,17.479000756859147
92.35000000000001,-4.001487448450227,-5.804450116458129,17.236330088946858
92.36,-4.191497655533577,-6.189727752382507,17.025130492399366
92.37,-4.401342200615599,-6.601096298920984,16.848208388574392
92.38,-4.63167413182499,-7.039715288173935,16.70877482269503
92.39,-4.883183850192556,-7.506506092767235,16.610481399177274
92.4,-5.156568470267941,-8.002057366512057,16.557451726390113
92.41,-5.452494114569282,-8.526509684345964,16.55430439615349
92.42,-5.771549700517814,-9.079416674448643,16.60616209052694
92.43,-6.114190685822762,-9.65958059119295,16.718639678337176
92.44,-6.480671244340212,-10.264861538758298,16.897802170419624
92.45,-6.870963508994461,-10.891961667766791,17.150081253361236
92.46000000000001,-7.284662920806528,-11.536188913044866,17.482137038953752
92.47,-7.720879462566472,-12.19120950364855,17.900650037548907
92.48,-8.178115746514164,-12.848804775619712,18.412027791647084
92.49,-8.654134684272401,-13.498655793332375,19.022011949783128
92.5,-9.145821888272192,-14.128188627178057,19.735175928740272
92.51,-9.649051066955797,-14.722522963347439,20.55431197114495
92.52,-10.158564387030953,-15.264575345061168,21.479720544097276
92.53,-10.667883792030272,-15.735373087065943,22.508435317695493
92.54,-11.16927301976422,-16.114632133527856,23.633442920329426
92.55,-11.6537726616169,-16.381637685920445,24.84298584381825
92.56,-12.111330866209189,-16.516436656252356,26.120064162850653
92.57000000000001,-12.531048876388613,-16.50130443535064,27.44226920024466
92.58,-12.901552347689128,-16.32238793170979,28.782080034122092
92.59,-13.211485837710168,-15.971361250975276,30.107722422137684
92.60000000000001,-13.450109701122033,-15.44687507695772,31.384624341169616
92.61,-13.60795821186616,-14.755555115920668,32.577406760246134
92.62,-13.67749899458322,-13.912326587983381,33.65223802484554
92.63,-13.653721634745715,-12.939919069517778,34.57928146903525
92.64,-13.534582101355392,-11.867531334176377,35.33490883376423
92.65,-13.321241778187598,-10.72878375467084,35.90336041460297
92.66,-13.018064575396298,-9.5592189556484,36.27761294606147
92.67,-12.632368341359243,-8.393692913417116,36.459351911253165
92.68,-12.173960690783174,-7.26400613519525,36.45810159180113
92.69,-11.65451708843529,-6.197058474207161,36.28970275699603
92.7,-11.086875119485656,-5.2136941345205265,35.97441191955617
92.71000000000001,-10.484321239289768,-4.328270337396214,35.53491397137189
92.72,-9.859936394060174,-3.5488677300045444,34.99449892505084
92.73,-9.226048775689042,-2.877985026960712,34.37557509799591
92.74,-8.593820620421779,-2.313531004210164,33.69860150164263
92.75,-7.972975839904796,-1.8499369799557859,32.9814431003918
92.76,-7.3716593666748915,-1.4792482698125027,32.23909647387773
92.77,-6.796408675676679,-1.1920987617124175,31.483703336528606
92.78,-6.25221286177688,-0.9785169118229401,30.724761675763105
92.79,-5.74263388366401,-0.8285471423369436,29.96945207451486
92.8,-5.269966757822023,-0.7326953091938667,29.223012886914866
92.81,-4.835419285960127,-0.6822211827220184,28.48911654958264
92.82000000000001,-4.439296277515697,-0.6693069246618321,27.77021664920148
92.83,-4.081177473022463,-0.6871309606391319,27.067849496746717
92.84,-3.760082078694834,-0.7298737801466231,26.382884312657353
92.85000000000001,-3.474615817257689,-0.7926778230069609,25.71572296805648
92.86,-3.2230986704263103,-0.8715789081362709,25.06645421075942
92.87,-3.0036731080716343,-0.9634223012654884,24.434969186992912
92.88,-2.8143936801020946,-1.0657728158757456,23.821045541735128
92.89,-2.6532995086213873,-1.1768253792580534,23.224406998452363
92.9,-2.5184715688986303,-1.295320229329748,22.64476449043448
92.91,-2.4080767792512723,-1.420465235902419,22.081843916488545
92.92,-2.32040090387322,-1.5518666451658523,21.535404594419514
92.93,-2.2538721629322698,-1.689468717649405,21.00525158135386
92.94,-2.2070772799917644,-1.8335021736393111,20.491244263816117
92.95,-2.178771505279115,-1.9844410004111883,19.99330300335308
92.96000000000001,-2.1678839528904015,-2.142966954352425,19.511415147553397
92.97,-2.1735193924674925,-2.3099409640962048,19.045641364349418
92.98,-2.1949574482492924,-2.4863805753248123,18.596123008939816
92.99,-2.2316499843462605,-2.67344254938105,18.163091067032944
93.0,-2.283217295901398,-2.8724097176525696,17.746877116721517
93.01,-2.349443581084454,-3.084681187363912,17.34792669800034
93.02,-2.4302720370201176,-3.311764980122363,16.966815460030563
93.03,-2.5257998012923335,-3.5552721521617467,16.604268460017227
93.04,-2.6362728464298075,-3.8169113854312533,16.26118300350868
93.05,-2.7620808240337693,-4.098482942525616,15.938655433835612
93.06,-2.903751743732837,-4.401870736975965,15.63801228723516
93.07000000000001,-3.0619462552588996,-4.729031074536487,15.360846216767737
93.08,-3.2374511745334584,-5.081976361850654,15.109057035587249
93.09,-3.4311717513014197,-5.4627517481235,14.884898116183074
93.10000000000001,-3.644122010949908,-5.873402257248873,14.691028177079035
93.11,-3.8774123112753918,-6.315927480997709,14.530568152540122
93.12,-4.132233031461834,-6.792220345747472,14.407162322295955
93.13,-4.409833052552472,-7.303985857920875,14.325042111076407
93.14,-4.711491396819873,-7.852635122575434,14.289089870565384
93.15,-5.038480074184536,-8.439149397511981,14.304898434135032
93.16,-5.392015853333361,-9.063908627103729,14.378820184719034
93.17,-5.773198364327591,-9.72647900536544,14.517996702372093
93.18,-6.182931700712379,-10.425354954375535,14.730356698399326
93.19,-6.6218266048742205,-11.157652900330566,15.02456591620591
93.2,-7.090080512355352,-11.918757945489181,15.409908158260825
93.21000000000001,-7.587333368376588,-12.701930645959797,15.896072016823002
93.22,-8.112498433539129,-13.497890333283152,16.492814073696763
93.23,-8.663569529777238,-14.294404363515344,17.20946767215052
93.24,-9.237409621133093,-15.075929522198395,18.05426890866896
93.25,-9.82953050773824,-15.823371844231836,19.03348098360908
93.26,-10.433879807971765,-16.51405207884176,20.150317658793917
93.27,-11.042659062405665,-17.121981470671635,21.403699191577605
93.28,-11.64620493287858,-17.61855927740386,22.786921029399547
93.29,-12.232972578788614,-17.973789922057307,24.286374422189347
93.3,-12.789664034235171,-18.158073569127456,25.880520681106127
93.31,-13.301541793119762,-18.144541840904807,27.53937123787706
93.32000000000001,-13.752955789411278,-17.91179148376802,29.2247411595428
93.33,-14.128088548371478,-17.44672866702856,30.891499426412892
93.34,-14.411889018125104,-16.74710844426379,32.48991778336779
93.35000000000001,-14.591124838318638,-15.823284431099294,33.96902442275174
93.36,-14.655444084215311,-14.698719129715002,35.28063268627342
93.37,-14.598312049093218,-13.408969507933826,36.38350154626104
93.38,-14.417686884218465,-11.999137052545835,37.24696936410919
93.39,-14.1163252970045,-10.520090625024835,37.85344249264054
93.4,-13.701662968373148,-9.024038863850368,38.19932413164525
93.41,-13.185282146610279,-7.560159630255459,38.29428446670603
93.42,-12.582044114485717,-6.170946635638869,38.15910538470658
93.43,-11.90901085599439,-4.88973150909661,37.82258309409898
93.44,-11.184298658269812,-3.7395575770317144,37.31807750156873
93.45,-10.425996025028434,-2.7333096241827453,36.680252456891935
93.46000000000001,-9.651246457734779,-1.8748111656298323,35.94239887060489
93.47,-8.875554681869012,-1.1605157909934993,35.134538246305844
93.48,-8.112333721441438,-0.5814312896583885,34.28232617466525
93.49,-7.372677489293969,-0.1249906674644351,33.406649302016596
93.5,-6.665322599291325,0.22331555485750082,32.523744666379315
93.51,-5.996753625274685,0.4786361136531809,31.645657745247693
93.52,-5.371405551981777,0.6558015751720584,30.780877261814354
93.53,-4.791922461670255,0.7686821901697521,29.93502281137045
93.54,-4.2594396160619485,0.829806709557846,29.111502161836356
93.55,-3.7738648181532812,0.8501811984600536,28.312090652147692
93.56,-3.334142906473512,0.8392507904254753,27.537412126165208
93.57000000000001,-2.938493786237981,0.8049564057368624,26.787319052607337
93.58,-2.584619370048554,0.753849055297726,26.06118025303961
93.59,-2.269878305128999,0.6912343444014264,25.35808989396363
93.60000000000001,-1.9914296562357987,0.6213281963416037,24.677012928763016
93.61,-1.7463480767350639,0.5474113717283373,24.01688148900844
93.62,-1.5317136952855288,0.4719751916738803,23.37665490188955
93.63,-1.3446801863460451,0.3968542733928573,22.755353764375435
93.64,-1.182524442996646,0.3233443814703991,22.152076262977697
93.65,-1.042681048526349,0.2523049824605068,21.566002917015332
93.66,-0.9227644303391839,0.18424700438150587,20.996394237946053
93.67,-0.8205812296740926,0.11940682776789321,20.442584453590275
93.68,-0.7341350672557345,0.057807802397966956,19.903973417218364
93.69,-0.6616255484300945,-0.0006893149380205604,19.380018061515813
93.7,-0.6014430426098746,-0.056345609175415104,18.87022421521333
93.71000000000001,-0.552160496087366,-0.10951161550128438,18.374139227070025
93.72,-0.5125232959029886,-0.160602062356168,17.891345595607824
93.73,-0.48143799469054643,-0.21007664299283535,17.42145564872969
93.74,-0.4579605301773158,-0.2584258356429957,16.96410722774406
93.75,-0.44128442554480307,-0.3061609175941457,16.518960284599018
93.76,-0.4307293351094455,-0.3538074384426246,16.085694284062797
93.77,-0.42573020066558587,-0.4019015297171891,15.664006303347566
93.78,-0.4258272043461376,-0.45098853044498355,15.253609732839521
93.79,-0.4306566411845493,-0.5016235003879161,14.854233498288927
93.8,-0.4399427861238556,-0.5543732745201189,14.465621743994355
93.81,-0.45349079369066514,-0.6098197841445253,14.087533936456383
93.82000000000001,-0.4711806418724478,-0.6685644324078304,13.719745367849796
93.83,-0.49296211310015137,-0.7312333655617347,13.362048058251208
93.84,-0.5188507930810436,-0.7984835268881132,13.014252075048699
93.85000000000001,-0.5489250612054,-0.8710094185017135,12.67618730781011
93.86,-0.5833240432178645,-0.9495505279446319,12.347705757743563
93.87,-0.6222464968210327,-1.0348994021517532,12.028684423535498
93.88,-0.6659506030246952,-1.127910371386034,11.719028890707952
93.89,-0.7147546396357309,-1.2295089402848358,11.41867776072927
93.9,-0.7690385176398852,-1.340701872107234,11.12760809010454
93.91,-0.8292461657317539,-1.4625879951508107,10.845842049876948
93.92,-0.8958887522702941,-1.5963697561801218,10.573455063871133
93.93,-0.9695487367851914,-1.7433655330556168,10.310585741267783
93.94,-1.0508847440311218,-1.905022695290445,10.05744798756066
93.95,-1.1406372514927634,-2.082931363726301,9.814345759613193
93.96000000000001,-1.2396350749175786,-2.2788387643552954,9.581691027486423
93.97,-1.3488026242396358,-2.494663990291695,9.36002561997857
93.98,-1.46916788196337,-2.7325128716003566,9.15004776410463
93.99,-1.6018710247853458,-2.9946924938773893,8.952644282000803
94.0,-1.7481735630685686,-3.2837246882923337,8.768929581441954
94.01,-1.9094678066130883,-3.602357518806442,8.600292765197256
94.02,-2.087286372228479,-3.9535733913872244,8.44845438238566
94.03,-2.2833113200839996,-4.340591873363726,8.315534537462613
94.04,-2.499382330302456,-4.766864598949869,8.204134234307427
94.05,-2.737503094296478,-5.2360587015045645,8.117431922506174
94.06,-2.9998447788875424,-5.752023998922173,8.059297164365129
94.07000000000001,-3.2887450034649466,-6.318737606012684,8.034423053061404
94.08,-3.6067002259804712,-6.940217700593849,8.048478333161281
94.09,-3.956348734883292,-7.620395790769514,8.10827888434942
94.10000000000001,-4.34044056464656,-8.362934028624418,8.221976017076203
94.11,-4.761789573253945,-9.170970993503364,8.399255472311776
94.12,-5.223201640957283,-10.046776199660032,8.65153556768691
94.13,-5.727371509598767,-10.991290927929771,8.992144922088317
94.14,-6.276739289461402,-12.003531849030663,9.43644889472351
94.15,-6.873296340590523,-13.079835969211969,10.001878665603359
94.16,-7.518329491757783,-14.212933255230475,10.707797558733024
94.17,-8.21209305366212,-15.390850524066062,11.575116572241447
94.18,-8.953400809023686,-16.595681462987592,12.62554787972956
94.19,-9.739136491418488,-17.80230801745885,13.880367299806943
94.2,-10.563692873650476,-18.9772316018379,15.358555118466573
94.21000000000001,-11.418368160854179,-20.077767798572403,17.07421565247944
94.22,-12.290774936987946,-21.05196464451119,19.03326092130759
94.23,-13.164350588201577,-21.83969490918631,21.229504079109148
94.24,-14.018094512290542,-22.37539785867894,23.640553591666528
94.25,-14.826686850968283,-22.592837497734674,26.224208677187832
94.26,-15.561150436790872,-22.431933379950735,28.916357040203266
94.27,-16.190183118147,-21.847179074910226,31.631531550363558
94.28,-16.68219609540767,-20.8164631009157,34.267119178042414
94.29,-17.00794472782135,-19.348458619048607,36.7115988506385
94.3,-17.143457067849134,-17.486475793872923,38.85613896757058
94.31,-17.072806621932802,-15.307077427477363,40.60768449630836
94.32000000000001,-16.79020812832827,-12.912917014067459,41.90079614633025
94.33,-16.300989544109708,-10.42086108595331,42.70545537463469
94.34,-15.621210062768283,-7.947882549577159,43.02899525324964
94.35000000000001,-14.775990522989135,-5.597831936804901,42.91194933966177
94.36,-13.796898267839818,-3.4517462753356347,42.41925994161277
94.37,-12.718892373523033,-1.5630954155552808,41.62929768273974
94.38,-11.577347987356625,0.04211148478765092,40.62322571434169
94.39,-10.405563368335871,1.3615540019141315,39.476560357089014
94.4,-9.232972991564472,2.410831881915695,38.253771940122775
94.41,-8.084111830245293,3.2172525748640863,37.005862883378605
94.42,-6.978244437444252,3.8142696086377637,35.77029265823809
94.43,-5.929502526040614,4.237132846577192,34.57241842018113
94.44,-4.947358393546347,4.519877198808158,33.42768375236249
94.45,-4.037280334708789,4.693505360485685,32.34398147853529
94.46000000000001,-3.201451428324182,4.785099535515567,31.323833711426115
94.47,-2.439471023237066,4.8175804724769264,30.36621396260061
94.48,-1.7489911250928456,4.809871184588551,29.46796232228903
94.49,-1.1262647342882315,4.777281608375886,28.624818840474582
94.5,-0.5666000069115604,4.731988169898576,27.832135234603502
94.51,-0.06472430819306696,4.683529378788919,27.08533488933415
94.52,0.38493241415750223,4.6392729488969096,26.380187054420855
94.53,0.7880233632202535,4.604832908728337,25.712950866431296
94.54,1.150127955154196,4.584429325660921,25.080432913132476
94.55,1.4766412783540384,4.581191265477877,24.479990918848202
94.56,1.7727003351562924,4.597407609190033,23.909506763369624
94.57000000000001,2.0431388976533427,4.634731933684562,23.36734468658854
94.58,2.2924641960769083,4.694347894421595,22.852305022778385
94.59,2.5248498979248506,4.777101094305973,22.363579847286893
94.60000000000001,2.744140897991628,4.88360267463067,21.900714170550906
94.61,2.9538663240655993,5.014309034731389,21.463574474990992
94.62,3.1572578851558704,5.169581281233124,21.052325204846458
94.63,3.357271268833205,5.3497272682481025,20.6674130855343
94.64,3.556608752147044,5.555028427034576,20.309558712968258
94.65,3.7577415453697713,5.785752993191766,19.979754598363836
94.66,3.9629306558024844,6.0421567125544495,19.67926869413292
94.67,4.174245253952756,6.324471635605992,19.409652297348376
94.68,4.393577658562883,6.632883190611598,19.172751080436957
94.69,4.622654141004286,6.967495360165509,18.970717796598986
94.7,4.863040793813208,7.32828348488159,18.806024919911938
94.71000000000001,5.116143723454419,7.715034002014528,18.68147508307058
94.72,5.3832028260888425,8.12727032869471,18.600206651301
94.73,5.66527840216058,8.564164166826941,18.56569110960978
94.74,5.9632298798998,9.024431804222074,18.581718145832095
94.75,6.27768597348662,9.506215597054048,18.652363408541145
94.76,6.609005729190294,10.006951841880989,18.781932963556564
94.77,6.957230150003625,10.523227791524594,18.974877569052868
94.78,7.322024480756703,11.050632745271896,19.23566920442171
94.79,7.702611830887751,11.583611029220366,19.568632070192137
94.8,8.097699660346573,12.115328288006825,19.977720866222597
94.81,8.50540179566249,12.637566719810065,20.466240984416224
94.82000000000001,8.92316009441725,13.140669388267359,21.036508813533285
94.83,9.347671609236281,13.613557943625691,21.6894561303568
94.84,9.774829018684215,14.043851040043952,22.424190885351866
94.85000000000001,10.199683995902113,14.418111142883077,23.23753758368874
94.86,10.616444760303157,14.722243701180087,24.123593320574084
94.87,11.01851986304559,14.942063215641657,25.073348902107284
94.88,11.398619759312004,15.06402439421178,26.074435888916277
94.89,11.748925371916,15.076093266086593,27.11106639586585
94.9,12.061328228542777,14.968704519177633,28.164229125238744
94.91,12.327739747165865,14.73572143973124,29.212188926660314
94.92,12.540458244074852,14.37528994043451,30.23130654242435
94.93,12.692572275525336,13.89046587578386,31.197151811282176
94.94,12.778369642237497,13.28950216968413,32.085833418755534
94.95,12.793714807624351,12.58571303437407,32.87542118721847
94.96000000000001,12.736355543536346,11.79688499213748,33.547304730203315
94.97,12.60612359105886,10.944270226770016,34.08732540575371
94.98,12.405004094164093,10.051263452804507,34.486541973604176
94.99,12.137063205482592,9.1419138150223,34.74154144505917
95.0,11.808240045565295,8.239446245759709,34.85427478540787
95.01,11.426025001951386,7.364957255693847,34.83146702859573
95.02,10.999058307788346,6.536412001381769,34.68370760170541
95.03,10.536689056614629,5.76801340943534,34.42435848798461
95.04,10.048534796449777,5.069954072075253,34.068421887163105
95.05,9.544076452510575,4.448510233399509,33.631489117214805
95.06,9.03231432828984,3.9064026219134003,33.12885733116366
95.07000000000001,8.521500438865612,3.44333365990599,32.57486032019018
95.08,8.018952340047337,3.05661238100982,31.98242283830684
95.09,7.530945278137779,2.7417920529676536,31.362819916333837
95.10000000000001,7.0626735740552995,2.4932651464639823,30.725605480777222
95.11,6.618268755782003,2.304780874069675,30.078667487911314
95.12,6.200860735949076,2.1698686298935543,29.42836739036967
95.13,5.812668758125188,2.0821645767482693,28.77972724983013
95.14,5.455110324761656,2.0356479972610844,28.13663563328016
95.15,5.128918357506856,2.0247993535576305,27.502051656626826
95.16,4.834259032160393,2.0446941951425477,26.878193957533096
95.17,4.57084481080477,2.0910470957069105,26.26670739412296
95.18,4.338039011137366,2.16021854496858,25.66880472647436
95.19,4.134949742905879,2.2491958286801097,25.08538356379373
95.2,3.960512197375827,2.3555568488088143,24.51712070431082
95.21000000000001,3.813559126293584,2.477423841076242,23.96454694659404
95.22,3.692879936928114,2.6134121816826847,23.42810578030078
95.23,3.597269209293672,2.7625779937670965,22.908199295657287
95.24,3.5255656580079493,2.9243670677971756,22.40522435526893
95.25,3.4766826558719015,3.0985666707578856,21.919601670361835
95.26,3.4496314433215396,3.2852610965455122,21.45179999580231
95.27,3.443538094301595,3.484791261741489,21.002357251714486
95.28,3.4576552152350204,3.697718237005494,20.571900018491633
95.29,3.4913692344890777,3.9247902897193594,20.161162544835054
95.3,3.5442040054699038,4.166912768791147,19.771006153137428
95.31,3.6158213040813805,4.425119963517593,19.402439714538065
95.32000000000001,3.706018654907315,4.70054789562945,19.056641684799636
95.33,3.814724772221779,4.994406841793863,18.73498402668957
95.34,3.9419927524338836,5.307952221444411,18.43905817771912
95.35000000000001,4.087991003495954,5.642452314245041,18.170703034897883
95.36,4.252991743326577,5.999151089523192,17.932034699383255
95.37,4.437356742621744,6.379224238815242,17.72547742969322
95.38,4.6415198273631075,6.783726311640705,17.553794865733206
95.39,4.865965494057797,7.213526682950881,17.42012007770995
95.4,5.111202829763047,7.669231960919041,17.32798233276445
95.41,5.377733776351409,8.151092426231223,17.281327627329222
95.42,5.666014646542938,8.65889025228919,17.2845289799552
95.43,5.9764097074194025,9.19180769181963,17.342381206851062
95.44,6.30913562432632,9.748274264384008,17.460073427010762
95.45,6.66419564491804,10.325793410458754,17.64313092838963
95.46000000000001,7.041302653962295,10.920751288682611,17.897316406582046
95.47,7.439790713071617,11.528213591055344,18.22847920359353
95.48,7.858515496692107,12.141720615422985,18.64234040835623
95.49,8.295745232780604,12.75309644941347,19.144202085979085
95.5,8.749045431137533,13.35229487135975,19.738571213991897
95.51,9.215162878565282,13.927312011096468,20.428694000475485
95.52,9.689917072167864,14.464202986786383,21.21600504819559
95.53,10.168110306138384,14.947245046037496,22.099509010512993
95.54,10.643470706669559,15.359290888454588,23.075130072929554
95.55,11.108645089171603,15.682349970027406,24.135085811176786
95.56,11.555259825959396,15.898419744601876,25.26736411728457
95.57000000000001,11.97406701927225,15.99056087400004,26.455400359790477
95.58,12.355189213391329,15.94417047082615,27.678060330940504
95.59,12.688467947472658,15.748359034629845,28.91002559389507
95.60000000000001,12.963909569862274,15.3972880304958,30.122645602951167
95.61,13.172206819817234,14.89128832700015,31.285263628905994
95.62,13.305298844777747,14.237569034748075,32.366946294524666
95.63,13.356918724026038,13.450353117220466,33.33846294460904
95.64,13.323069819602017,12.550343972536972,34.17429126435975
95.65,13.202373409455175,11.563527555790941,34.85439093002952
95.66,12.996241417077831,10.519427025964328,35.36550271811808
95.67,12.708848501291412,9.449023850628635,35.7017983218179
95.68,12.34690368172725,8.382615222405668,35.86481227447
95.69,11.919247813375106,7.347878133605525,35.8627059018088
95.7,11.43632425386675,6.368357478752758,35.70901481471325
95.71000000000001,10.909582114883044,5.462506136395564,35.42109347318628
95.72,10.350873129321425,4.643304266264889,35.01848361864854
95.73,9.77189552353894,3.9183972205126762,34.521403158408006
95.74000000000001,9.183724324907022,3.290632552064288,33.94949380718736
95.75,8.596450944008533,2.7588517124332874,33.32089816584163
95.76,8.018938987373621,2.3187968379231667,32.65167583666716
95.77,7.4586903931747255,1.9640177817887952,31.955523278182824
95.78,6.921807219579064,1.686698399183798,31.243736367912938
95.79,6.413029774508464,1.478355115929784,30.52534602849753
95.8,5.935830581555359,1.3303893834729232,29.807361099666053
95.81,5.492544943741287,1.234496335202962,29.09506368111287
95.82000000000001,5.084521596822707,1.18294479212632,28.392315995483656
95.83,4.712280305309011,1.1687500524539034,27.701851342139204
95.84,4.37566665124378,1.1857624672043794,27.02553319650817
95.85000000000001,4.073997332661432,1.228693411463243,26.364575283869602
95.86,3.8061918467661378,1.293097321905717,25.719721542535268
95.87,3.5708884348453633,1.3753249794146856,25.091388682629688
95.88,3.366543644497499,1.472459786520493,24.479776072308432
95.89,3.19151589335007,1.5822457481919168,23.884948465622195
95.9,3.044134084246406,1.7030133395614955,23.306897069014738
95.91,2.922752709693017,1.8336074450119697,22.745583967826715
95.92,2.8257950674650356,1.9733200272062192,22.200974242178404
95.93,2.7517862504386947,2.1218290545576832,21.673059351992595
95.94,2.699377519273233,2.2791444001820094,21.161874658773673
95.95,2.667363551887794,2.4455608506859194,20.667513326855996
95.96000000000001,2.6546939143030692,2.621617966868195,20.190138328826126
95.97,2.6604799310943434,2.8080662701617705,19.729993869742167
95.98,2.68399796223333,3.00583904878073,19.287417233174175
95.99000000000001,2.724689923825614,3.216028955170651,18.862851824437477
96.0,2.7821617272291777,3.439868477401304,18.4568620263546
96.01,2.8561801558958146,3.678713292530422,18.070150374106525
96.02,2.9466685518563844,3.934027434273833,17.703577482548933
96.03,3.053701542595251,4.207369117673801,17.358185106763873
96.04,3.177498901661265,4.5003759488470765,17.03522266971854
96.05,3.318418499534254,4.814748098780351,16.736177534091848
96.06,3.4769481612672144,5.152227828477714,16.462809211094992
96.07000000000001,3.653696100194596,5.514573512471169,16.217187566692616
96.08,3.8493794384192146,5.903526015747338,16.00173487950681
96.09,4.064810151070992,6.320764937443125,15.819271293015452
96.10000000000001,4.300877579577282,6.767851853130447,15.673062747842097
96.11,4.558526448285257,7.246157288571279,15.566869829666484
96.12,4.838729090716993,7.756767782860806,15.504995067670595
96.13,5.142450353512101,8.300369116950948,15.492325004225837
96.14,5.470603412403823,8.877101702574786,15.534361765000712
96.15,5.823994531347253,9.486384406574102,15.637236837448066
96.16,6.203254664976225,10.126703952454742,15.807697294501212
96.17,6.608755808886488,10.79536879736498,16.05305182473815
96.18,7.040510231459447,11.488229409618452,16.38106081132936
96.19,7.49805129555465,12.19937160961153,16.799751684809962
96.2,7.9802956501346,12.920796528692858,17.317138472332225
96.21000000000001,8.485388315971727,13.642110116743439,17.940823847487614
96.22,9.010534782930982,14.350257009144789,18.67746443592522
96.23,9.551827814134427,15.029347358358509,19.532087435988707
96.24000000000001,10.104081236167554,15.660639364465714,20.507260766216255
96.25,10.660688389226994,16.222751735344037,21.60214170650419
96.26,11.213528579499792,16.69218457309113,22.811461052552968
96.27,11.752949820731214,17.04421818559364,24.12453961106172
96.28,12.26785886306426,17.25423059123636,25.524476303043365
96.29,12.745948062669491,17.299421226827498,26.987682536198957
96.3,13.174081057306969,17.16085065472382,28.483951891240423
96.31,13.538844069099977,16.825612348839805,29.977231816482657
96.32000000000001,13.827246988585463,16.288861923786754,31.42719276894274
96.33,14.027530511347285,15.555369512594199,32.791568773904935
96.34,14.130007437505007,14.640262557936655,34.02908780643931
96.35000000000001,14.127844773994202,13.56870943964894,35.102655744272624
96.36,14.017685741893034,12.374456999232034,35.98235057195358
96.37,13.800022137065609,11.097345901716409,36.64776637411846
96.38,13.47925799219342,9.78013213527856,37.08933847512644
96.39,13.063449744761268,8.465080838290804,37.30846534977263
96.4,12.563756261696309,7.190828657127813,37.31647024772905
96.41,11.993672887270016,5.98992728290375,37.13265166764062
96.42,11.368148324929543,4.8873150688173865,36.781802907772644
96.43,10.702687859995038,3.8997693608441724,36.29161231259165
96.44,10.01253304039466,3.036223017446809,35.69029697094426
96.45,9.311982459521419,2.2987197702510347,35.00470717702523
96.46000000000001,8.613888284758879,1.6837442761133723,34.25900796821987
96.47,7.929335309292769,1.1836822838897993,33.47393092924832
96.48,7.267487872879546,0.7882216287782787,32.66651243732222
96.49000000000001,6.635576631975188,0.4855724537384602,31.85019680486597
96.5,6.038991371675689,0.2634477367317967,31.035177338513435
96.51,5.481446127355079,0.10979347052155786,30.228863882114045
96.52,4.965186726290452,0.013289183461404161,29.436390952561304
96.53,4.49121656669703,-0.03634419843279461,28.66110783401552
96.54,4.059522594751032,-0.048187003680797535,27.905015994980232
96.55,3.66928911557708,-0.030073771939847845,27.169137760337307
96.56,3.3190918239279448,0.011378070931917839,26.453813032639406
96.57000000000001,3.007068124849071,0.07069147997331975,25.758928774588313
96.58,2.731062488356431,0.14342588539654239,25.084090094433797
96.59,2.488747395702802,0.226061106748287,24.428743281551746
96.60000000000001,2.2777215694714714,0.31587932853740686,23.792261001452648
96.61,2.095587809470729,0.4108517524494104,23.17399881666476
96.62,1.9400130297495897,0.5095338910851916,22.573330761024003
96.63,1.8087731266877853,0.6109716027771056,21.989670180954874
96.64,1.6997851922718814,0.7146187001731028,21.422480650804356
96.65,1.611129383669671,0.8202661375040459,20.87128055800902
96.66,1.541062513755271,0.927982266207537,20.33564396571252
96.67,1.4880251663441424,1.0380633502885317,19.81519958852456
96.68,1.4506438830328596,1.1509933816808433,19.309629136850432
96.69,1.427729726780947,1.2674121821708788,18.81866586520655
96.7,1.4182743067622239,1.388090787169319,18.342093868319417
96.71000000000001,1.4214441522270935,1.5139131533323216,17.879748476702698
96.72,1.4365741506285497,1.6458632996564082,17.43151798640381
96.73,1.4631606161345914,1.785017068140412,16.997346896099263
96.74000000000001,1.5008544270551645,1.9325377667334187,16.577240803599096
96.75,1.549454562290228,2.089675027575879,16.17127312190095
96.76,1.608902274972615,2.2577662723486065,15.77959380420109
96.77,1.679276063155525,2.438240219442348,15.402440312165396
96.78,1.760787529666594,2.632621890427076,15.040151118494396
96.79,1.8537781629824786,2.8425385714839013,14.693182100712463
96.8,1.9587170148812652,3.06972615398277,14.362126256006285
96.81,2.0761991951996026,3.3160352111503504,14.047737244537498
96.82000000000001,2.2069450454413078,3.583436057289835,13.750957347830077
96.83,2.3517997870076064,3.8740218730621,13.472950504767024
96.84,2.5117333616292665,4.19000875365915,13.215141152822842
96.85000000000001,2.687840085642629,4.533731232854836,12.979259644580404
96.86,2.8813376196750164,4.9076314393971225,12.767395011350823
96.87,3.093564603754701,5.314239536051181,12.582055780145135
96.88,3.3259761165695023,5.756142458870409,12.426239378634008
96.89,3.580135877583048,6.23593720091223,12.303510330202602
96.9,3.8577038128476975,6.756163964569479,12.218086871769493
96.91,4.16041724150212,7.319213450383509,12.174934718174168
96.92,4.4900635050657405,7.927201398006428,12.179865314633014
96.93,4.8484413572576806,8.58180233755671,12.239633894823791
96.94,5.237307871756381,9.284033517351128,12.362029797255454
96.95,5.658307043017307,10.033979437144978,12.55594757092334
96.96000000000001,6.112875717129048,10.830447795464487,12.831422226190902
96.97,6.6021221099898755,11.670549643871517,13.199605450982288
96.98,7.126672130874925,12.549201096130984,13.672651819841139
96.99000000000001,7.68647930167697,13.458552324376656,14.26347548327101
97.0,8.280595622354825,14.387363264672718,14.985329727695415
97.01,8.906903764500413,15.32036590405976,15.851156362189238
97.02,9.561816031927918,16.2376811350073,16.872652716136493
97.03,10.239953135632447,17.1143933766332,18.059016285382924
97.04,10.933826287713982,17.92042507774954,19.415357173882274
97.05,11.633559167020524,18.62088796180718,20.940822894079375
97.06,12.326700690869162,19.17710475739122,22.626562569300187
97.07000000000001,12.998192515409174,19.548474815487438,24.453764775874788
97.08,13.630562315672115,19.695277775762932,26.392119273758695
97.09,14.204409261460318,19.582355550990666,28.399145096836016
97.10000000000001,14.699225666909502,19.183387525043212,30.42084794730048
97.11,15.094554884534528,18.485213043177072,32.39406698849126
97.12,15.37142214795747,17.491433897895988,34.25061378621909
97.13,15.513902629732957,16.224448086243424,35.92291362321724
97.14,15.51062821850722,14.725212708741727,37.35042091935443
97.15,15.35600403092646,13.050431500316105,38.48574276365496
97.16,15.050925238217163,11.267430758656118,39.299318186126754
97.17,14.602857981200463,9.447552031174292,39.781743548001536
97.18,14.02525963894846,7.6592501948219365,39.9433558950243
97.19,13.336433178116138,5.962109986465624,39.811315797658985
97.2,12.55800405581411,4.402686045546101,39.42495439145563
97.21000000000001,11.71325260231935,3.012563298743822,38.83040737195242
97.22,10.825524663600811,1.8085148975352956,38.07551305102993
97.23,9.91689073734342,0.7942600217835982,37.20567937722276
97.24000000000001,9.007150757086977,-0.03683799280398903,36.26106108447984
97.25,8.113209885741595,-0.6987620361010434,35.27505780064895
97.26,7.2487950988636545,-1.209998125648131,34.273920003959745
97.27,6.424448895052533,-1.5911462445129716,33.277147417425084
97.28,5.647723765527162,-1.8631011719101565,32.29835966655431
97.29,4.923503658428655,-2.0457961312891753,31.34637270083498
97.3,4.254390190811905,-2.1574311819277083,30.42629062071935
97.31,3.64110636915224,-2.214079886073433,29.540496602861914
97.32000000000001,3.082885387952744,-2.2295674959447616,28.68948612009549
97.33,2.5778246882479694,-2.2155285790432995,27.872527162069186
97.34,2.1231951498924366,-2.1815721245369715,27.08815739632129
97.35000000000001,1.7157021264608106,-2.1355020346507594,26.334540991839223
97.36,1.3516994587224813,-2.0835577510837706,25.609712205114192
97.37,1.0273601899658513,-2.0306527607810216,24.911732180837838
97.38,0.7388089913149115,-1.980598071254053,24.238782199963165
97.39,0.4822217294219402,-1.9363040883879736,23.589212417707195
97.4,0.2538975043977753,-1.8999584081338852,22.96156091277818
97.41,0.050308085376900624,-1.8731795099893298,22.35455409828856
97.42,-0.13187087122076666,-1.8571477397100824,21.76709641648837
97.43,-0.29574302353152904,-1.8527156757842675,21.19825477849031
97.44,-0.4441857458396954,-1.8605002545803988,20.64724135570552
97.45,-0.5798530449287173,-1.8809590580818105,20.11339698542106
97.46000000000001,-0.7051847859022449,-1.9144530569050133,19.596176515641545
97.47,-0.8224204417437857,-1.9612979178437064,19.09513678873326
97.48,-0.9336159412622854,-2.0218057695888043,18.60992756857011
97.49000000000001,-1.0406624950505297,-2.0963190952723987,18.140285486657437
97.5,-1.1453065336931125,-2.1852381982285816,17.68603096889518
97.51,-1.2491701020760162,-2.289043473675056,17.247068068912274
97.52,-1.3537712234873966,-2.408313515878276,16.823387149429124
97.53,-1.4605438820423602,-2.543739897326013,16.41507040122955
97.54,-1.5708573760134161,-2.6961392713619023,16.02230025749899
97.55,-1.686034871433614,-2.866463269158825,15.645370841314689
97.56,-1.807371037664807,-3.0558064811073433,15.28470267064288
97.57000000000001,-1.9361486765165852,-3.2654126256909026,14.940860934650726
97.58,-2.073654265162122,-3.496678808352934,14.6145777443997
97.59,-2.22119232083816,-3.7511575498424463,14.306778846542008
97.60000000000001,-2.380098461493988,-4.030556007474259,14.018615365494608
97.61,-2.551750979492682,-4.3367315112781375,13.751501200023979
97.62,-2.7375806623858367,-4.671682175985756,13.507156732370348
97.63,-2.939078481742155,-5.037530913597296,13.28765949404267
97.64,-3.1578006229197055,-5.436500643609251,13.095502345815227
97.65,-3.3953701394081586,-5.870877863623162,12.933659532305553
97.66,-3.65347427810515,-6.34296099083525,12.805660610588667
97.67,-3.9338562297908664,-6.854989013002122,12.715671654803348
97.68,-4.238299706542018,-7.409045011861545,12.668582207802938
97.69,-4.568604332715455,-8.006928089538281,12.670095062110612
97.7,-4.926549363184592,-8.64998623636562,12.726813952721441
97.71000000000001,-5.31384272878124,-9.338901901652156,12.846321457309108
97.72,-5.732051891642545,-10.073421756084903,13.037235642498798
97.73,-6.182512540881401,-10.852022812935713,13.309229116485938
97.74000000000001,-6.666210885809588,-11.671509357662178,13.672988097738006
97.75,-7.183635386708422,-12.5265399157115,14.140082054276652
97.76,-7.734594458768193,-13.409091898211205,14.722706972988604
97.77,-8.317998341858539,-14.307884883986299,15.433258593287652
97.78,-8.931606382210171,-15.207802898910403,16.283688135315806
97.79,-9.57174590301583,-16.089382104263226,17.284595535945698
97.8,-10.233016076087395,-16.92846211044399,18.444028647080735
97.81,-10.90799992899752,-17.69613313815244,19.765986846970854
97.82000000000001,-11.58701947459327,-18.359139879267673,21.248679342421593
97.83,-12.257981650152166,-18.880913590570785,22.88266453834874
97.84,-12.90637371271137,-19.22337958819814,24.649092947047336
97.85000000000001,-13.515471887465381,-19.34960964551295,26.518376698762076
97.86,-14.06682121896744,-19.227245886853108,28.44968403373722
97.87,-14.54102264905187,-18.832420160225738,30.391665237861293
97.88,-14.91882259089495,-18.15366483624193,32.28471414905377
97.89,-15.182443054219661,-17.195124206703518,34.06483309776971
97.9,-15.317026322131557,-15.978316371510685,35.66881996706017
97.91,-15.312013863833753,-14.54183633701479,37.0401141071132
97.92,-15.162254051613955,-12.938747219554992,38.13434979038808
97.93,-14.868652254862255,-11.231905483656671,38.92359866049226
97.94,-14.438242571875456,-9.48795782241752,39.39849959478739
97.95,-13.883659283814513,-7.77106108072081,39.56793058594717
97.96000000000001,-13.222091857800075,-6.137400971048241,39.456427127830615
97.97,-12.47389092224969,-4.631322104075135,39.10001235563219
97.98,-11.661033510991064,-3.2834416956957737,38.541339040729014
97.99000000000001,-10.805648921326068,-2.110662568606481,37.82501589883373
98.0,-9.928761716883677,-1.1176632772171557,36.99376236382514
98.01,-9.049344338808815,-0.2992874661168523,36.08572059740696
98.02,-8.183707522379544,0.35673170986661284,35.13295949039044
98.03,-7.345205744752978,0.8671523901263899,34.16099924028047
98.04,-6.54420309216292,1.2509852395532337,33.18908416068262
98.05,-5.7882315939449995,1.5277568806865105,32.23091795650762
98.06,-5.082274821606082,1.7162832371944448,31.295617196391078
98.07000000000001,-4.429118875662385,1.8338918243695168,30.38870361507664
98.08,-3.829725918594976,1.896001673515113,29.51302168577662
98.09,-3.283598723430453,1.9159655816111152,28.669522451530213
98.10000000000001,-2.7891163341574075,1.9050901910565963,27.85789382359095
98.11,-2.3438300743665677,1.87276631819784,27.07704227307361
98.12,-1.9447157387688299,1.8266594945579064,26.325444089388984
98.13,-1.588382194293839,1.772926045530491,25.60138963387429
98.14,-1.2712392816000753,1.7164321844028951,24.903144313352232
98.15,-0.9896293193789435,1.6609625460278878,24.229047616179532
98.16,-0.7399270763600658,1.6094108005767058,23.577568028932724
98.17,-0.5186131005132646,1.5639490899138708,22.94732792093922
98.18,-0.3223250051564166,1.526175599614038,22.337109052067145
98.19,-0.14789085915849307,1.4972410960874134,21.745846451281917
98.2,0.007651689320478633,1.4779560800366898,21.172616085933615
98.21000000000001,0.14704744982583798,1.4688805889858187,20.616619960148803
98.22,0.2728242777158509,1.4703987948578907,20.077170969059214
98.23,0.38730005515001686,1.4827804994094234,19.5536789054719
98.24000000000001,0.4925943064630609,1.5062315012222036,19.04563838190529
98.25,0.5906430365039628,1.5409346360529266,18.552619019433667
98.26,0.6832156772243938,1.587083103349982,18.07425800460134
98.27,0.7719332780897085,1.644907500528027,17.610254979092886
98.28,0.8582872844022017,1.7146978013695087,17.160369167934515
98.29,0.9436584191434574,1.7968213398655426,16.724418644616037
98.3,1.0293353230437783,1.891737697551641,16.302281657337605
98.31,1.1165327184892275,2.0000112409072477,15.893899987275795
98.32000000000001,1.2064089493334205,2.1223219144465606,15.499284369461794
98.33,1.3000828139229095,2.259474762539393,15.118522074902522
98.34,1.3986496553436467,2.4124085256861,14.751786826483055
98.35000000000001,1.5031967031328608,2.5822035309461384,14.399351299900962
98.36,1.6148176759325343,2.7700889665029194,14.061602544097312
98.37,1.7346266555769927,2.9774494907971563,13.739060743266915
98.38,1.8637712299731088,3.205830969757559,13.432401834118144
98.39,2.003444874113219,3.4569449522301268,13.142484586244663
98.4,2.154898494028486,3.732671272619486,12.870382847231621
98.41,2.319450994801969,4.035057897588881,12.617423741762162
98.42,2.4984986471268775,4.3663167944585854,12.385232685842233
98.43,2.693522912241357,4.728814174108711,12.175786117812581
98.44,2.9060962359183433,5.1250529298104786,11.991472833200797
98.45,3.1378851306079416,5.557644433220402,11.835164705085454
98.46000000000001,3.390649621545461,6.0292660383970675,11.710297323773947
98.47,3.6662378274272616,6.542599667889389,11.620960625894739
98.48,3.966574068854097,7.100245708019538,11.57199880207574
98.49000000000001,4.29363843959051,7.704605144644595,11.569117537982002
98.5,4.649435233015657,8.357721491383655,11.618994778866377
98.51,5.035946995031754,9.061072738351392,11.729388494110404
98.52,5.45507029904033,9.815302534534252,11.90923110250659
98.53,5.908528661902478,10.619879535240614,12.16869504061147
98.54,6.3977574418119625,11.472674960103342,12.519207206224316
98.55,6.923755247474266,12.369451888750035,12.973381640856852
98.56,7.486896604342841,13.30326700148626,13.544830134400216
98.57000000000001,8.086701748205629,14.26379802169459,14.247800386977941
98.58,8.721561962565634,15.236629871935584,15.096582924556243
98.59,9.388423474651782,16.202561067404417,16.104624601173526
98.60000000000001,10.082440246149705,17.13702951707294,17.28329355926475
98.61,10.796616569000067,18.009801451043916,18.64026514038377
98.62,11.521474267045303,18.78511185066165,20.17754856278358
98.63,12.244795618102554,19.422476182317624,21.889256788332766
98.64,12.951509408288766,19.878390645843357,23.759337323219018
98.65,13.623799336047211,20.109075527148175,25.75961753632089
98.66,14.241514801095715,20.074269968564813,27.848643213220065
98.67,14.782946485278709,19.74184950285612,29.9718514527727
98.68,15.225987176817316,19.092737590340192,32.063554960920044
98.69,15.54963155541012,18.12529402469949,34.0509736940784
98.7,15.735685990810426,16.85820183900665,35.860130907618164
98.71000000000001,15.770480363399903,15.330958603290776,37.42291480440857
98.72,15.646325065538141,13.601465973300922,38.68415605799555
98.73,15.362461865630628,11.74084306656554,39.60737618108083
98.74000000000001,14.925327031965203,9.826278178779274,40.178049059781834
98.75,14.348066468125456,7.933233117194296,40.40376873418071
98.76,13.649382620043054,6.128435630668676,40.31145225113846
98.77,12.85191070156199,4.464803319775232,39.94236742421654
98.78,11.9803855014833,2.978870864404837,39.34614607005534
98.79,11.059858863314528,1.69066673882813,38.574947130752996
98.8,10.114173286916868,0.6055090718870664,37.67864437149507
98.81,9.164814108940574,-0.28303553648520885,36.70148913306133
98.82000000000001,8.230178124582096,-0.9897734667409591,35.68029782166691
98.83,7.325229494367625,-1.5346607601305617,34.64393436786232
98.84,6.461472590524414,-1.9400854606258433,33.613725178668986
98.85000000000001,5.647155072754835,-2.228800355587896,32.604431850955926
98.86,4.887616671039083,-2.4225018517090158,31.625467884518645
98.87,4.185712220219734,-2.54096491593531,30.68213533939455
98.88,3.5422548577083504,-2.6016098103472225,29.77674522749428
98.89,2.9564424796099322,-2.6193761698476337,28.90955589621301
98.9,2.4262451386846164,-2.6067977039525845,28.07951249206566
98.91,1.94874220162905,-2.5741948588051,27.284799935113117
98.92,1.5204058565953487,-2.529926277820527,26.523236397691452
98.93,1.137332526996366,-2.4806596168578,25.792538989402082
98.94,0.7954265896440358,-2.4316372927912635,25.090492265279806
98.95,0.49054215375436744,-2.3869233969259107,24.415046203808068
98.96000000000001,0.21858905147349783,-2.349625113246552,23.764365311357903
98.97,-0.02439099501709066,-2.322086457532271,23.136845571235284
98.98,-0.24217256431925388,-2.3060547966356926,22.531111600622342
98.99000000000001,-0.43831425987202444,-2.302822040624584,21.946002804663262
99.0,-0.616141819010297,-2.3133430726262025,21.380554532931008
99.01,-0.77874311080288,-2.338334196682723,20.83397816563157
99.02,-0.9289721231077683,-2.378354339623146,20.30564256557432
99.03,-1.069459567528551,-2.433871560668004,19.795058303679134
99.04,-1.2026281879666194,-2.505317174304421,19.301865388960355
99.05,-1.330711246909301,-2.593129518541003,18.825824814961827
99.06,-1.4557729887509612,-2.69778912341872,18.366813999044677
99.07000000000001,-1.5797301475285892,-2.8198467636736395,17.92482608175227
99.08,-1.7043737836965582,-2.959945618121949,17.499973028449638
99.09,-1.8313909067224894,-3.1188385061275405,17.09249250406696
99.10000000000001,-1.9623854723856056,-3.2974009253988386,16.70275855247614
99.11,-2.098898439874183,-3.4966403705677895,16.33129618955459
99.12,-2.2424266373598982,-3.7177021623028548,15.978800102237452
99.13,-2.394440217956679,-3.961871754523326,15.646157725939483
99.14,-2.5563984921305547,-4.230573203721231,15.33447704123232
99.15,-2.7297638979659666,-4.525363169318911,15.045119478012996
99.16,-2.9160138164225633,-4.847919456223614,14.779738329150055
99.17,-3.1166498530252893,-5.200022698588708,14.54032303857764
99.18,-3.333204087581593,-5.583529306031841,14.329249617015995
99.19,-3.567241636058457,-6.000333241234498,14.149337218632876
99.2,-3.8203586699253975,-6.452313567267768,14.003910538695148
99.21000000000001,-4.094174794771056,-6.941264000556593,13.89686710536751
99.22,-4.390318400222426,-7.468799954999146,13.83274766065855
99.23,-4.710403259226533,-8.036237816703796,13.816806559819137
99.24000000000001,-5.05599428544169,-8.644440543266853,13.855077352113627
99.25,-5.428559972926916,-9.293623297298971,13.954426316342854
99.26,-5.829408680164906,-9.983112952515238,14.122583597745944
99.27,-6.2596056442835515,-10.711056323738365,14.368137657479858
99.28,-6.719867520988653,-11.474074388472497,14.700474031674212
99.29,-7.210431488645589,-12.266864266147085,15.12963412779105
99.3,-7.730896736199154,-13.081758116985776,15.666064512187502
99.31,-8.280037740480058,-13.90825927218884,16.32022291340549
99.32000000000001,-8.85559144524651,-14.732591492204634,17.10200571640827
99.33,-9.45402460959073,-15.537317383251752,18.019965619604722
99.34,-10.070293452844428,-16.301105616589048,19.080300744262882
99.35000000000001,-10.697615327379154,-16.99875063573308,20.285621631194996
99.36,-11.327281114923363,-17.601567125791114,21.633543487833403
99.37,-11.948546300099336,-18.07828549188684,23.115208667901385
99.38,-12.54864624874785,-18.396552101285632,24.71391465172012
99.39,-13.112984153656436,-18.525077087442277,26.404093992880394
99.4,-13.625534779831291,-18.43636603232074,28.15094372180937
99.41,-14.069490118977804,-18.109824914595873,29.911003951408933
99.42,-14.428142610882507,-17.53486445500302,31.633910236737567
99.43,-14.685959466611804,-16.71349552003198,33.26537623642584
99.44,-14.829754449834624,-15.661859369623462,34.75121599970705
99.45,-14.849822541597382,-14.41022506841655,36.0419407106169
99.46000000000001,-14.740881687534126,-13.001225553424494,37.09724635574528
99.47,-14.502675208632027,-11.486451840222063,37.889633744702344
99.48,-14.140131615862927,-9.921886621334387,38.40652163989683
99.49000000000001,-13.663047972761573,-8.362918250739211,38.65051077121654
99.5,-13.085341766667117,-6.859746787959191,38.63784512309378
99.51,-12.423984089890483,-5.453857080010284,38.39547539051636
99.52,-11.697767355983698,-4.175946878742261,37.95735298932828
99.53,-10.926066881986838,-3.045363430532694,37.36062499516434
99.54,-10.127731272760496,-2.070821010179543,36.64228258628502
99.55,-9.320193034449167,-1.2520063688386953,35.83660582891106
99.56,-8.51884191069227,-0.5816394144320466,34.97352382638745
99.57000000000001,-7.7366603854037415,-0.04761349088711786,34.07782957883257
99.58,-6.984090101575201,0.3650523773004748,33.16907968674845
99.59,-6.2690811637855335,0.6725999636410395,32.26196848978157
99.60000000000001,-5.597271491390616,0.8913093335210883,31.366976303143908
99.61,-4.97224699034892,1.036651393768898,30.491129725594178
99.62,-4.395841583746201,1.1227612505203723,29.63875964609909
99.63,-3.8684460682254764,1.162163406632411,28.812187209172183
99.64,-3.3893043366572857,1.1656805681863025,28.012303546025727
99.65,-2.9567836484568404,1.1424668662343518,27.23903402648472
99.66,-2.568611951535645,1.1001184588558865,26.49169322029138
99.67,-2.2220798074820847,1.0448265946672701,25.769244833788303
99.68,-1.9142075044184335,0.9815487032693451,25.07048389041323
99.69,-1.6418797922378685,0.9141813855007569,24.394158289536932
99.7,-1.4019516633542763,0.8457253525825812,23.73904505488185
99.71000000000001,-1.1913289994080698,0.7784367263998904,23.103994048476515
99.72,-1.007027920311792,0.7139620597615254,22.487949278954172
99.73,-0.8462164592173356,0.6534563391564403,21.889955502162476
99.74000000000001,-0.7062418509371778,0.5976844023235045,21.30915574568612
99.75,-0.5846463316427659,0.5471068749447892,20.744783725407807
99.76,-0.47917394804749686,0.5019520756466856,20.196153839394164
99.77,-0.3877704907405075,0.46227547474425934,19.662650471225387
99.78,-0.30857831307664757,0.42800829955031605,19.14371765110486
99.79,-0.23992748071342918,0.3989968100273622,18.638849649918953
99.8,-0.1803244195162714,0.37503365696053204,18.14758276695
99.81,-0.1284389903493119,0.35588260227322094,17.66948837310328
99.82000000000001,-0.0830907158825642,0.34129774122900053,17.204167154162864
99.83,-0.04323471382128597,0.331038227574035,16.751244436694556
99.84,-0.0079477494055058,0.32487937038850845,16.310366453538048
99.85000000000001,0.023585295910812487,0.32262084860964513,15.88119740262336
99.86,0.05208433644044402,0.3240926775299045,15.463417162595803
99.87,0.07818624651587637,0.3291594617850875,15.056719545095152
99.88,0.10245620736769373,0.33772338151180276,14.660810982466161
99.89,0.12539821233890425,0.3497262821219132,14.275409568757105
99.9,0.14746474046872418,0.36515117287550325,13.900244389774961
99.91,0.1690656338229785,0.3840233843149864,13.535055094124116
99.92,0.1905762320887774,0.40641158873140903,13.179591671436249
99.93,0.21234483040569138,0.43242885020837346,12.833614416557573
99.94,0.23469953445541486,0.46223384046990196,12.496894069609553
99.95,0.2579545915461831,0.49603233281926107,12.169212131977476
99.96000000000001,0.2824162786887625,0.534079068021871,11.850361367844865
99.97,0.30838842918529985,0.5766800722453039,11.540146510337712
99.98,0.33617767861596315,0.6241954973766286,11.23838520114185
99.99000000000001,0.36609850976363034,0.6770430475063651,10.94490920310059
